fc_num,contact_date,street,city,zip,circumstance,basis,key_situations,vehicle_type,n_people,n_black,n_white,n_other,n_frisked,narrative,was_frisked
FC25000417,2025-01-20 21:28:00,,BOSTON,2121,Stopped,Probable Cause," Body Worn Camera, Other Agency/Unit Notified, Gang",Suv (sport Utility Vehicle),2,1,0,1,1,"On Wednesday January 29, 2025, I, Boston Police Department Detective Terrence Burke (H804) while investigating a ADW: Firearm matter (ref I#252077858) became aware that a 2015 Audi Q5 bearing MA Reg XXXwas a vehicle that was damaged by gunfire.   Through investigatory efforts I became aware that on Monday January 20, 2025 at about 21:29 hrs Massachusetts State Police H-6 (South Boston) Troopers Michael Clifford #4457 and Matthew Hickey #3969 observed a 2015 Audi Q5 color black bearing MA Reg XXXoperating at a greater than reasonable speed and in a reckless manner. The Troopers observed the motor vehicle not stop at all for a red light at Columbia Road and Dorchester Avenue.The Troopers were eventually able to effectuate a motor vehicle stop and discovered the operator of the 2015 Audi Q5 to me MrXXX.  This report is to associate MrXXX with the 2015 Audi Q5 bearing MA reg XXXand the registered owner Ms.XXX",1
FC25000292,2025-01-20 17:50:00,HARVARD ST,DORCHESTER,2124,Stopped,Probable Cause, Body Worn Camera,Passenger Car/ Automobile,1,0,0,1,0,"T/S VALS (90/14B) MA REG XXX2015 Brown BMW 328XI at XXXHarvard St.  Operator: XXX (DOB XX/XX/XXXX(O f/a and 94C)   Officer observed the operator fail to signal conducting a U-turn at XXXBlue Hill Ave and fail to signal turning onto Vesta Rd. While on Vesta Rd the Officer observed the operator to quickly hand an unknown individual something in the vicinity of XXXVesta Rd. The vehicle then failed to signal turning left on Harvard St where the vehicle was stopped.  Operator was cordial throughout the entirety of the stop. When asked about quickly handing something to the individual, he stated he has a friend who lives on that street and was dropping something off.   FIO for intel   C425F (Williams)",0
FC25001528,2025-04-09 19:42:00,WENDOVER ST,DORCHESTER,2125,Stopped,Probable Cause," Body Worn Camera, Gang",Passenger Car/ Automobile,3,3,0,0,1,"About 7:42 PM, Wednesday, April 9, 2025, Officer D. Kennedy, assigned to the B411F, observed a new model KIA (Cali Reg XXXoperating without headlights on Dudley Street. Vehicle was stopped and Driver was identified as XXX) and the passenger was identified as XXX (front passenger) and XXX (rear passenger).   XXXwas arrested due to a default warrant out of East Boston District Court. CJIS revealed XXXhad open charges for F/A, both out of Roxbury District Court. XXXwere released from the scene.  The BK02F (P.O. Gannon, P.O. Bertocchi, & P.O. Gelinas) assisted.",1
FC25000392,2025-01-27 06:00:00,WALLEY ST & GLADSTONE ST,BOSTON,2128,Stopped,Intel, Body Worn Camera,Passenger Car/ Automobile,1,0,1,0,0,"About 6pm on Monday, 01/27/25 Officer Jimenez was parked on Saratoga Street and observed a Gray BMW at Saratoga Street and Trident Street, with Massachusetts Registration XXXmatching the description from a bolo that went out about one hour prior by the state police. Officer Jimenez lost sight of the vehicle. Officers Hassan and Carvalho located the vehicle pulled over on Walley Street and conducted a motor vehicle stop to FIO the individual.  During the stop Officers Hassan and Carvalho identified the operator to beXXXwho is also the registered owner of the vehicle in question.  Officers then contacted state police Middleboro to inform them of the stop and confirmed, the operator was the registered owner of the vehicle.   During the stop the operator was confrontational.   The operator was released forthwith.  FIO for documentation purposes.",0
FC25005503,2025-10-11 22:30:00,RIVER ST,HYDE PARK,2126,Stopped,Probable Cause, Gang,Passenger Car/ Automobile,1,0,0,1,1,"About 10:30pm on 10/11/25, Officer Wirkkala (Z437) and Ellsworth (Z430) of the Boston Housing Police investigated an illegally parked vehicle at XXXRiver St, Hyde Park.  Officers observed an EAN holdings black Hyundai Sonata (MA reg: XXX) double parked behind two cars, turned on and idling, in the Hassan Development parking lot. Officers made contact with the driver, identified asXXXDOB: XX/XX/XXXXA CJIS inquiry confirmedXXX drivers license status was suspended. While speaking with XXXhe self admitted to officers he XXX XXXhas 47 on the adult BOP including, Armed Assault to Murder (2016), numerous Firearm charges as well as guilty convictions (2009, 2015), numerous Poss W/ Intent to distribute Classes A, B, & D with a guilty conviction on a Distribute/Dispense Class B (2017), Kidnapping, Guilty conviction on A&B DW, Suffocation /Strangulation, A&B FAM/HSE MEM (2021), among others.   XXXgave officers permission to frisk him as well as search the motor vehicle, which yielded negative results.   FIO to associate XXXwith the motor vehicle.   Wirkkala (Z437) Ellsworth (Z430)",1
FC25004592,2025-08-23 03:09:00,,BOSTON,2121,Stopped,Probable Cause," Body Worn Camera, Gang",Passenger Car/ Automobile,1,1,0,0,0,"Encounter/Intel   Officers on today's date, attempted to stop MA REG XXXGray Ford Escape. The Vehicle refused to stop even after Officers activated their lights and sirens. The aforementioned vehicle almost struck a Boston EMS ambulance while traveling on Columbia Road.   Operator was identified as XXXmultiple 94c charges, ABDW). XXXupon stopping immediately jumped out of the vehicle and was verbally combative with all Officers on scene.  XXXwas placed under arrest for VALS.   FIO to associate with vehicle.   C111A (Koopman/O'brien).",0
FC25005564,2025-10-16 01:17:00,ALGONQUIN ST,DORCHESTER,2124,Stopped,Probable Cause," Shots Fired, Body Worn Camera",Passenger Car/ Automobile,3,3,0,0,3,"R/C for ShotSpotter Activation at XXXWashington St, Dorchester.  Officers observed a 2025 gray Toyota Camry (NY REG XXXturn off Washington St onto Algonquin St at a high rate of speed before abruptly parking, blocking a fire hydrant outside of XXXAlgonquin St. Once parked both the driver and rear passenger immediately exited the vehicle attempting to distance themselves from M/V. Subject stop conducted at above address.  Subject 1:XXXDOBXX/XX/XXXX(BOP: A&B household member, multiple FIOE’s with associates with F/A related offenses). XXXwas wearing glasses, a black hooded sweatshirt, and black jeans. XXXwas cooperative with officers and stated he observed a group of juveniles in the area of the shots fired but did not hear any shots or see a firearm.  Subject 2: XXX XX/XX/XXXX(BOP: Open firearm and resisting arrest charges). XXXwas seated in the passenger seat and initially appeared nervous and refused to make eye contact with officers. XXXwas wearing a black “puffer” jacket, and black sweatpants.  Subject 3: XX/XX/XXXX(No BOP, FIOE’s with known XXXas well as in the area of multiple shots fired calls). XXXwas wearing a gray/black beanie, dark colored hooded sweatshirt and jeans.  All three subjects were cordial with officers throughout interaction.  Due to the nature of the call, the subject’s behavior, and subject’s attempt to distance themselves from the M/V, officers feared they may be in possession of a firearm. A pat frisk was conducted of the subjects and vehicle yielding negative results. Officers canvassed flight path of M/V also yielding negative results. FIOE’D and released.  FIOE To associate all parties with M/V and area at time of ShotSpotter activation.  H202A (D.Foley/Zammito)",1
FC25002584,2025-05-25 01:48:00,,DORCHESTER,2121,Stopped,Probable Cause, Body Worn Camera,Passenger Car/ Automobile,1,1,0,0,1,"About 1:48 AM on Sunday, 05/25/2025, Officers assigned to District B-3 conducted a traffic stop for a broken headlight (MGL 90/7), expired inspection sticker (MGL 90/20), and expired registration (MGL 90/9) on a gray colored 2009 Cadillac CTS bearing MA Reg. XXXin the area of Harvard Street and Norwell Street, Dorchester.  Driver identified as XXX (DOB XX/XX/XXXXPrior F/A  Upon approach of the vehicle Officers observed a small scale, commonly used to weigh quantities of illicit substances for distribution purposes, on the back driver's side floorboard partially concealed by the front driver's seat. Due to the presence of the scale and the expired registration, an exit order was issued. A frisk of the vehicle for weapons and/or contraband yielded negative results. A female Officer was requested to the scene to conduct a pat frisk of XXXperson which also yielded negative results. The carpet attached to the center console was easily manipulated on both the driver and passenger side, leading to natural voids beneath both sides of the center console.  Written warning issued for the above offenses, XXXwas advised to pull the car into a legal spot and to sort out the registration of the vehicle before driving it again.  C112A (Parlon/Ashe)",1
FC25001675,2025-04-15 22:26:00,,BOSTON,2124,Stopped,Reasonable Suspicion ,,Passenger Car/ Automobile,4,4,0,0,4,"T/S of MA REG: XXX(2022 Kia Sedan White) for excessive tint (90/9D)  Operator:XXX (DOB: XX/XX/XXXX Front Passenger: XXX (DOB: XX/XX/XXXX Rear Passengers: XXX (DOB: XX/XX/XXXXand XXX(DOB: XX/XX/XXXX While speaking with occupants, Officers observed the occupants of the vehicle to be very nervous. XXXkept both arms crossed across his torso, refused to speak or look at Officers, and his heartbeat was visibly noticed beating through his oversized puffy jacket. XXXstated that he did not have an ID on him (later determined to be false) and provided Officers with the name ofXXXwhich revealed no results. XXXappeared very uneasy and was pulling on his facial hair while attempting to avoid eye contact with Officers. Due to the uneasy behavior displayed by all 4 occupants, Officers told XXX to turn the car off, which he refused to comply with at least 5 times.   Based on observations made, Officers conducted a pat-frisk of all occupants and the vehicle for weapons, which yielded negative results. The front driver side window was measured at 14% VLT and the rear driver side window was measured at 15% VLT using the Enforcer II tint meter. MA Uniform Citation XXXwas issued to XXX in hand. Once outside of the vehicle XXX became confrontational and argumentative with Officers, and requested their names and badge numbers, which were provided. All parties were then FIO'd and released.  CK02F",1
FC25000927,2025-03-07 23:15:00,WOODBOLE AVE,MATTAPAN,2126,Stopped,Reasonable Suspicion , Body Worn Camera,Passenger Car/ Automobile,1,1,0,0,1,"T/S XXXWoodbole Avenue of MA REG XXXfor 89/9  CJIS inquiry revealed 93 recent inquires, BOLO city wide to no avail  Operator - XXXXX/XX/XXXX- No BOP  Consent search revealed negative findings   FIO for intel   C111F (Cox/ D'addieco)",1
FC25002920,2025-06-06 18:40:00,,BOSTON,2126,Stopped,Probable Cause, Body Worn Camera,Passenger Car/ Automobile,1,0,0,1,0,"TS on Ma Reg: XXXfor no left turn at the intersection of Morton St and Courtland Rd.  Operator identified as XXX (activeXXXprior F/A & 94c on Bop)  XXXwas cordial with officers during the stop and informed officers that the rental belonged to his ""uncle"" who officers knew to be XXXfrom a prior traffic stop.   Verbal warning issued for the violation  FIOE to associate XXXwith the vehicle  CT55F (Bailey)",0
FC25002381,2025-05-16 02:30:00,,DORCHESTER,2124,Stopped,Probable Cause," Body Worn Camera, Gang",Suv (sport Utility Vehicle),5,5,0,0,5,"TS 02:30 Talbot / Southern Ave for Tint violation (Ch90/9D) of 2017 White Honda Pilot MA reg XXXThe FollowingXXX (prior F/AsXXX (prior F/As)  XXXt (prior F/As)  XXX (prior F/As)  Officers observed Mr. XXX""sleeping"" in the far back seat of the vehicle. Officers also noted him shifting his waist band around when officers told him to wake up. Officers also noted a fanny pack at Mr. XXXfeet (driver)  Based off these observations officers asked all parties to exit the vehicle. All parties refused to exit the vehicle and locked the doors. After speaking with officer's, they all agreed and stepped out one at a time. All parties and vehicle frisked. All parties were confrontational with officers. Mr. XXXrepletely told officers that if he had anything on him, he wouldn't have pulled over for officers.   Verbal Warning issued  C112A (Belanger/Fawkes)",1
FC25003508,2025-07-06 03:28:00,COLUMBIA RD,SOUTH BOSTON,2127,Stopped,Probable Cause, Body Worn Camera,Suv (sport Utility Vehicle),1,1,0,0,1,"3:28AM T/Stop of MA Reg XXX(Expire Inspection Sticker 90/20) at Day Boulevard/M St.   Op: XXX (Prior F/A, 94C)   Mr. XXXbecame confrontational with officers over the use of a flashlight and looking into his vehicle during the traffic stop. Mr. XXXmade multiple excited utterances about firearms and drugs in the vehicle.   Exit order given. Frisk of the driver and vehicle for weapons to no avail.   Officers are aware Mr. XXXis on Pre Trial Probation with a condition of staying away from XXXOld Colony Ave and the Mary Ellen McCormack Projects. Mr. XXXwas not observed in that vicinity but did drop off an unidentified female in the vicinity of the Old Harbor Projects.  Verbal Warning for VALS.   FK01A (Walsh/Hill)",1
FC25005761,2025-10-25 17:09:00,WENSLEY ST,ROXBURY,2120,Stopped,Reasonable Suspicion ,,Passenger Van,1,1,0,0,0,"About 1740 hours Sgt. Det. DeVito (B982) went to XXXBucknam Street to check on a pending 911 call for loud music coming from a white van for hours. As she turned onto Bucknam Street she heard loud music coming from the area of Wensley Street and Bucknam Street and observed a white Toyota Sienna van XXXparked on Bucknam Street. She observed a music speaker on the back stairs of the corner residence, which was XXXWensley Street, but the stairs are on the Bucknam Street side. Loud music was coming from the speaker. She exited her unmarked cruiser to locate the owner and observed a black male sitting in the open rear passenger door of the Sienna.   He said his name was XXXand he was enjoying music for Halloween. He was told there was a 911 call about the music and the music was in fact unreasonably loud due to the use of the speaker and could be heard down the street. He was asked to turn it down or to move closer to the speaker or inside to avoid additional 911 calls. XXXwas initially upset and confrontational and said the neighbors have complained before, and said he would not turn it down, but ultimately agreed to turn the music down. He then changed his mind and said his mood was ruined and he shut the speaker completely off. He was advised to keep it at a reasonable level in the future to avoid an issue with disturbing the peace. In the end he shook Sgt. Det. DeVito's hand and was more cordial.  A CJIS query of the vehicle confirmed the male was XXXXXX(DOB: XX/XX/XXXXXXXhad a non-extraditable warrant out of Tarrant County Sheriff's Office, Forth Worth, Texas, for possession of marijuana (NIC XXXOCA XXXFIO completed to document the stop and warrant.",0
FC25003358,2025-06-27 22:30:00,SAINT ALPHONSUS ST,ROXBURY,2120,Stopped,Probable Cause," Body Worn Camera, Gang",Passenger Car/ Automobile,4,4,0,0,3,"T stop for VALS (speeding, no front plate, excessive tints) at XXXSt alphonsus.  Operator identified as XXX  Passengers identified as XXX  Officers observed several open containers of alcohol within the back seat, as well as extremely nervous behavior exhibited from XXXDue to officers observations, All occupants were removed and frisked for weapons with negative results. XXX was just recently released for firearm offenses.  Verbal warning issued for traffic offenses. FIO'd and released.  BK03F OBRIEN/KERIN/RYAN/MCQUAID",1
FC25005480,2025-10-11 00:37:00,ROSEDALE ST,DORCHESTER,2124,Stopped,Reasonable Suspicion ," Body Worn Camera, Gang",Passenger Car/ Automobile,2,2,0,0,2,"Officers were on patrol in the area of Rosedale St. when they observed a black male wearing all black exit XXXRosedale St. pinning his left arm to his body. As officers were driving by in their unmarked cruiser the male later identified as XXX(DOB: XX/XX/XXXXimmediately took notice of the cruiser and turned back around as if he was heading back to XXXRosedale. Believing XXXcould be armed with a weapon specifically a F/A officers exited their cruiser and conducted a stop and a pat frisk for weapons to no avail. XXXBOP consists of ADW with F/A, Armed Assault to Murder.  Officers then observed a White Toyota Corolla parked across the street with an unidentified female and a male later identified asXXX (DOB: XX/XX/XXXXXXXPrior F/A sitting in the back passenger seats. When asked whose vehicle it was XXXstated it was his boys who officers later found out the vehicle was rented by XXXDue to observations on scene officers conducted an exit order. Occupants and M/V frisked to no avail.  FIO'd to associate occupants to M/V.  CK02A (McPherson, O'Neill, Calabrese) C907 (Sgt. MacDonald)",1
FC25001907,2025-04-27 18:53:00,,BOSTON,2124,Stopped,Reasonable Suspicion ," Body Worn Camera, Gang",Suv (sport Utility Vehicle),2,1,1,0,0,"Tstop of a green Honda Accord Hatchback XXXfor marked lanes violation (89/4A) and excessive tints (90/9D) at the intersection of Washington Street and Park Street, Dorchester.  Operator - XXX)  During the traffic stop, XXXwas on FaceTime with the registered owner of the vehicle XXX showed up on scene at the traffic stop and was extremely confrontational with the officers.  Citation issued via MACCS.  FIO for intel and to associate the operator with the vehicle.  C113F (Walsh/Marcinkevicius)",0
FC25003020,2025-06-11 20:37:00,BAIRD ST,DORCHESTER,2124,Stopped,Probable Cause, Body Worn Camera,Passenger Car/ Automobile,1,1,0,0,1,"YVSF - 8:37PM XXXBaird St TS XXXfor window tints  The vehicle was driven by XXX who stated the car was his father's. XXXhas multiple documented associations with known XXX   Numerous on-scene observations by officers were captured and explained on BWC, leading to an exit order and pat frisk of the person and vehicle, yielding negative results. Officers issued a verbal warning for the window tint and an open container of marijuana. XXXreports he has applied for his LTC out of Brockton and works security at Dimock Hospital.",1
FC25004950,2025-09-11 10:58:00,ROXBURY ST,ROXBURY,2119,Stopped,Probable Cause, Gang,Passenger Car/ Automobile,2,2,0,0,1,"YVSF intel - VK23  Officers observed a gray Honda Accord MA reg: XXX pulling out of the rear parking lot opposite XXX Roxbury Street. Officers recognized the operator as XXX, whom they knew to have a suspended license. Furthermore, XXX was in the exact area that rival XXX and sometimes congregate daily. Officers approached the vehicle on foot and stopped it without incident.  Fearing XXX was in the area looking for rival gang members, he and the vehicle were frisked with negative results. He was advised to fix his license status, and his girlfriend and registered owner XXX - XXXSmith Street, Mission Main) took custody of the vehicle.   XXX was calm. Per usual he was very respectful and complied with all direction. Officers noted a large XXX chain on around his neck (XXX), and a memorial pin for deceased XXX member XXX on his chest.",1
FC25000782,2025-02-25 01:58:00,SCHOOL ST,DORCHESTER,2124,Stopped,Probable Cause," Body Worn Camera, Gang, Auto Investigator, Drugs",Passenger Car/ Automobile,4,4,0,0,4,"T/S for VAL (expired registration) on a 2016 black c-class Mercedes Benz FL REG: XXXat XXX School St.   Operator: XXX (DOB: XX/XX/XXXX  Front Seat Passenger:XXX (DOB: XX/XX/XXXXPrior F/As, XXX.  Rear Passenger Side: XXX (DOB: XX/XX/XXXXXXX.  Rear Drivers Side:XXX(DOB: XX/XX/XXXXDistribution Class A and B.  During encounter XXXwas very argumentative with officers at one point was getting into officer's faces screaming. XXXwas recorded on BWC saying on the phone "" They better pray that they don't find that shit on me I'm gonna give them a run for they money, on dawgs I'm not catching a 5th gun charge it's gonna be a smoke show"".  During MV inventory Officers recovered 31 designer bags of marijuana from XXXwhich she was trying to conceal from officers during TS.  XXXwill be summonsed to court for intent to distribute class D.  Citation issued to XXXand MV towed.  FIO'd to associate all occupants with MV.  CK01A (McPherson, O'Neill)",1
FC25000860,2025-03-02 16:49:00,,DORCHESTER,2131,Stopped,Reasonable Suspicion ," Gang, Body Worn Camera",Passenger Car/ Automobile,2,0,2,0,0,"Traffic Stop of a white Infinity Q70 XXXfor excessive window tints (90/9D) at Morton Street/Canterbury Lane.  Operator:XXXXXXMultiple prior F/A, Armed Robbery, 94c on BOP  Passenger/registered owner of vehicle: XXXPrior F/A and 94c on BOP   Both the operator and passenger were cordial with officers. Verbal warning issued.  FIO to associate the parties together and to associate the operator with the motor vehicle.  C111F (Walsh/Cox)",0
FC25005526,2025-10-13 17:04:00,,HYDE PARK,2136,Stopped,Reasonable Suspicion , Body Worn Camera,Passenger Car/ Automobile,2,2,0,0,2,"In relation to a person with a gun call traffic stop MA XXXat intersection West St. and Hyde Park Ave.   DriverXXX DOB XX/XX/XXXXpassenger (XXXDOB XX/XX/XXXXBoth parties were removed from the vehicle and frisked along with the vehicle. No weapons were found.  DriverXXX) stated that she was coming back after picking up her friend (XXX at St. Elizabeth Hospital and was taking her home. Ms. XXXstated that another vehicle had struck the front of her vehicle while driving area of Cummins Highway and Hyde Park Ave.  Ms. XXX said she just got out of the Hospital and they were driving and someone had struck the vehicle. Ms. XXX stated that after her vehicle was struck, she took a picture of the other vehicle's plate. Ms. XXX stated after the accident she continued to drive outbound on Hyde Park Ave. When officers told her that they observed her car pulling out of Arlington St. and not Hyde Park Ave. she stated that she had stopped to pick up a bag from a friend.   Both parties stated that at no point in time was there anyone else in the car at the time of the incident.   BWC activated.  (L202F Abreu/Prendergast)",1
FC25000161,2025-01-11 00:40:00,HECLA ST,DORCHESTER,2122,Stopped,Reasonable Suspicion , Body Worn Camera,Passenger Car/ Automobile,2,2,0,0,2,"About 00:40 AM on Friday 01/11/25 Officer Canuto in the H498A and Alves in the H436A responded to a radio call for a Breaking And Entering atXXXHecla Street, Dorchester.  Upon arrival Officers encountered and stopped two subjects XXXXX/XX/XXXXand XXX XX/XX/XXXXwho were standing in the drive-way near a Black Honda Civic (Mass Reg XXX Officers frisked the two subjects for any weapons and conducted an FIOE.   A CJIS inquiry was conducted for both subjects to which revealed no active warrants.",1
FC25001873,2025-04-25 18:35:00,THEODORE ST,BOSTON,2124,Stopped,Probable Cause," Body Worn Camera, Drugs",Passenger Car/ Automobile,2,2,0,0,0,"About 6:30pm members of the B3 drug control unit were conducting an investigation into a location of suspected drug activity, omitted due to ongoing investigation. Officers observed a male, later identified as XXX arrive in the area of the omitted location as the passenger of a motor vehicle, 2022 black Honda Civic (MA XXXoperated by XXX Officers observed XXXenter and exit the omitted address in less than five minutes and return to the passenger side of vehicle and leave the area. Officers maintained surveillance of the motor vehicle as it traveled the wrong way on the one way street turning from Callender Street onto Lauriat Street in the wrong direction and turn onto Woodrow Avenue. A request was made via channel three for a traffic stop and the vehicle came to a stop at XXX Theodore Street where the C431F assisted with the traffic stop. Operator, XXXwas issued a written warning for violation of the auto laws (MA uniform citation XXX",0
FC25005651,2025-10-20 00:45:00,BLUE HILL AVE,DORCHESTER,2124,Stopped,Probable Cause, Body Worn Camera,Passenger Car/ Automobile,1,1,0,0,0,T/S  T/S for VALS (plate cover and tints) of MA Reg XXXDriver/Operator identified asXXX (Present at F/A arrest and numerous P Gun calls).  XXXwas cordial with Officers on scene but was anxious and stuttering for the entirety of the stop.  FIO to associate with vehicle.  C421A (Koopman).,0
FC25000760,2025-02-23 21:56:00,WASHINGTON ST,DORCHESTER,2121,Stopped,Probable Cause, Body Worn Camera,Passenger Car/ Automobile,2,0,2,0,0,"TS of a black 2025 Honda Civic (MA REG XXXfor marked lanes violation (89/4a) at XXXWashington Street.  While conducting patrol in the area of Washington Street and Columbia Rd, the aforementioned vehicle unsafely cut in front of officer's cruiser. Officers conducted a traffic stop at the aforementioned address. CJIS query of the vehicle revealed it to be registered to Honda Lease Trust.  Op identified as XXX(DOB XX/XX/XXXX Passenger identified asXXX (DOB XX/XX/XXXXfugitive from justice, armed robbery w/ fa.  Both occupants were argumentative with officers throughout the stop stating that they were harassing them. Both occupants refused to identify themselves initially but eventually provided their information. Both occupants were recording officers and demanding that a supervisor responded to the routine traffic stop.  XXXwas issued a written warning and released. FIO to associate occupants with vehicle.  C113F (Mulrean/Foley)",0
FC25003429,2025-07-01 19:24:00,,ROXBURY,2121,Stopped,Reasonable Suspicion ," Body Worn Camera, Gang",Passenger Car/ Automobile,1,1,0,0,0,"About 7:24 PM on Tuesday, 7/1/2025 Officers observed MA reg. XXX2013 Toyota Camry color white) registered to XXX with window tints beyond the legal limit. Officers observed the operator of the vehicle to beXXXXX prior F/A and Home invasion charges). XXXwas cordial with officers and officers issued a verbal warning to XXXfor the window tints.   BK02F/BK03F (Gilmore/Kadey/Gelinas/Bertocchi)",0
FC25002862,2025-06-04 00:00:00,PORTER ST,BOSTON,2128,Stopped,Probable Cause," Body Worn Camera, Gang",Passenger Car/ Automobile,3,3,0,0,0,"T Stop of MA REG: XXXfor VALs (90/9D) at XXXPorter Street East Boston.   Driver: XXX DOB: XX/XX/XXXXNo Bop and active LTC  Passenger: XXX DOB XX/XX/XXXXno Bop and active LTC  XXX DOB: XX/XX/XXXXBOP consists of Multiple F/A Offenses, Multiple 94C Offenses, ABDW, and Murder. (XXX)  FIO'd to associate individuals with M/V.  GK01F (Nedio/Nepomuceno-Mateo).",0
FC25003756,2025-07-16 00:00:00,,DORCHESTER,2121,Stopped,Probable Cause, Body Worn Camera,Passenger Car/ Automobile,2,2,0,0,2,"TS for window tints (90/9D) of a gray Nissan Maxima (Ma XXXOperator identified as XXX (prior F/A), front seat passenger identified as XXXnumerous F/A, trafficking) and an unidentified back seat passenger. Officers observed both the driver and front seat passenger reaching into the backseat prior to exiting their cruiser. Driver exhibited numerous nervous behaviors, unable to answer simple questions along with his hands profusely shaking. Due to numerous on scene observations officers conducted a pat frisk of all parties and m/v to no avail. Due to the fact the operator stated he was just borrowing a friends vehicle for the day, verbal warning issued for tints.  FIO for intel.  Fantaroni Shetrawski.",1
FC25006563,2025-12-20 19:00:00,,BOSTON,2119,Stopped,Reasonable Suspicion , Body Worn Camera,Suv (sport Utility Vehicle),1,1,0,0,1,"TS for VALS (excessive window tints) MA REG: XXXat the intersection of Dale Street and Laurel Street, Roxbury  Op: XXX(DOB: XX/XX/XXXXPrior F/A, Prior 94C  Officers observed XXXchest rising and falling at an abnormal rate. Officers observed a fanny pack on the rear passenger seat within XXXgrabbing area. Officers observed a large vacuum sealed bag on the rear passenger floor board and other smaller plastic bags inside of the vehicle consistent with drug packaging. Officers issued an exit order of XXX. Pat frisk of XXX/vehicle resulted in negative results. Officers measured XXX tints which resulted with a 16% reading. XXX was confrontational during the exit order but became calm when the Officers explained their observations and actions. XXX was issued a verbal warning.   FIO to document behavior and to associate with vehicle.  BK02F/BK03F (Kadey/ Kovaleski/ O'Brien)",1
FC25004016,2025-07-25 00:00:00,,BOSTON,2124,Stopped,Probable Cause," Reveler, Body Worn Camera",Passenger Car/ Automobile,3,0,2,1,3,"T/S at Blue Hill Avenue and Talbot for (MA REG. XXXa 2006 brown in color Toyota Corolla.  Officers observed the vehicle traveling out of Talbot Avenue towards Westview Street with the front passenger and rear passenger hanging halfway out the window with shiesty's covering their faces. Officers also observed the passengers holding a video recorder while hanging out of the windows.  Officers conducted a traffic stop and prior to exiting their cruiser observed the front passenger reaching or placing an unknown object onto the floor of his passenger seat.   Officers identified the passenger as,XXXXX/XX/XXXXno BOP or prior police interactions within the city of Boston. Rear passenger identified as XXX (DOB: XX/XX/XXXXno BOP or prior police interactions within the city of Boston. Driver identified as XXXXX/XX/XXXXA&B on BOP.   Officers conducted an exit order on all parties and a pat frisk was conducted on the vehicle with negative results of weapons or narcotics.   Officers provided a citation for failure to wear seatbelts (90/13A) to the front and rear passenger.",1
FC25000629,2025-02-14 03:00:00,,DORCHESTER,2121,Stopped,Probable Cause," Body Worn Camera, Gang",Passenger Car/ Automobile,1,1,0,0,1,"3:00 AM T-Stop for VALS (improper lane change, failure to signal, speeding) at Blue Hill Ave/Geneva Ave of MA REG XXX Gray Altima.  Officers observed the vehicle moving at a high rate of speed traveling down Blue Hill Ave in the area of Blue/Columbia, vehicle also failed to use turn signals when making multiple lane changes. Vehicle registered to XXXXX/XX/XXXX.  OP identified as XXX ( XXXMultiple Open F/A and 94C). When asked who the car belonged to, XXXstated that it was a Turo rental and began to act hostile toward Officers. XXXmade multiple eye movements toward the driver side door panel during the interaction. Due to his actions, time of day, and multiple open firearm charges, Officers removed XXXand conducted a pat frisk to no avail. It should be noted that XXXwas carrying two cell phones, Officers are aware that multiple phones are often a component to the sale of drugs, when asked why he stated ""in case one dies"".  FIOE to associate with M/V. Verbal warning issued.  C112A (Fawkes/Belanger)",1
FC25003332,2025-06-27 19:23:00,,ROXBURY,2115,Stopped,Reasonable Suspicion ,,Suv (sport Utility Vehicle),1,0,0,1,0,"About 1923 hours on Friday, June 27th, 2025, Sgt. Det. DeVito stopped a red Mazda SUV XXXon Ruggles Street in front of Wentworth College. The vehicle had bypassed several vehicles in the left turn only lane and went straight across Huntington Avenue.  The operator was identified as XXX(DOB: XX/XX/XXXXA female was in the front passenger seat and a toddler female was in a rear car seat. XXX said he was delivering food using an app. He was given a verbal warning.",0
FC25000603,2025-02-11 18:45:00,,BOSTON,2109,Stopped,Probable Cause, Body Worn Camera,Passenger Car/ Automobile,1,1,0,0,0,TS VALS Milk and Devonshire MA REG: XXX Operator: XXX DOB: XX/XX/XXXX Officers have had multiple interactions with XXXin and around the area of Downtown Crossing. XXXwas cordial with officers and stated he was getting food at Raisin Canes. Officers notified him of his upcoming court dates at BMC.  BOP: multiple F/A and 94C charges. Open distribution chargeXXX  FIO to link vehicle to subject.  AK01F (Entwistle/Travers),0
FC25000226,2025-01-15 00:00:00,,BOSTON,2121,Stopped,Reasonable Suspicion , Body Worn Camera,Passenger Car/ Automobile,2,2,0,0,2,TS for VALS (One Way Violation) of a gray Tesla Model 3 (Ma Reg# XXXOperator identified as XXX and passenger identified as XXX. Due to numerous observations on scene both parties issued exit order. XXXstated the vehicle was a rental and stated he did not know the code to open the glove box. Several minutes later XXXprovided officers with the code and a pat frisk resulted in negative findings. Officers observed numerous memorial items of XXX throughout the vehicle and both stated he was a close friend.  FIO to associate both parties and the M/V.  Written warning issued for one way violation.  Fantaroni/Araujo.,1
FC25002629,2025-05-27 14:30:00,,DORCHESTER,2124,Stopped,Reasonable Suspicion ,,Passenger Car/ Automobile,1,0,0,1,0,"T/S of NY REG: XXXat Blue Hill Avenue and Balsam Street for 89/9 (red light violation) and 90/17 (speeding).  Vehicle is a heavily tinted, black, 2009 Infiniti G37  Vehicle is registered to a XXX(DOB: XX/XX/XXXXof Cambria Heights, New York.  Vehicle fled the stop as soon as officers exited the vehicle.  FIO for officer safety.",0
FC25003128,2025-06-17 20:45:00,BOWDOIN ST,DORCHESTER,2125,Stopped,Reasonable Suspicion ," Drugs, Body Worn Camera",Passenger Car/ Automobile,3,3,0,0,3,"About 9:21 PM on Tuesday, 06/17/25, Officer Barros responded to a radio call to Investigate a Motor vehicle at XXXBowdoin Street, Dorchester (Parking Lot).  Upon arrival, Officer observed a black 2019 Honda Accord (MA Reg XXXparked in the parking lot in front of a ""No Trespassing"" sign that was affixed on the fence. The vehicle was occupied three times. Suspect 3 XXX as the driver, suspect 2 (XXX as the front passenger and suspect 1 (XXX) as the rear passenger (seated directly behind the driver). As Officer approached the motor vehicle, Officer could smell the odor of marijuana and see smoke coming out of the interior of the vehicle. Officer gave all occupants of the motor vehicle an exit order and performed a pat frisk of the motor vehicle and the occupants due to Officer being outnumbered (Officer safety).   It should be known that suspect 2 has prior Firearm and Drugs charges dating back to 2019.  Officer advised the driver that his vehicle was trespassing on a private property and verbally warned him not to come back to that location.  FIO'ed to identify the occupants of the vehicle.",1
FC25004538,2025-08-20 10:41:00,DUDLEY ST,DORCHESTER,2125,Stopped,Reasonable Suspicion , Body Worn Camera,Suv (sport Utility Vehicle),4,2,1,1,0,"For intel purposes   About 10:41 AM on Wednesday 08/20/25, officers responded to a radio call for an Investigative Person / Removal in front of XXXDudley Street, Dorchester.  Upon arrival, officers met with the frequent caller, XXX (DOB: XX/XX/XXXXcurrently occupying the abandoned commercial building space XXX"" at the aforementioned address. XXXstated that he is a current candidate running for Mayor of Boston. XXXfurther stated that he had asked multiple individuals, several times, to stop loitering in front of his building to no avail. XXXstated that he also wanted the individual parked in front of the building removed.   Officers observed two individuals in front of the building who appeared to be under the influence of alcohol, who claimed to be friends, later identified as;XXX (DOB: XX/XX/XXXXXXDOB: XX/XX/XXXX Officers also observed the individual parked in front (Blue 2006 Toyota Hilander, MA REG: XXXsitting in the passenger with the door open, later identified as;XXX(DOB: XX/XX/XXXX Prior Firearm, Class B / Class B Distribute charges.  All parties verbally advised of the ""No Trespassing"" and ""Loitering"" signs posted and acknowledged.  CJIS inquiry on all parties yielded negative results for active warrants.  FIOE'd and released.  B101D (De Leon/Amado)",0
FC25005141,2025-09-22 18:15:00,CONGRESS ST,BOSTON,2110,Stopped,Probable Cause," Body Worn Camera, Gang",Passenger Car/ Automobile,4,3,1,0,0,"At 6:15 PM on 9/22/25, Officers stopped a light blue Honda Accord (MA reg. XXXfor VAL's (excluded way on Wash. Street through DTC) at XXXCongress Street. The following occupants were identified:  Operator: XXX(DOB XX/XX/XXXX- no BOP. XXXwas ready for the Officer with his license on his left leg.   Front passenger:XXX (DOB XX/XX/XXXX- XXX- multiple prior F/A charges and one open F/A case out of Suffolk County Juvenile. He was cordial with the Officer.   Right, rear passenger: XXX (DOB XX/XX/XXXX- XXX- prior F/A charge out of Suffolk County Juvenile. He did not speak to Officers.   Left, rear passenger: XXX(DOB XX/XX/XXXX- XXX- three open F/A, B&E, and MV larceny cases out of Suffolk County Juvenile. XXXwas cordial with the Officer. XXXwas at the Boston Common and XXXTremont Street on multiple occasions over the past five days.   A rear, middle seat passenger - a light skinned, black, possibly Hispanic juvenile - would not identify himself.   FIOE'd to associate all to the vehicle and DTC.   Ostholthoff (AG01F), Petruzziello, Entwistle, Rooney (AK01F)",0
FC25002893,2025-06-05 02:01:00,,JAMAICA PLAIN,2130,Stopped,Reasonable Suspicion ,,Suv (sport Utility Vehicle),1,1,0,0,1,"TS Vals (NO inspection sticker)  As officers approached they observed the driver XXX shoving something into the center console. Officers asked for the registration of the vehicle and the male would not open the center console or glove box and claimed the motion was him looking for registration and that it was at his house. The front passenger was later identified as XXX(No bop)  Officers removed the occupants of the vehicle and observed there to be a black shopping bag with marijuana in the center console. Ms. XXXacknowledged XXXactions and stated ""It's just 14 grams I'm not sure why he did that.""  Mr. XXXcontinually stated to officers that black males do not shoot the police and that officers shoot and kill black males every day. Officers continued to explain their observations which XXXdid not listen to but just kept interrupting them.   Verbal Warning issued.",1
FC25005351,2025-10-02 00:00:00,,DORCHESTER,2124,Stopped,Probable Cause,,Passenger Car/ Automobile,1,0,1,0,1,"Officers were waiting at the light at Morton St and Norfolk St when a gray Honda CR-V (MAREG# XXXpulled along side officers unmarked cruiser and began to berate officers. The operator, XXX(DOB: XX/XX/XXXXthen asked if officers were ICE before reaching to his passenger seat and grabbing a fanny pack. The vehicle then drove off outbound on Morton St and drove through a red light. Officers believing XXXto have just threatened officers and insinuating to having a firearm, as well as his blatant disregard for the red light, conducted a traffic stop at about Morton and Evans St. Officers approached the vehicle and immediately removed the operator due to his motion towards the fanny pack as he yelled at officers and its close proximity to him. Officers identified the operator as XXX(DOB: XX/XX/XXXXafter removing him and frisking his person. XXXoriginally stated he reached for the fanny pack before recanting his story and saying he just had a bad day. Officers frisked the vehicle for weapons with negative results. Officers advised XXXthe dangers of threatening officers and motioning towards bag's while doing so to which XXXstated he understood. When officers informed him they believed he was reaching for a firearm XXXmade a comment about being aware of Police officers getting shot at. XXXwas released from the scene and given a verbal warning for the red light violation. FIOED for intel and to document the behavior.   Coyne/Turner/Shetrawski/Barbosa/Fantaroni",1
FC25000931,2025-03-08 02:00:00,ALABAMA STREET,MATTAPAN,2126,Stopped,Probable Cause, Body Worn Camera,Passenger Car/ Automobile,2,1,0,1,0,Radio call for Loud Music from a vehicle at XXXAlabama St.  MA Reg XXXBlack Ford Fusion  Operator: XXX (No BOP)  Passanger: XXXXX member (Prior F/A on BOP)  XXXwas evasive with identifying himself but then became cordial at the end of the stop.  Verbal warning issued  FIOE'd to link XXXto the vehicle.  C113A (O'Neill/McPherson),0
FC25003740,2025-07-16 12:30:00,WALDEN ST,JAMAICA PLAIN,2130,Stopped,Probable Cause, Gang,Passenger Car/ Automobile,1,0,1,0,1,"On Wednesday, 07/16/2025 at approximately 12:30PM, Housing PO's stoppedXXX in MA REG XXXatXXX Walden st in the Mildred Hailey Development (Bromley Heath) as part of an ongoing firearm investigation.  Officers observed MA REG XXXdrive by them at XXXHeath st and observed XXXoperating the vehicle. Officers, having prior interactions with XXXknew that his license is suspended and a CJIS inquiry confirmed his license to be suspended. Officers caught up to the vehicle atXXX Walden st as XXXpulled into a parking spot and immediately exited the vehicle in a hurry.   Officers stopped XXXand detained him in handcuffs without incident. XXXand the vehicle was frisked for weapons yielding negative results and XXXfurther gave officers consent to search the vehicle; search was conducted with negative results. XXXstated the car belongs to his friend who owns it, and they are the only two who drive it. A CJIS inquiry of MA REG XXXrevealed it to be active, registered toXXXCentre st in the development.   XXXwas explained the reason for the stop, and he was compliant with officers stating he just got off of a 12-hour shift working at Amazon. Officers advised XXXto refrain from operating vehicles until he reinstates his license in good standing and was released forthwith.  FIO to document subject association to vehicle.  Z433 (Barbosa) Z428 (Resil) Z901(Stevens)",1
FC25002894,2025-06-05 20:10:00,,DORCHESTER,2121,Stopped,Probable Cause, Body Worn Camera,Passenger Car/ Automobile,1,1,0,0,1,T/S of a blue honda accord MA REG XXXfor window tints (90/9D) at Columbia Rd and Pasadena Rd.  Operator: XXXDOB: XX/XX/XXXX// O A/B and ADBW)  Officers were aware of a previous incident (I252034442) where the suspect XXX had fled from a domestic dispute. While on scene the suspects father showed Officers a picture of Mr. XXXholding a firearm and stated that he always has it on him and he keeps it in his glove compartment. Officers confirmed the operators identity as the same individual from the incident. Officers also observed the operator to be nervous and stating he was sorry to the officers. Officers issued an exit order and conducted a pat frisk of the suspects person and vehicle yielding negative results.  Written warning issued XXX C111F,1
FC25006386,2025-12-06 17:07:00,MEDFORD ST & OLD IRONSIDES WAY,BOSTON,2129,Stopped,Probable Cause, Body Worn Camera,Passenger Car/ Automobile,1,0,0,1,0,"About 5:05PM on Saturday 12/06/2025 Officers conducted a traffic stop for VALS on a 2010 blue Chevy Cobalt (MA REG: XXXnear the intersection of Medford St and Old Ironsides Way, Charlestown.   The following individual was identified:XXXHistory of F/A charges including discharging a firearm.   XXXwas cordial with officers stating that he was helping his father move a new couch at his fathers residence at Old Ironsides Way. XXXalso stated that he's an electrician and currently living in Wilmington. Verbal warning issued.  BWC activated.   AK01F (Hiltunen/ Marchand/ Rooney)",0
FC25000399,2025-01-28 10:32:00,MILTON AVE & EVANS ST,DORCHESTER,2124,Stopped,Probable Cause, Body Worn Camera,Suv (sport Utility Vehicle),2,2,0,0,1,"TS of MT REG: XXXfor VALs (90/17). Vehicle registered to PV Holding Corp.  OP: XXX (DOB: XX/XX/XXXXXX, previous FAs, Trafficking.  XXXstated his girlfriend, XXX (DOB: XX/XX/XXXXhad rented the vehicle. Ms. XXXarrived on scene and attempted to take ownership of the vehicle.  XXXBOP consists of previous FAs and Poss. w/ Intent.  CJIS query reveals MT REG: XXXto have an expired registration. Vehicle was towed from the scene.  XXXwas placed under arrest for operating with a suspended license and cited for additional VALs. XXXFIOE'd and released.",1
FC25005127,2025-09-22 00:53:00,,BOSTON,2121,Stopped,Probable Cause," Gang, Body Worn Camera",Passenger Car/ Automobile,3,3,0,0,3,"At 12:53am on Monday, 09/22/25, traffic stop of 2018 Infiniti Q50 (MA REG: XXXfor heavily tinted window at Blue Hill Ave and Geneva Ave, Dorchester.   Operator (identified asXXXand is known an active XXXmember with prior F/A bop.  Front seat passenger (identified as XXX is known an active XXXmember with prior Robbery, A&B, B&E bop.   Rear seat passenger (identified as XXX and is known an active XXXmember with prior F/A bop. XXXwas not wearing seat belt.  Officers issued an exit order to conduct Tint Meter Inspector II. It should be noted XXXrefused to exit the vehicle. Officers physically removed and handcuff for officer safety. Officer removed XXXfrom rear seat and refused to let officers conducted frisked by flagging his leg and arm. XXXwas also handcuffed.  All individuals and vehicle were frisked to no aval.  Written citation XXXwas issued for Window Obstructed/Non Transparent * c90 §9D1 and will mailed to XXX Officer Abanoor/Abdi (B201A)",1
FC25004577,2025-08-22 04:47:00,BOSTON ST,DORCHESTER,2125,Stopped,Reasonable Suspicion , Body Worn Camera,Passenger Car/ Automobile,1,1,0,0,0,"4:47am on 08/22/25 Officers Martin and McCarthy F201A stopped XXX near XXXBoston Street, who was observed running away from RI REG XXXa Gray Tesla. The vehicle had the trunk open with no owner nearby. Officers did not see if XXXwas inside of the vehicle. XXX was with another male who gave the name XX/XX/XXXXOfficers could not verify XXXidentity.",0
FC25001191,2025-03-21 21:01:00,,ROXBURY,2121,Stopped,Reasonable Suspicion ," Drugs, Body Worn Camera",Passenger Car/ Automobile,1,0,0,1,1,"On 03/21/2025, T/s FL REG XXX(Rental) for crosswalk violation (89/11) at the intersection of Blue Hill Ave / Quincy St.   Prior to stopping the vehicle, officers observed the operator lunge his body towards the passenger side floorboard area.  Officers made contact with the operator XXX XX/XX/XXXXwho immediately began exhibiting several nervous behaviors to officers such as shaking and not knowing the location of his destination. Exit order issued and XXXattempted to flee the scene in his vehicle unsuccessfully.   Pat frisk revealed excess of 115 grams of packaged narcotics (Cocaine / Fentanyl). Several items such as measuring cups, a portable stove, baggies, and scales were located inside of the vehicle.   XXXwas charged accordingly.     BK02F & BK03F (Kovaleski / Kadey / Gannon / Gelinas)",1
FC25001725,2025-04-17 23:29:00,,DORCHESTER,2124,Stopped,Encounter, Body Worn Camera,Passenger Car/ Automobile,1,1,0,0,1,"TS of a Blue Maserati MAREG XXXat Blue Hill Ave/Paxton St for excessive tint (90/9D). The driver was identified as XXX, who has prior F/A's on his BOP and is anXXXassociate. During the stop Mr. XXXkeep looking around as if someone was looking for him. Mr. XXXthen informed officers that he hates being over here because he can't be seen over here, meaning that he has issues with Franklin Field. Officers then asked why he was over here to which he stated that he was going to his house which was located in Morton St bricks. Due to officers' observations on scene an exit order was issued, and officers frisked the vehicle and Mr. XXXwhich yielded negative results for weapons.  CJIS inquiry of MAREG XXXstated that MSP was looking for this vehicle due to a failure to stop. Officers were then informed by dispatch that this vehicle was no longer wanted.  FIOE to associate the driver with the vehicle.  C111F (D'Addieco/Cox)",1
FC25002598,2025-05-26 09:08:00,SOUTHAMPTON ST,ROXBURY,2118,Stopped,Probable Cause, Body Worn Camera,Suv (sport Utility Vehicle),1,0,1,0,0,"About 9:08 AM on Monday, 05/26/25, Officers Nigrelli and Leonardo assigned to the F684/685D initiated a traffic stop which resulted in the issuance of traffic citations to XXX Officers observed a red Hyundai Tucson XXXwith a hand written Massachusetts license rear plate at Atkins Street/ Southampton Street. Officers while occupying a marked Boston Police vehicle activated emergency lights and conducted a traffic stop at XXXSouthampton Street.   A CJIS inquiry reveled that the vehicle was active and that the suspect had an active drivers license. The suspect stated his vehicle's plates were stolen two weeks ago and will be doing a police report. Officers issued ticket XXX(90/6 and 90/11). Suspect was escorted by police to XXXBrook Avenue Dorchester and removed the plate.",0
FC25000140,2025-01-09 10:30:00,TALBOT AVE,DORCHESTER,2124,Stopped,Encounter, Body Worn Camera,Passenger Car/ Automobile,1,1,0,0,0,"About 10:30 PM on Thursday, January 9, 2025, Officer Smigielski conducted a traffic stop for Failure to Stop at a Stop Sign at XXXTalbot Ave.   Officer Smigielski observed MA Reg XXXfail to stop at a stop sign on Wales Street before taking a right onto Talbot Ave. The Officer conducted a traffic stop at XXXTalbot Ave and identified the Operator as XXX (prior F/A charges and XXX. The Officer asked for the Operators license and registration. After looking through his wallet, the Operator explained he did not have his physical license but was able to provide a picture of it. When the Officer requested the registration again, the Operator explained he does not know where it is because the car belongs to his mother’s spouse. The Officer asked the Operator to look for the registration in which he hesitantly opened the glove box and started pulling out numerous pieces of paper. A CJIS inquiry revealed both the registration and the Operator’s license to be active. The Operator was on the phone with his girlfriend during a majority of the traffic stop. The Operator told the Officer that he was headed home from his girlfriend’s house.   Officer issued a verbal warning.   C421 (Smigielski)",0
FC25002575,2025-05-24 18:51:00,,DORCHESTER,2124,Stopped,Reasonable Suspicion ," Body Worn Camera, Gang",Passenger Car/ Automobile,9,4,0,5,7,"Officers conducted a subject stop of numerous XXX in the rear of XXXFranklin hill Ave and then subsequently in the dirt alley in the rear of Lorne St and Harvard St.   Officers initially had conversation with a group loitering in the rear of XXXFranklin Hill Ave including: XXX XX/XX/XXXX// open F/A violations // active XXX XX/XX/XXXX// open F/A violations)  XXX(XX/XX/XXXX // open F/A violations)  XXXXX/XX/XXXXXXX XX/XX/XXXXXXX XX/XX/XXXXXXXXX/XX/XXXXXXX XX/XX/XXXXXXXX/XX/XXXX Officers were familiar with members of the group, and are aware that they are associates of XXX  One of the males present, XXX just 6 days prior was arrested with a firearm following a dispute with a rival gang during the Haitian Parade at Harambe park. The group had a large picture of deceased XXX, and stated that they were in the process of making a music video in the Franklin Hill housing development. Officers initially had casual conversation with the group.   Shortly after Officers contacted multiple additional Officers in order to re-engage the group without being outnumbered and to have an additional encounter. Officers are aware that none of the members of the group reside in the Franklin Hill development, and there was growing concern for violence from the residence in regards to the groups presence. Officers are also aware of the presence of illegal firearms historically during gang music videos. Officers made a plan in order to safely re-engage the group safely.   Officers observed the group move to the rear of Lorne St and Harvard St and Officers were safely able to stop the group. Officers speaking with the group who had no reason for the abrupt change of location, which Officers perceived as a method to flee further police interactions.   Officers at this point based on all of the above facts and observations of the group made by Officers made the determination to frisk the members of the group fearing there was an illegal firearm present. Officers located a replica firearm BB gun next to the group.   All parties were released from the scene, and informed incident would be documented.   O'Connor / Coppinger / Griffiths / C. Adams / Harrington / Turner / Rodriguez / Williams / Mulrean / Bailey",1
FC25005424,2025-10-07 22:53:00,MILTON AVE,DORCHESTER,2124,Stopped,Reasonable Suspicion ," Gang, Drugs",Passenger Car/ Automobile,1,0,0,1,1,"Officers conducted a traffic stop at XXXMilton Ave for excessive tint and speeding on a 2012 black Acura TL bearing MA registration XXX  Officers upon approaching the vehicle observed the operator later identified asXXXXX/XX/XXXX// Prior Murder and firearm Charges) to be reaching under the front seat area of the vehicle, and continued upon Officers request to stop. Officers issued an exit order based on their observations. Upon frisking the vehicle Officers located approximately 102 grams of cocaine in a large tied off bag consistent with street level drug distribution in the glove box of the vehicle.   Once back at booking, Officers observed XXXto have a largeXXXn his abdomen which Officers were made aware is identifier for the theXXX Lowell MA. XXXis a resident of Lowell.   CK02F (O'Connor / McCarty / Rodriguez / Williams)",1
FC25006569,2025-12-21 02:55:00,WASHINGTON ST,DORCHESTER,2121,Stopped,Probable Cause," Body Worn Camera, Gang",Passenger Car/ Automobile,1,1,0,0,0,"T/S of Gray BMW 530I MA-REG XXXfor Speeding at XXX Washington Street.  Operator: XXX XX/XX/XXXX- active XXXPrior F/A,ABDW,Robbery on BOP)  XXXwas calm and cordial with officers during the stop and stated he just purchased the vehicle a few days ago.  Verbal Warning issued.  FIOE'd to associate XXXwith vehicle.  CK02A (O'Neill/McPherson) CK01A (Ashe/Parlon)",0
FC25000211,2025-01-14 21:09:00,,BOSTON,2110,Stopped,Reasonable Suspicion , Body Worn Camera,Passenger Car/ Automobile,3,2,1,0,0,"About 9:09PM on 01/14/2025 Officers conducted a traffic stop for VALS on a white 2023 Chevy Malibu (VA REG: XXXat the intersection of Congress Street and Franklin Street, Downtown Boston.   Officers identified the following individuals: XXX Prior F/A's out of East Boston and Armed Robbery out of Suffolk Superior.XXXMinimal criminal history.  Officers originally observed the vehicle parked near the intersection of Summer Street and Arch Street near a large gathering of individuals. Officers know this area to be burdened drug activity which often leads to violence.   XXXstated to officers that that she was borrowing the car that was rented to XXX stated to officers that they would be borrowing the car for the next week.   XXXwho was initially hesitant to speak with officers, stating he was ""having a bad day"". Eventually was cordial with officers.  Verbal warning issued  AK15F (Hiltunen/ Marchand)",0
FC25001424,2025-04-03 19:15:00,,BOSTON,2121,Stopped,Probable Cause, Body Worn Camera,Passenger Car/ Automobile,2,2,0,0,0,T/S for VALS (89/9 Red Light) of MA Registration XXXat the intersection of Eldon St and Washington St.   Op:XXX XXX)  Passenger: XXX (No BOP)  Both occupants were quiet throughout the traffic stop but remained cordial. Mr. XXXassured Officers that he was staying out of trouble.  FIOE to associate vehicle and document behavior.  H104F (Ruane / Swanson),0
FC25005587,2025-10-16 00:00:00,GLENWAY ST,DORCHESTER,2121,Stopped,Reasonable Suspicion ," Shots Fired, Victim Shot, Gun, Body Worn Camera, Gang",Suv (sport Utility Vehicle),3,3,0,0,3,"T/S of Michigan REG XXXat XXX Glenway for BOLO disseminated by B3 Detectives on todays date in relation to a person shot at XXX Michigan on 10/3/2025.   Operator: XXX(BOP: Class B, Robbery, ABDW)  Front Passenger: XXX(BOP: Prio F/A and Open F/A)  Rear Seat Passenger: XXX(BOP: Assault and battery)  All parties and vehicle frisked to no avail.  FIO for intel   Cox/ D'addieco",1
FC25001045,2025-03-13 00:00:00,LIVERPOOL ST,E BOSTON,2128,Stopped,Encounter," Auto Investigator, Body Worn Camera",Passenger Car/ Automobile,2,1,1,0,0,"At about 8:00 P.M., on Thursday, March 13th, 2025, Officer Andrew Biggio conducted a motor vehicle stop on a black Jeep Compass [Mass Reg XXXThe reason for the stop was that the vehicle did not possess a registration sticker on it's license plate.   The vehicle was registered to a Mr. XXX CJIS revealed that Mr. XXXhad a total of five default warrants out of Area C-6 and A-1 for various offenses to include firearms, ammunition, drugs, and violation of auto laws. However, Mr. XXXwas not the operator of the car.   Officer Biggio made contact with the driver, who identified herself as Mr. XXX""baby daddy."" She was later identified asXXX Officer Biggio did not ask the location of her boyfriend but she uttered that Mr. XXXwas ""out of town."" However, she then asked if she would ""have him to go the RMV?"" in order to address the issue.   A FIO was generated for officer safety and awareness given Mr. XXXviolent history and open warrants. A Mass Uniform Electronic Citation  [259678AD] was issued to MsXXX for number plate violation.",0
FC25005800,2025-10-27 19:24:00,ATHERTON ST,JAMAICA PLAIN,2119,Stopped,Probable Cause, Body Worn Camera,Passenger Car/ Automobile,1,0,1,0,0,"About 7:24 PM, Monday, October 27th, 2025, Officers Rheault and Bradford in the JK01F performed a traffic stop on MA REG XXX for an improper turn at the corner of Washington St and Columbus Ave. XXX the driver and registered owner of MA REG XXX made an improper turn cutting off a lane of traffic to make a right turn on a red arrow. Officers initiated the traffic stop, XXXwas cordial, officers gave XXXa written warning.   XXXhas open Drug and Firearm cases and is currently on probation.   FIOE for intel placing the subject in the vehicle and in the location.",0
FC25003497,2025-07-04 18:47:00,,ROXBURY,2119,Stopped,Reasonable Suspicion ," Gang, Body Worn Camera",Passenger Car/ Automobile,2,2,0,0,0,"YVSF  VK-07/16  Officers conducted A M/V stop for MGL. Ch.90/9D (excessive window tint) of Massachusetts Registration XXX(Green Nissan Pathfinder) at the intersection of Albany St. & Eustis Street, Roxbury.  Officers identified the operator asXXXOfficers are aware of the ongoing feud between XXXDue to observations on scene paired with an active XXXassociate driving through Orchard Park.  It should be noted, that during said stop, XXXPrior F/A's) arrived on scene of the traffic stop showing interest as to who was operating the aforementioned motor vehicle. XXX attempted to walk up to the vehicle in order to look inside, but Officers kept him at a distance.   Officers inquired whether XXXstill has issues in the current area to which he stated ""of course, I'm XXXOfficers advised him to put his windows up on the back and passenger side in order to help conceal his identity for his safety.  XXX left the scene without incident.  XXXwas cordial throughout the duration of the traffic stop.  verbal warning was issued for said violation.  Vehicle associated with aforementioned individual.  FIO’d and released.",0
FC25000385,2025-01-27 15:10:00,TREMONT ST,BOSTON,2116,Stopped,Probable Cause, Body Worn Camera,Suv (sport Utility Vehicle),1,1,0,0,0,"Officer observed a tan 2005 Chevrolet Equinox parked on Washington Street in front of Homsy Jewelers in Downtown Crossing where seen frequently. The vehicle exited the Downtown Crossing down Washington Street and was observed to have excessively dark tint and a drivers side taillight out.  Traffic stop conducted at XXXTremont Street, the operator identified at XXX, the registered owner.  XXXhas an extensive BOP including 94c, F/A charges, armed robbery and ABDW.  XXXwas very cooperative and aware his taillight was not working correctly and his tints were not legal.  XXXreleased with verbal warning.  FIOE completed for intel.  A437D Ganss",0
FC25004184,2025-08-02 04:45:00,RIVER ST,MATTAPAN,2124,Stopped,Reasonable Suspicion ,,Pickup Truck,1,1,0,0,0,"About 0XXX:37 hours on Saturday, 08/02/2025 Officers assigned to District B-3 responded to a radio call for a Person with a Gun at XXXWichita Ter  Caller reported that she saw a male in parking lot, Black Male, 6'0' tall, medium build wearing all black clothing.   Upon arrival, Sergeant Gomes observed a male fitting the physical description provided by the 911 caller in the parking lot of the Star Market, located at XXX River St. Sergeant Gomes could observe the male adjacent to MA REG: XXX- a Grey 2022 Ford F-150, parked in the rear corner of the parking lot.  Sergeant Gomes encountered the male, later identified as XXX (DOB: XX/XX/XXXXSergeant Gomes informed Mr. XXXthe nature of the call, him being in the close proximity, as well as fitting the physical description.   Mr. XXXgave Officers consent to search his vehicle, which yielded negative results. Mr. XXXwas cooperative and understanding of the Officer's actions. Mr. XXXwas released from the scene and thanked for his cooperation.   Following this interaction, at approx. 05:15 hours, a second call from XXXWichita Ter came in for a Threat Report. The caller stated that his Ex-Wife has been making false 911 calls to police against him. (See I: 252063002)",0
FC25006523,2025-12-18 00:06:00,HOMES AVE,DORCHESTER,2122,Stopped,Probable Cause," Body Worn Camera, Gang, Shots Fired",Passenger Car/ Automobile,2,1,1,0,2,"Subject Stop conducted in relation to a R/C for a PSHOT at XXXHomes Ave.  Officers broadcasted that two vehicles related to the above incident fled the scene and were possibly following one another. While canvassing the area, officers on scene broadcasted that the suspect vehicles had returned to the area of Homes Ave and Topliff St.  T/S conducted on a 2007 Toyota Corolla (MA REG XXXat the intersection of Homes Ave and Topliff St. officers initially attempted to stop the vehicle in front of XXXHomes Ave, but the vehicle reversed rapidly away from officers before stopping at the above intersection.   Due to the nature of the call, occupants removed from vehicle and pat frisk conducted of occupants and vehicle yielding negative results.  Subject 1:XXX(DOB: XX/XX/XXXXCJIS inquiry conducted and it was discovered XXXhas a suspended drivers license. BOP to include: multiple Trafficking and additional 94C related offenses, Prior F/A, and multiple property crimes. XXXwas cooperative and cordial with officers and stated he was made aware of the incident from the “Citizen App” and in the area intending to film the incident.  Subject 2:XXX (DOB: XX/XX/XXXXXXassociate. CJIS inquiry yielded XXXhas an active drivers license. BOP to include: multiple 94C, and Disorderly Conduct. XXXwas confrontational and argumentative throughout interaction. XXXhas multiple documented incidents with XXXassociates and individuals involved in F/A activity.  XXXtook possession of M/V. Verbal warning issued for VALS.  It was later discovered that no one was shot during the incident.  FIOE’D for Intel/Released.   H102A (D.Foley/Zammito)",1
FC25002583,2025-05-24 21:25:00,CENTRE ST,JAMAICA PLAIN,2130,Stopped,Reasonable Suspicion ," Gun, Gang",Suv (sport Utility Vehicle),8,8,0,0,1,"On Saturday, 05/24/25, at approximately 9:20PM, Housing PO's and units from District E13 conducted a subject stop of XXXin the rear of XXXCentre st that resulted in the onsite arrest of XXXand the recovery of a loaded firearm, Glock 26 with 21 rounds in an extended magazine with a switch attachment, from XXXwaistband.  Present was Several XXXs listed above and XXX.  FIO to document incident in the development and subjects' association.  Z433 (Barbosa) Z430 (Ellsworth)",1
FC25005051,2025-09-17 02:11:00,HARVARD ST,BOSTON,2124,Stopped,Probable Cause, Body Worn Camera,Suv (sport Utility Vehicle),1,1,0,0,1,"T/S for VAL (Speeding) on a 2018 Gray Buick Envision MA REG: XXXat XXXHarvard St.  Operator: XXX(DOB: XX/XX/XXXX Upon approach of vehicle officers on scene observed the XXXto be sitting hunched over as if he was trying to conceal an item specifically a weapon. While speaking with him officers observed a knife on the floor where he was positioned and when asked about the knife, he stated that noting in the car was his he was just using his mother's car and was heading home. Based on officer's observations and exit order was conducted. M/V and person pat frisked to no avail.  XXXis on Federal Probation and when asked he stated that he got into a "" little situation"" which is the reason for his LTC being suspended.  FIO'd for Intel and to associate XXXwith MV.  Verbal Warning issued.  CK02A (McPherson, Calabrese) C113A (O'Neill, Williamson) C907 (Sgt. MacDonald).",1
FC25002839,2025-06-03 21:40:00,GENEVA AVE,DORCHESTER,2122,Stopped,Encounter, Body Worn Camera,Passenger Car/ Automobile,2,2,0,0,0,"About 9:40 PM, Tuesday, June 3, 2025, Officer Kennedy (H436F) observed MA REG XXXin the parking lot of XXXGeneva Ave. Officer observed XXXto be urinating in the middle of the lot. XXXwas accompanying by XXX.   FIO completed for intel.",0
FC25006196,2025-11-23 02:20:00,,DORCHESTER,2121,Stopped,Reasonable Suspicion , Body Worn Camera,Passenger Car/ Automobile,1,1,0,0,0,"T/S for VALS on Geneva Ave / Olney Street in Dorchester at 0220 AM. MA REG XXXwhite Nissan Altima.  It should be noted CJIS was down, so a CJIS inquiry could not be completed.   Operator was identified as a XXX(previous FA arrests observed on Mark 43). XXXwas cordial during T/S.  verbal warning issued for VALS.  FIO'd for intel.  H425A (Bennett)",0
FC25003495,2025-07-05 00:00:00,VFW PKWY,WEST ROXBURY,2132,Stopped,Reasonable Suspicion ," Body Worn Camera, Homeless",Passenger Car/ Automobile,1,1,0,0,0,7/5/25 4:33pm  R/C for Larceny in progress at XXXVFW Parkway (Savers). Officers spoke with managerXXXwho stated she was having ongoing issues with XXX who is homeless and sleeps in his vehicle at the above address. Upon further investigation it was determined Mr XXXdid not shoplift on today's date. Ms XXXstated she wanted to trespass Mr XXXfrom Savers.   Mr XXXwas verbally trespassed from Savers  BWC activated.,0
FC25000128,2025-01-09 01:38:00,WASHINGTON ST,DORCHESTER,2124,Stopped,Probable Cause, Body Worn Camera,Passenger Car/ Automobile,2,1,0,1,1,"T/S for VALS (Redlight Violation and No Turn Signal) on a 2008 Gray Honda Accord MA REG: XXXat XXXWashington St.  Operator:XXX(DOB: XX/XX/XXXX Rear Seat Passenger: XXX (DOB: XX/XX/XXXX  Officers were in the area of Norfolk St. and Woodrow Ave. when they observed MA REG: XXXrun the red light at the intersection of Norfolk and Woodrow. Officers conducted a U-turn and caught up to the vehicle and conducted a traffic stop at XXXWashington St. While speaking with Mr. XXX officers observed the rear passenger Mr. XXXto be wearing a fanny pack, breathing at a rapid rate and pinning his left arm to his side. As Officers illuminated their flashlights on him he opened the fanny pack but continued to pin his left arm to his side as well as breathing at a rapid rate. Based on officers observations an exit order was issued to Mr. XXXand a pat frisk was conducted to no avail.   Verbal Warning issued to Mr. XXX.  FIO'd to associate with MV.  CK01A (McPherson, P. Champagnie, C. Coleman)",1
FC25003576,2025-07-09 17:00:00,,BOSTON,2128,Stopped,Reasonable Suspicion , Drugs,Suv (sport Utility Vehicle),2,1,1,0,2,"On Wednesday, 7/9/25, at about 17:00, members of the A7 DCU observed an individual known to them asXXXwas standing at the corner of Lubec St and Porter St. XXXwatched all vehicles driving by and appeared to be waiting for the arrival of someone. Minutes later, a black SUV MA Reg. XXXstopped in the middle of the road by XXXXXXapproached and after a brief conversation entered the front passenger side. The vehicle drove around the block and stopped back at the corner of Lubec St and Porter St. XXXgot out of the vehicle, entered XXX Lubec and came back out in less than a minute. XXXthen walked down Porter St. XXXdrove down Porter St in the same direction. Officers training and experience led them to believe that a drug transaction may have transpired. Officers conducted a stop to investigate further. XXXand the operator of the vehicle made inconsistent statements. XXXstated that he had given the operator $240 that he owed for a previous ""transaction"". XXXstated to officers that he had just dropped off food for his friend. Neither party knew the other person's name. Officers did not locate any contraband. Both parties released",1
FC25006485,2025-12-15 02:04:00,STRATTON ST,DORCHESTER,2124,Stopped,Probable Cause, Body Worn Camera,Passenger Car/ Automobile,1,1,0,0,1,"T/S for VAL (Tints) on a 2016 black Mercedes Benz E350 MA REG: XXXat XXXStratton St.  Operator: XXXDOB: XX/XX/XXXXPrior F/A, On Probation out of Suffolk Superior Court.  As officers were at the vehicle, they requested the license and registration of the driver to which he stated he did not know where the registration. Officers advised the driver that it is usually in the glove compartment to which he refused but ended up checking. Offices observed XXXto be breathing heavy but then tried to control his breathing. Due to observations an exit order was issued. XXXrefused to step out of the vehicle after being asked several times. Officers had to physically remove him from the vehicle and place him into handcuffs.   Occupant/MV pat-frisked to no avail.  XXXstated that the vehicle he was operating was his aunts but later stated a friend of his.  Verbal Warning issued.  FIO'd to associate with MV.  CK01A (McPherson, O'Neill) CK02A (Ashe, Parlon).",1
FC25003604,2025-07-10 18:55:00,,BOSTON,2119,Stopped,Reasonable Suspicion ," Drugs, Body Worn Camera",Passenger Car/ Automobile,1,0,1,0,0,"Officer observed a white female quickly park MA REG XXXin a 'No Parking"" area on Gerard Street, next to the entrance to the Sunoco Gas Station. Officer queried the plate and observed the female to be the owner, XXX Officer drove past the vehicle and Ms. XXXand an unknown black male separated, with the black male (red sweatshirt, white lettering on the front, khaki pants). Officer called the female by her name and she walked to the Officer. Officer asked the female if she had purchased drugs from the male which she stated 'No' and informed the Officer she was about too, and showed the Officer a $20 bill. Ms. XXXstated she recently relapsed. services were offered to Ms. XXXbut she declined stating she was already in services. Ms. XXXwas advised to leave the area and return home to where she can receive services.   Male was not ID'd.",0
FC25000566,2025-02-08 00:00:00,,DORCHESTER,2124,Stopped,Reasonable Suspicion , Body Worn Camera,Passenger Car/ Automobile,2,2,0,0,2,"TS for VALS (Red Light Violation, 89/9) of a black Kia K5 (ME Reg# XXXOperator identified as XXX Multiple Prior F/A, 94C) and passenger identified as XXX(Multiple Prior F/A, 94C). Both parties' cordial with officers and immediately gave consent to search the vehicle. XXXstated he was recently released from prison and would be driving the rental for the next few months/  Verbal warning issued for red light violation.  FIO to associate both parties and M/V.  Fantaroni/Araujo.",1
FC25006402,2025-12-08 03:30:00,FERNBORO ST,DORCHESTER,2121,Stopped,Reasonable Suspicion , Body Worn Camera,Passenger Car/ Automobile,5,0,4,1,5,"While responding to a shot spotter activation for 1 round at XXX Fernboro St XXXOfficers observed MA XXXactively running outside the above address. Officers queried the vehicle which showed 69 recent hits on the vehicle. Officers learned a person in the area had observed two people running on Fernboro St from Lawrence towards Intervale following what sounded like a gun shot. The witness said one male had a gray hooded sweatshirt and the other possibly had a red sweatshirt.   Officers could see the vehicle was occupied and approached the vehicle. While speaking with the driver, the vehicle was observed to have extremely dark tinted windows that could not be seen through. The back windows were lowered and officers observed the vehicle to be occupied x5. A gray hooded sweatshirt was on the back seat and officers observed the middle seat passenger to duck down and appeared to reach under the seat.   The individuals stated they were all from Brockton and were coming from a party at XXXX Fernboro St, which has been a popular after hours party location in recent months and has resulted in multiple incident reports. They stated the gunshot was actually fireworks. Officers did locate one firework on the ground in front of XXXFernboro, however it was ice cold to the touch.   Additionally, there was a 911 call placed where the caller said they heard a gun shot near Intervale and Normandy and possibly heard a vehicle fleeing the scene.   Given the totality of the circumstances, and exit order was issued and a pat frisk was conducted yielding no results. All parties were cooperative.   Driver/registered owner: XXXFront passenger: XXXRear passenger side passenger: XXX  Middle seat passenger: XXX  Rear driver side passengerXXX.   BWCA. B103A",1
FC25001672,2025-04-15 20:44:00,,DORCHESTER,2122,Stopped,Probable Cause,,Passenger Car/ Automobile,2,2,0,0,0,"T/S of MA Reg XXXat Dever St and Bowdoin St for VALs (Revoked insurance and Marked Lanes). Op identified asXXX (Prior ADW F/A). And Passenger identified XXXVehicle was registered to a XXX(Open F/A and Open 94C).   Prior to the stop, the vehicle quickly pulled onto Dever Street and parked on the side of the road. Officers asked Ms. XXXwhere she was going to which she stated she was going to XXXhouse and pointed to a house across the street. Although they stated they were going to a house on a street they pulled on to, they could not provide an address and Officers saw no GPS.   Inventory yielded nothing of value from the vehicle. Officers noticed multiple hides in the vehicle inside the center console, underneath the radio, and around the gear shift.  Op was summonsed for Uninsured Motor Vehicle. FIOE to associate with motor vehicle and area.  H104 (Ruane / Swanson)",0
FC25004816,2025-09-05 01:26:00,,BOSTON,2118,Stopped,Reasonable Suspicion , Body Worn Camera,Passenger Car/ Automobile,1,1,0,0,0,"About 1:26am on September 5, 2025 Officers conducted a Traffic Stop at Harald and Shawmut Ave, Boston.  Officers had observed a 2015 Infinity Q60 (MA:XXX) weaving through traffic at an excessive speed. Officers stopped the car and spoke to the driver XXXstated he had just gotten off of work at Copley Mall hotel and needed to go to the bathroom.   Officers were unable to confirm XXXlicense status due to CJIS being down. Officers issued a verbal warning.   Upon returning to the station officers were able to confirm XXXlicense status. XXXhas a revoked LTC and was charged with Assault with Firearm on 10/11/2023 out of Chelsea District Court.",0
FC25001865,2025-04-24 22:51:00,HARVARD AVE,BRIGHTON,2134,Stopped,Encounter," Body Worn Camera, Moped",Scooter,1,1,0,0,0,"On scene investigation led to the discovery of a likely address for moped sales. The person asserted that he obtained the moped from someone named XXXThe individual stated that the storage unit is located at XXXRiver Street, Hyde Park, MA (Public Storage). The person shared a phone numbeXXX, and the two individuals communicated in Spanish. They reached a mutual agreement to meet and initiate the moped sale/transaction through the WhatsApp platform. The individual reported that Franklin Park Zoo, located at the intersection of Blue Hill Ave. and Columbia Road, served as the meeting spot.",0
FC25001536,2025-04-09 23:42:00,SAMUEL MORSE WAY,CHARLESTOWN,2129,Stopped,Reasonable Suspicion ," Gang, Body Worn Camera, Shots Fired",Suv (sport Utility Vehicle),3,2,1,0,3,"About 11:43pm, on 0409/25, while in the area of a recent shots fired call (I252027920) Officers stopped a 2011 Honda CRV (MA REG# XXXat XXXSamuel Morse Way, Charlestown.  Officers identified the following occupants-  XXX(DOB XX/XX/XXXXhistory of robbery & 94cXXX (DOB XX/XX/XXXXopen receiving stolen prop out of Charlestown District.  Present in the vehicle was an unidentified female.  Officers are familiar with both XXXand XXXwho were both present inside of a vehicle during an arrest for an illegal firearm (I242051925). Additionally, Officers know both of these individuals to be closely associated withXXX Officers also know and have stopped XXXin the area of firearm related incidents in the past.  Officers were made aware that at the time of the call for shots fired call, two vehicles were in the area, one of which was a Honda CRV which had gone towards Corey Street and the other was a red color BMW Sedan.  Exit order issued to all occupants and a pat frisk was conducted on all parties and MV yielding negative results for weapons.  All parties were cordial with officers and released.  AG01A (Marchand / Hiltunen)",1
FC25003701,2025-07-14 00:00:00,VAUGHAN AVE,DORCHESTER,2121,Stopped,Probable Cause, Body Worn Camera,Passenger Car/ Automobile,3,3,0,0,1,"Officers stopped XXX (open f/a) at XXXVaughan Ave in relation to a fight call. XXXwas extremely worked up and uncooperative with Officers on scene. XXXabruptly put his hands in his pockets and refused to take them out, a pat frisk was conducted yielding negative results. XXXwas accompanied by his father (XXX who was attempting to take XXXhome.XXX was operating MA REG: XXX  XXXis in a relationship withXXX, who resides at the above residence in apt XXX.  FIOE to associate the parties with the address.  H104F (Swanson/Ruane)",1
FC25002596,2025-05-26 00:00:00,,DORCHESTER,2122,Stopped,Probable Cause," Body Worn Camera, Moped, Auto Investigator",Moped,2,2,0,0,2,"T-Stop following a R/C for A&B In Progress at XXXCentre St. Officers observed a moped flee the scene upon officers' arrival. Officers were able to stop the moped at Parkman St & Adams St. The moped is described as a blue 2020 Vitacci Viper. The operator was wearing a black Nike shiesty style mask, black hoodie with large gold graphic designs on the back, black pants and black shoes.   Operator:XXX(Open F/A)  Passenger: XXXstated the moped is his cousins that he was barrowing for the night and that he did not know anything about a fight.   FIO to associate XXXwith the moped  HG01A (Shimchak/ Carrafiello)",1
FC25001401,2025-04-02 21:53:00,TREMONT ST,BOSTON,2111,Stopped,Probable Cause," Body Worn Camera, Gang",Passenger Car/ Automobile,1,1,0,0,0,"About 9:51pm on 04/02/25, T-stop for VALs on a 2013 gray Nissan Rogue (MA REG# XXXat XXXTremont St., Downtown.  Operator- XXX(DOB XX/XX/XXXXprior F/A  Officer's initially saw this vehicle illegally parked at West St. & Mason St. before driving on Tremont Street with no lights.  XXXwas cordial with officers as stated that he was parked there to drop his girlfriend off at the Bridge Over Troubled Waters at XXXWest St. XXXconfirmed that the vehicle was registered to his grandmother,XXX  Verbal warning issued.  AK02F (Marchand / Hiltunen)",0
FC25001864,2025-04-24 22:45:00,DELHI ST,MATTAPAN,2126,Stopped,Reasonable Suspicion , Body Worn Camera,Passenger Car/ Automobile,2,2,0,0,2,"Tstop of gray Honda Accord XXXat XXXDelhi Street in Mattapan for a broken headlight and taillight (MGL c. 90 s. 7)  Operator - XXX (open f/a): It should be noted that BOP is found under ""XXX"" in CJIS and not under the name on his licenseXXXPassenger/registered owner -XXXminimal BOP)  Prior to the stop, the officers observed the vehicle driving towards them on West Selden Street. Officers conducted a u-turn to which the vehicle sped up and took rapid turns as if they were trying to lose the officers. Officers lost sight of the vehicle and then after a few minutes they observed it again on Delhi Street where they conducted the traffic stop.  During the traffic stop, the officers observed a cloth tucked between the driver's seat and center console. The operator also informed the officers that he was not trying to lose them and that he just had to make a stop on Rich Street.  Due to the observations made on-scene as well as the recent gun-violence in that area, specifically ballistics recovered at XXXRich Street on 04/17/25 (I252029945), the officers issued an exit order. Pat-frisk of the driver, passenger, and vehicle to no avail.  Citation issued via MACCS  C111F (Walsh/Cox)",1
FC25000050,2025-01-03 22:14:00,MORTON ST,DORCHESTER,2126,Stopped,Probable Cause, Body Worn Camera,Passenger Car/ Automobile,2,2,0,0,0,"T/S at XXXMorton Street at approximately 10:14 P.M. for speeding of a 2014 Nissan Maxima (MA REG. XXXOperator identified asXXX(XXX, open F/A and prior armed robbery). Passenger identified as XXX. (XXX, open F/A, prior armed robbery, ADW Firearm, AB PO). XXXstated he was on his way to Roslindale. XXXwas arrested for various F/A violations on 04/20/2022 at XXXBradeen St. Roslindale by the YVSF.  Driver and passenger were not friendly with Officers.  Verbal warning issued.  FIOE to associate MV with operator.  (Sandoval/M. Foley/Williams)",0
FC25000512,2025-02-05 02:00:00,,DORCHESTER,2121,Stopped,Probable Cause,,Passenger Car/ Automobile,2,1,0,1,0,Traffic Stop 02:15 speeding (90/7) Washington St / Norwell St of 2011 Honda Accord MA reg XXX OP: XXX(PriorXXX (Registered Owner)  Casual conversation with both. Warning issued. FIO'd to associate vehicle.   C112A (Belanger/Fawkes),0
FC25000139,2025-01-09 21:23:00,TALBOT AVE,DORCHESTER,2124,Stopped,Reasonable Suspicion , Gang,Passenger Car/ Automobile,3,2,1,0,2,"T/S of MA REG: XXX(2020 Kia Forte Gray) at XXXTalbot for excessive speed (90/17) and red light violation (89/9).  Operator: XXX- Wood Ave & Thetford Ave ties - Open F/A charges.   Front Passenger/Registered Owner: XXXDOB: XX/XX/XXXX- No BOP  Back PassengerXXX - Wood Ave - Prior Armed Robbery & F/A charges  Officers observed XXXto abnormally leaning to his left side with his shoulder/left arm tucked down by the door panel. Officers were also aware that XXXwas a victim of a shooting earlier this year. XXXwas unable to provide Officers with a registration to the vehicle. He stated that the registration was not in the glove box of the vehicle and refused to look inside the glove box. Officers asked XXXif the registration was in the glove box and XXXbegan to speak over her and refuse to let her answer the question. Officers found this behavior concerning and due to the other above mentioned observations and incidents Officers exited all parties and conducted a pat-frisk for weapons, yielding negative results.  XXXand XXXrepeatedly asked for Officers' names and badge numbers, which they were given. MA Uniform citation issued and given in hand to XXX CK02F (McCarty/M. Layden/M. Rodriguez)",1
FC25001210,2025-03-22 18:53:00,,BOSTON,2124,Stopped,Reasonable Suspicion , Body Worn Camera,Passenger Car/ Automobile,1,1,0,0,0,"T/S for excessive tints (90/9D) at Washington St and Brent St of gray Chrysler 200 (MA REG: XXXOperator identified as registered owner, XXX(DOB: XX/XX/XXXXFront passenger wearing baclava face covering refused to be identified.   XXXanimated throughout the stop, yelling and swearing at officers, claiming they were harassing him. XXXstated to officers he was heading to Ashmont where he ""wasn't supposed to be"" and they couldn't do anything about it.   XXXissued written warning for tints (90/9D).  C111F (Kane/Fantaroni).",0
FC25006426,2025-12-10 01:11:00,,BOSTON,2122,Stopped,Probable Cause, Body Worn Camera,Passenger Car/ Automobile,5,4,0,1,5,"T/S of a 2025 gray Nissan Sentra (MA REG XXXfor VALS (85/15) at the intersection of Gibson St and Dorchester Ave.  Vehicle registered to Hertz Vehicle LLC. Occupants inside the vehicle to include:  Subject 1: XXXXX/XX/XXXX Subject 2: XXXXX/XX/XXXX Subject 3: XX/XX/XXXXFIOE's with associates with F/A related offenses.  Subject 4:XXX (DOB: XX/XX/XXXXFIOE's with associates with F/A related offenses.  Subject 5: XXXDOB: XX/XX/XXXX CJIS inquiry yielded OperatorXXXhad a suspended license as of 11/29/25 for non-payment. Exit order issued, and pat frisk conducted of all occupants and M/V yielding negative results for items of evidentiary value. All parties were cooperative and cordial with officers on scene. XXXhad an active driver’s license and took possession of M/V. Verbal warning issued for VALS.  FIOE to associate all parties.  H111A (D.Foley/Zammito)",1
FC25003644,2025-07-12 15:30:00,COLUMBIA RD & FRANKLIN PARK RD,BOSTON,2121,Stopped,Reasonable Suspicion ,,Passenger Car/ Automobile,1,1,0,0,1,"Officers conducted a traffic stop for excessive tint & speeding at Blue Hill Ave and Frankling Park Rd on a 2015 BMW 320I bearing MA registration XXX Operator: XXX XX/XX/XXXX// open firearm violations)  XXXwas very confrontational during the stop; Officers attempted to explain the reason for the stop and were unable to by XXXdemeanor. Officers inquired if there was a reason for the confrontational manner which he refused to answer. Officers inquired if there were any weapons in the vehicle numerous times which XXXrefused to answer multiple times. Officers explained they only wanted him to answer a simple question which he refused. XXXand the vehicle were frisked yielding negative results. Officers issued XXXMA uniform citation XXXfor speeding, excessive tint, and failure to wear a seat belt.   CK02D (O'Connor / Griffiths)",1
FC25002700,2025-05-29 21:51:00,DORCHESTER AVENUE,DORCHESTER,2124,Stopped,Probable Cause, Body Worn Camera,Passenger Car/ Automobile,1,1,0,0,0,"TS (Taillight out)   Officers observed MA Reg XXX(Black Lexus Sedan) traveling off of Wainwright St and onto Welles Ave. Officers observed the vehicle to have a rear left taillight out and conducted a traffic stop at XXXDorchester Ave.   Operator was identified asXXX multiple FA's, ABDW to wit FA, ABPO, and 94C.   XXXwas cordial with officers and engaged in conversation, he stated that he had just been released from prison on Tuesday and is currently staying with his father on Msgr Lydon Way in Dorchester.   H104F (Horan/Ruane)",0
FC25005074,2025-09-19 01:12:00,BEACON ST & ARLINGTON ST,BOSTON,2116,Stopped,Intel, Body Worn Camera,Passenger Car/ Automobile,1,0,1,0,0,"AK01A (Spellman/Scheele) effected a traffic stop at Beacon Street and Arlington Street, Boston. XXXwas operating NH registration XXXVehicle had extensive damage.  XXXgave illogical answers as to his reasons for being in Boston (stated that he came from New Hampshire for a car wash) and admitted that the damage to his vehicle was from a ""drift pit"" and that he was an enthusiast of ""street takeovers"" although he denied being involved in any that evening.   FIOE to associate operator and vehicle.",0
FC25005193,2025-09-25 01:00:00,WASHINGTON STREET,BOSTON,2118,Stopped,Encounter, Body Worn Camera,Suv (sport Utility Vehicle),2,2,0,0,1,"Officers assisted Mass State Police with traffic stop of 2025 Volkswagen Atlas XXXat XXXWashington Street, 02118.  Vehicle driven byXXX XX/XX/XXXXwith passenger XXXXX/XX/XXXXXX is an active XXXmember with multiple prior firearm violations. XXXfrisked for weapons to no avail. XXXhad a black backpack clutched in his arms which was frisked for weapons to no avail. Both XXXand XXXcooperative with officers. FIOE to link occupants to vehicle.   D203A (Lombardi/Lam).",1
FC25000912,2025-03-06 23:30:00,,BOSTON,2124,Stopped,Probable Cause,,Passenger Car/ Automobile,1,1,0,0,0,T-STOP of MA REG XXX 2007 SILVER HONDA ACCORD at Harvard and Wales for Window Tint and Marked Lanes Violation.  Operator - XXX XX/XX/XXXXJohnston Rd Associate w/prior F/A charges.  Unidentified black female passenger  Verbal warning issued  FIO'd to associate with vehicle  C112F (Coppinger/Marcinkevicius),0
FC25004124,2025-07-29 22:56:00,GIBSON ST,DORCHESTER,2125,Stopped,Probable Cause," Drugs, Body Worn Camera, Auto Investigator",Passenger Car/ Automobile,3,1,2,0,3,"T/S of MA REG: XXXfor 90/7 and 266/28 at Columbia Rd and Dudley St.   Op identified as XXX (multiple prior f/a, home invasion, trafficking, assault to kill, armed assault, and armed robbery on bop). XXXwas placed under arrest without incident for receiving stolon mot veh, poss class b, and warrant.   Front passenger identified as XXX (multiple prior possess to distribute, armed robbery, and burglary on bop). XXXwas fio'd and released from the scene.  Rear passenger identified as XXX (prior abdw and poss on bop). XXXwas placed under arrest for outstanding warrant out of Woburn District Court.  Motor vehicle inventory search yielded negative results. XXXissued written citation.  All parties cordial with Officers during interaction.   FIOE to associate parties with each other and area.  H103F (Swanson/Welter)",1
FC25002810,2025-06-02 18:32:00,,BOSTON,2119,Stopped,Reasonable Suspicion ," Body Worn Camera, Gang",Suv (sport Utility Vehicle),2,2,0,0,1,"About 6:32 PM on Monday 6/2/2025 Officers performed a traffic stop at Warren St and Whiting St for failure a red light violation that occurred at Warren St and Waverly St.  Ma reg. XXX2025 Chevy trailblazer gray rental was being operated by XXX(XXX, prior F/A and 94C). Passenger was identified as XXX, Prior F/A). Driver was observed to be nervous, shaking hands, immediately making a phone call, voice wavering as well as leaning right towards the center console as if to conceal an item. Officers removed XXXand performed a pat frisk and observed XXXto be in possession of packaged marijuana. vehicle was pat frisked as well to no avail. Female passenger was not pat frisked.  Warning issued to driver for red light violation.  BK02F/BK03F (Bertocchi/Gannon/Gelinas/Gilmore)",1
FC25005541,2025-10-15 02:00:00,WOODBOLE AVE,MATTAPAN,2126,Stopped,Probable Cause, Body Worn Camera,Passenger Car/ Automobile,1,1,0,0,1,"Traffic Stop XXXWoodbole Ave 02:00, Fail to use turn signal (90/14)  Officers conducted TS of 2001 red Honda Corolla MA reg XXX  OP: XXX (Prior F/A, Open 94c)XXXargued with officers the whole encounter of the stop. Officers noted a small bag near the center console. Officers asked what was in bag numerous times in which Mr.XXX did not answer the question but continued to argue.  Officers also noted a recent BOLO of a person with a gun involving him with the BOLO stating a firearm could possibly inside ofXXX's vehicle. Based off of the BOLO and demeanor ofXXX, officers conducted an exit order and frisked Mr.XXX and vehicle to no avail.  Verbal warning issued  CK02A (Belanger/Calabrese/Fawkes) CK01A (Parlon/Ashe)",1
FC25001283,2025-03-26 20:15:00,BICKFORD ST,JAMAICA PLAIN,2130,Stopped,Probable Cause, Gang,Passenger Car/ Automobile,2,2,0,0,0,"On Wednesday, 03/26/25 at approximately 8:15PM, Housing PO's were conducting a Code 19 in the Mildred Hailey Development when they observed MA REG XXXdrive on the sidewalk from XXXParker st towards XXXParker st.   Officers stopped the vehicle in the area of XXXBickford st. Operator was identified as XXX with a violent BOP consisting of guilty convictions/ time served for Armed Robbery, Kidnapping, and several Firearm charges to include a guilty federal conviction. XXXis currently on probation out of Dorchester Court until 11/18/26. The passenger argued with officers and refused to initially identify himself despite not wearing a seat belt. He eventually provided his ID and was identified as XXX, 29 on the BOP, to include property crimes, B&E, A&B, and ABDW.  A CJIS inquiry of MA REG XXXrevealed it to be active, registered to a XXX out of XXXParker st apt XXXA CJIS inquiry for XXXrevealed an active license and negative for warrants regarding both subjects.  During the stop, XXXasked officers how long they have been working for Housing Police followed by, ""oh that's why y'all don't know who I am, I was born and raised here"" referring to the Mildred Hailey (Heath St) Development. XXXwas given a warning and advised to refrain from operating the vehicle on the sidewalk.  FIO to associate subjects with vehicle and development.  Z433 (Barbosa) Z430 (Ellsworth)",0
FC25004984,2025-09-11 18:46:00,MASSACHUSETTS AVE,BOSTON,2118,Stopped,Probable Cause," Body Worn Camera, Drugs",Suv (sport Utility Vehicle),1,0,0,1,0,Officers assigned to NEST had observed a white Honda Pilot (MA REG XXX) traveling east on Melnea Cass Blvd and come to a stop before making an improper turn from the straight only lane. Officers conducted a traffic stop and observed Mr.XXX to be operating the vehicle. He stated that he had only been in the area to visit his dying grandmother at BMC and was in a hurry. Officers observed the vehicle to be in disarray with items covering the seat and floor. A CJIS query yielded no active warrants.,0
FC25002657,2025-05-27 20:30:00,,DORCHESTER,2121,Stopped,Reasonable Suspicion ," Gang, Body Worn Camera",Passenger Car/ Automobile,1,0,1,0,1,"YVSF Invest  VK16/VK07  About 8:30 pm on Tuesday May 27, 2025, Officers conducted a motor vehicle stop of New Hampshire registration XXX(Black 2025 Nissan Altima) for MGL C. 89/9 (failure to stop at stop sign) & MGL C.90-17 (speeding) at the location of Harvard St and Warner St, Dorchester.  Officers were able to identify the operator as:   *XXX  It Should be noted that XXXstated he did not have a physical copy of his license and initially provided a name and D.O.B and the social security number of:   * (XXX)  Pat frisk conducted on occupants & m/v which yielded no weapons.   Verbal warning was issued for aforementioned violation.  Vehicle associated with aforementioned individuals.  FIO’d and released.",1
FC25002147,2025-05-07 10:52:00,WASHINGTON ST,DORCHESTER,2121,Stopped,Reasonable Suspicion , Body Worn Camera,Suv (sport Utility Vehicle),1,1,0,0,1,"Officers stopped MA Reg: XXX(2023 Black Honda HR-V) for an illegal U-turn, speeding and a red light violation at XXXWashington Street, Dorchester.  Officers were approaching the intersection of Washington Street and Harvard Street when the above mentioned motor vehicle immediately conducted a U-Turn when officers got behind the vehicle and then took off at a high rate of speed. Officers at this time conducted a U-turn to conduct a traffic stop. Officers were able to get the registration of the vehicle which revealed that it was a rental vehicle which officers are aware of the trend of individuals using rental vehicles to hide their identities from law enforcement to often commit crimes.  While officers were traveling on Washington Street they observed the vehicle go straight through a red light at the intersection of Washington Street and Vassar Street. After going through the red light the vehicle then took a sharp left hand turn into Columbus Auto Body shop. At this time, officers were able to get behind the motor vehicle with their lights and sirens activated but the operator immediately exited the vehicle and in an attempt to walk away from the vehicle.  Officers were on high alert as they approached the motor vehicle due to believing that the operator was attempting to evade police since he was driving in such a dangerous and erratic manner to keep distance away from the officers cruiser along with attempting to separate himself from the vehicle. Due to these circumstances, officer detained the operator in handcuffs.  Operator - XXX- XX/XX/XXXX- Previous Guilty Firearm Charges  Officers were able to have a cordial conversation with Mr. XXXabout the reasoning for their actions which Mr. XXXtotally understood and agreed with. Mr. XXXapologized to officers for his actions.  Mr. XXXbecame slightly upset when officers issued MA Uniform Citation - XXXto him in hand. Mr. XXXwas upset because he believed that the citation was going to prevent him from doing Uber.  The motor vehicle was frisked for weapons which yielded negative results.  Citation issued - FIOE'd and released.    CK02D - Griffiths/O'Connor",1
FC25001130,2025-03-18 22:09:00,,BOSTON,2116,Stopped,Probable Cause," Body Worn Camera, Drugs",Passenger Car/ Automobile,2,2,0,0,0,"About 10:10PM Officers conducted a traffic stop for VALS at the intersection of Tremont Street and Herald Street, Downtown Boston.   Throughout the evening, Sgt Crossen (A900) had been monitoring the cameras throughout the Downtown crossing area as part of the ""Spring Safety Initiative"". During this time he had a observed a male wearing a ski mask, black vest, white hoodie, and black pants partake in what was believed to be drug transactions near the Burger King located at XXXTremont Street. This individual eventually made his way to Mason Street, where he entered the front passenger of a black Dodge Durango (MA REG: XXXwith an additional male who occupied the driver seat.   Officers were eventually locate and stop the vehicle for various traffic violations. Officers were then able to positively identify the following individuals:  Driver / registered owner -XXX: Open drug distribution cases out of Boston District Court. Prior history of various 94c charges.   Passenger - XXXOpen drug distribution charges out of Boston District Court, History of F/A and armed robbery.   Additional research of XXXrevealed that XXXhas a stay order from Mason Street issue on 10/07/2024 (Docket: XXX BWC activated   AK01F (Hiltunen/ Marchand)",0
FC25000462,2025-02-01 01:01:00,GLENWAY ST,DORCHESTER,2121,Stopped,Probable Cause," Juvenile, Body Worn Camera",Passenger Car/ Automobile,5,2,0,3,5,"T/S for VAL (89:9 failure to stop at a stop sign) on a 2005 Gray Honda Accord Coupe MA REG: XXXat XXXGlenway St.  Operator: XXX)  Front Seat Passenger: XXX) Kidnapping, ABDW  Rear Left Passenger:XXX  Middle Passenger:XXX   Rear Right Passenger:XXX)  While approaching the vehicle officers observed all occupants of the vehicle to be moving around the vehicle. While speaking with Mr. XXXhe immediately told officers that he did not have a license and stated that his friend XXXl was letting him drive the vehicle. While speaking with all occupant's officers observed all passengers in the rear to be ducking down as well XXXto be pinning his left arm across his body. An exit order was issued due to XXXnot having a license and due to occupant's behavior.   While conducting a pat frisk of XXXOfficer McPherson felt a L shaped object consistent with being a firearm located in the right jacket pocket which turned out to be a BB gun. While conducting a pat frisk of the vehicle Officer O'Neill observed a black Glock style firearm with an extended magazine equipped with a laser and flashlight attached which was determined to be a BB gun.  XXXto be summonsed to Court for unlicensed operation.  FIOd to associate all with MV.  CK01A (McPherson, O'Neill).",1
FC25004351,2025-08-07 22:28:00,BLUE HILL AVE,DORCHESTER,2124,Stopped,Reasonable Suspicion , Body Worn Camera,Suv (sport Utility Vehicle),2,2,0,0,0,"On 08/07/25 at 10:28 pm, Officers stopped PA reg XXXfor VALS in front of XXXBlue Hill Ave.   Officers observed XXXdriving on the opposite side of the road on Blue Hill Ave. Based on this motor vehicle infraction Officers got behind the motor vehicle and activated their emergency blue lights and effected a motor vehicle stop in front of XXXBlue Hill Ave.  operator :XXX(DOB XX/XX/XXXXactive XXXPassenger: XXX (DOB XX/XX/XXXXactive XXX open FA violation on the BOP.   Officers gave XXXa verbal warning for the marked lanes violation. Both XXXand XXXwere FIOED to place them in the vehicle.   It should be noted that during the traffic stop, a small radio and radio battery came from a window of XXXBlue Hill Ave and struck XXXvehicle on two separate occasions. When Officers shined their flashlight on the second story window, a silhouette quickly ducked out of view.",0
FC25001782,2025-04-22 11:16:00,,HYDE PARK,2136,Stopped,Intel," Body Worn Camera, Drugs",Passenger Car/ Automobile,1,1,0,0,0,"On 04/22/25 Officers Conducted T/S for Vals 89/9 (Stop Sign Violation) at Wood Ave/Safford St Ma Reg: XXXWhite Toyota Camry   Operator:XXX DOB: XX/XX/XXXX(ACTIVE LICENSE)  A child under the age of 10 was seated in the back seat of the vehicle, properly restrained with a seatbelt. XXX BOP revealed numerous prior 94C Drug Violations   Upon approach of the vehicle, Officers observed in plain view, a black bag on the front passenger seat containing what appeared to be marijuana packaging materials. Officers also observed an ashtray in the cup holder.   Mr. XXXwas issued Citation XXXfor (89/9 Stop Violation) Via MACCS.  FIO for intel/place in vehicle  Mirville/Rosa L101D",0
FC25000699,2025-02-19 19:00:00,,DORCHESTER,2121,Stopped,Probable Cause, Body Worn Camera,Passenger Car/ Automobile,2,1,1,0,2,"T/S of a white 2008 Honda Accord MA REG XXXat Blue Hill Ave and Columbia Rd for a number plate violation (90/6)  Operator: XXX (DOB XX/XX/XXXX PassengerXXX (DOB XX/XX/XXXX(O discharging f/a)  Upon approaching the vehicle Officers observed the operator to quickly lean to the passenger side of the vehicle and duck down out of Officers sight. Officers then observed the passenger lean forward while fixing his waistband. Due to these observations made on scene, Officers issued an exit order and conducted a pat frisk of both parties and the vehicle yielding negative results for weapons. While conducting a pat frisk of the vehicle, Officers observed multiple empty bags that are commonly used as a container for marijuana. Officers also observed a scale with marijuana residue inside. Both parties were questioning the validity of the stop but remained cordial with Officers.   Written warning issued and mailed XXX C202F (Williams/Mulrean)",1
FC25005507,2025-10-12 03:00:00,,BOSTON,2124,Stopped,Probable Cause," Gang, Body Worn Camera",Passenger Car/ Automobile,2,1,1,0,2,"Traffic Stop Blue Hill Ave / Westview St 0300  Officers noted a vehicle pulling out of Westview St, take a left on and briefly drive on the wrong side of the road in front of officers, then pull in a parking lot on the corner of Westview / BHA.   MA Reg XXXBlue Honda Accord (OPXXX Officers ran the plate (150 CJIS inqs) and have been aware of several XXXbeing passengers inside of the vehicle. This vehicle has also been spotted in B-3 several times around the Franklin Park area the past few weeks .   As soon as officers put on their lights, officers noted PassengerXXXmoving around. Officers then noted a backpack at XXXfeet. Based off these observations, officers conducted an exit order and frisked all occupants to no avail.   OP given a verbal warning for driving on opposite side of road.  FIO'd to addXXXo vehicle/link to area  C112A (Belanger/Luna)",1
FC25000215,2025-01-15 01:30:00,,DORCHESTER,2124,Stopped,Probable Cause," Gang, Body Worn Camera",Suv (sport Utility Vehicle),1,1,0,0,0,Traffic Stop 01:30 Norfolk / Talbot  Officers conducted T-stop of 2023 Nissan Rogue MA Reg XXXfor speeding (90/16) and no inspection sticker (90/20).  OP: XXX (Dot Ave associate/ Prior F/A and Discharging)  XXXwas confrontational throughout the entire stop stating he wasn't speeding and that he could not afford an inspection sticker. XXXstated he cosigned vehicle with his mother.  FIO'd to associate vehicle.  Warnings issued  C112A(Belanger/Fawkes),0
FC25000315,2025-01-22 02:30:00,,DORCHESTER,2121,Stopped,Probable Cause,,Passenger Car/ Automobile,1,1,0,0,0,Traffic Stop Bowdoin / Washington St 02:30  Officers conducted T-stop of MA Reg XXXat for an expired Inspection Sticker (90/7a).   OP: XXX (Open F/As)  XXXwas cordial throughout the stop. Officers noticed a fanny pack on XXXperson and asked him what was in the bag. XXXthen began emptying the contents of the bag infront of officers.  Warning issued for inspection sticker  C112A (Belanger/Fawkes),0
FC25000893,2025-03-05 15:51:00,WASHINGTON ST,JAMAICA PLAIN,2130,Stopped,Reasonable Suspicion , Body Worn Camera,Passenger Car/ Automobile,1,0,1,0,0,"P250101931  About 1551 hours on Wednesday, March 5th, 2025, Sgt. Det. DeVito conducted a traffic stop in front of District E13 after making observations of a gray Ford Crown Victoria XXXcommitting numerous motor vehicle violations.  Sgt. DeVito first observed the vehicle on South Street in Jamaica Plain pass at least five vehicles illegally on the right. She further observed the vehicle fail to come to complete stops at stop signs at Seaverns Avenue and Elm Street, and Elm Street and Green Street, as well as fail to signal. The vehicle then proceeded into the intersection at Washington Street and Green Street, while the light was red and pedestrians were crossing. As the light turned green the vehicle abruptly turned left without signaling cutting in front of a school bus, at which time Sgt. Det. DeVito stopped the vehicle. She noted the vehicle appeared to be an older police-style vehicle.   Several E13 units assisted. The owner/operator, XXX, acknowledged the violations and said he was on his way to Dimock Street for treatment. Initially he said he was going to the food pantry on Seaverns Avenue, however Sgt. Det. DeVito saw him drive by and stop in the middle of the road to speak to the construction workers at the house next door. The workers did not appear to know him. XXXsaid he had all the emergency equipment removed from the vehicle. He was stopped in 2024 and alleged to have illegally pulled someone over in the same vehicle XXX XXXwas given a verbal warning.",0
FC25003263,2025-06-25 06:50:00,MASSACHUSETTS AVE,DORCHESTER,2125,Stopped,Probable Cause," Body Worn Camera, Gun",Suv (sport Utility Vehicle),1,1,0,0,1,R/C for Unknown at XXXMassachusetts Avenue. Caller stated they observed 3 plain clothes officers arresting a male. Caller stated one of the males had a gun and may be a security guard. Caller stated the males were in a gray Toyota 4Runner.   Officers observed the gray Toyota(MA REG XXXin the parking lot of XXXMassachusetts Avenue (Stop & Shop).   DriverXXXstated he is an armed loss prevention security guard for Stop & Shop. XXXstated he and two other loss prevention officers who were in the car stopped a male outside of XXXMassachusetts Avenue who stole merchandise which they recovered.   XXXstated he had his firearm on him which officers observed in a holster on the right side of his waistband. Officers took possession of the firearm and confirmed via CJIS Inquiry that XXXhad an active LTC and the firearm was registered to him.   XXXwas advised to refrain from following larceny suspects and to call 9-1-1.  XXXwas cordial during the interaction and has no criminal history.  FIO to associate XXXwith vehicle/area.  F201F(Keough/Czar),1
FC25002063,2025-05-04 03:14:00,,BOSTON,2114,Stopped,Probable Cause, Body Worn Camera,Suv (sport Utility Vehicle),1,0,1,0,1,"About 3:14am on May 4, 2025 officers conducted a traffic stop at Beverly and Causeway Streets that resulted in an arrest for OUI.  Officers arrested XXX. While conducting a motor vehicle inventory on the suspects Black Jeep Grand Cherokee (MA reg: XXX) Officers discovered that the window control switches on both the driver and passenger door were loose, revealing hides in both doors.   XXXdoes have a prior conviction for possession of an illegal firearm in 2016.   FIOE for intel.",1
FC25006171,2025-11-21 01:05:00,DUDLEY ST,ROXBURY,2119,Stopped,Probable Cause, Body Worn Camera,Passenger Car/ Automobile,1,1,0,0,1,"A traffic stop was conducted at XXXDudley St for a crosswalk violation at Harrison Ave & Dudley St.  The operatorXXX was initially verbally combative, then eventually became cooperative with officer. The subject XXX stated the vehicle belonged to his girlfriendXXX   CJIS inquiry revealed the subject had a suspended license. BOP inquiry also revealed prior firearm and active 94C cases.  Subject and vehicle were frisked to no avail.  The subject will be summoned to the Roxbury Division Court for a suspended license.  FIOE for association with a motor vehicle.  Officer Abanoor (B436A)",1
FC25005618,2025-10-17 21:35:00,CRESTON ST,DORCHESTER,2121,Stopped,Reasonable Suspicion ," Body Worn Camera, Gang",Suv (sport Utility Vehicle),1,1,0,0,0,"TS for VALS (no inspection sticker) MA REG: XXXat XXXCreston Street, Roxbury  Op:XXX (DOB: XX/XX/XXXXXXOpenXXX stated the vehicle belonged to a friend. XXXwas cordial during the TS. FIO to document behavior and to associate to the vehicle.  BK02F/BK03F (Kadey/ Bertocchi/ Gannon/ Gelinas)",0
FC25003148,2025-06-18 18:33:00,,DORCHESTER,2121,Stopped,Probable Cause," Gang, Body Worn Camera",Passenger Car/ Automobile,2,2,0,0,2,TS SC REG XXXGeneva / Columbia Rd  Vehicle was observed in the Morse St. Area. Registered owner/driver was Morse St Gang member XXX The vehicle had a suspended registration as of 6/11/25.  Officers stopped the vehicle for such violation. The passenger was XXXwho has a firearm history. Officers had reason to believe that XXXwas in possession of a firearm within the past 48 hours. This fact and multiple on scene factors led to a pat frisk and search of the motor vehicle. This search led to negative results for weapons.  XXXreports he's staying atXXXRonald St that has a driveway and was unaware of the reg status. He was within a quarter mile of such address. Officers advised him to park the vehicle in the driveway and not drive it until the registration is active. XXXreports he lives in South Carolina now and was just visiting.  Verbal warning issued.,1
FC25004667,2025-08-28 02:01:00,,BOSTON,2121,Stopped,Probable Cause, Body Worn Camera,Passenger Car/ Automobile,3,3,0,0,2,"About 2:01 AM on 08/28/2025, Officers assigned to District B-3 conducted a traffic stop on a gray colored 2020 Honda Civic bearing MA Reg. XXXfor lights violation (MGL 90/7) and speeding (MGL 90/17) in the area of Franklin Park Road and Circuit Drive.  About 1:56 AM, a ShotSpotter activation for 3 rounds was reported at XXXIntervale Street. Officers assigned to the CK02A observed a gray colored Honda Civic with no lights on speed across the intersection of Blue Hill Avenue and Columbia Road and proceed onto Franklin Park Road. Officers conducted a traffic stop and identified the driver as XXX(DOB XX/XX/XXXXfront passenger as XXX (DOB XX/XX/XXXXrear driver side passenger as XXX (DOB XX/XX/XXXXprior F/A). Rear right side passenger, a black female about 18 years of age refused to be identified.  As Officers were on scene with the vehicle, B-2 units reported that a possible suspect vehicle was described as a gray sedan fleeing from Intervale Street onto Columbia Road in the direction of Blue Hill Avenue. Exit order was issued to all occupants for fear a firearm was present in the vehicle. A frisk for weapons of the occupants and vehicle yielded negative results. Occupants were confrontational with Officers and repeatedly challenged the reason for the traffic stop.  Verbal warning for above traffic violations issued.  CK02A (Ashe/Calabrese/Parlon)",1
FC25003469,2025-07-04 01:00:00,,DORCHESTER,2124,Stopped,Reasonable Suspicion ," Body Worn Camera, Gang",Passenger Car/ Automobile,1,1,0,0,0,"T Stop for speeding at American Legion and Blue Hill ave.  Operator identified asXXX ave, Muder, significant firearm history and convictions)  verbal warning given.  BGO1A OBRIEN/MCQUAID  BG02A COADY",0
FC25002941,2025-06-07 11:05:00,,ROXBURY,2119,Stopped,Reasonable Suspicion , Body Worn Camera,Suv (sport Utility Vehicle),2,2,0,0,2,"At about 11:05 AM on Saturday 06/07/2025 while assigned to the BK01D Officers DeLeon Jr and Mason conducted a traffic stop on a Brown Audi Q5 (MA REG: XXXfor ""REVO/INSC"" at Copeland Street and Warren Street which resulted written warning.  Driver:XXX(DOB: XX/XX/XXXX(Prior F/A) (Numerous prior 94c)  Passenger: XXX (DOB: XX/XX/XXXX(Prior F/A) (Prior Trafficking 94c)  Officers located numerous loose wires to be coming from the center console of the vehicle and running all the way to the front (driver & passenger) sides of the front seat.   Officers conducted the frisk of both parties to no avail.   Officers issued a verbal warning to XXXand a written warning to XXX  BK01D (DeLeon Jr./Mason)",1
FC25003162,2025-06-19 15:13:00,BLUE HILL AVE,MATTAPAN,2126,Stopped,Probable Cause, Body Worn Camera,Passenger Car/ Automobile,1,1,0,0,0,TS of RI REG XXX(2010 White Honda Accord) at XXXBlue Hill Ave for Expired Registration (MGL Ch 90 s9). CJIS Showed the car to be registered to a Easy Auto Leasing LLC. Operator was identified asXXX (prior F/A & 94c). XXXprovided the RI Registration that showed both him and Easy Auto Leasing as the listed owners with an expiration date of 05/31/2025. XXXwas allowed to legally park his vehicle and contact the RI Registry in order to renew the registrataion.  Verbal Warning Issued. FIO'd to associate XXXwith the vehicle.  CT55D (Kennedy),0
FC25004220,2025-08-04 14:00:00,FANEUIL ST,BRIGHTON,2135,Stopped,Probable Cause, Gang,Passenger Car/ Automobile,2,2,0,0,1,"On Monday, 08/04/2025 at approximately 2:30PM, Housing PO's conducted a subject stop of XXX in the parking lot of XXXFaneuil st. Officers initially encountered XXXin the parking lot standing by MA REG XXXA CJIS inquiry of this vehicle revealed active, registered to XXX of XXXColumbus Ave in Boston.   Officers are familiar with XXXand have prior knowledge that he does not have an active driver's license; officers further confirmed through a CJIS inquiry as it displayed XXXhaving a Mass ID only. Officers had a casual encounter with XXXas he paced away from the vehicle however, maintained visual of Officers. Officers left the parking lot and returned approximately 10 minutes later and observed XXXoperating the vehicle with a female passenger, later identified as XXX and a young child in a rear seat.  Officers stopped the vehicle, conducted an exit order and detained XXXin handcuffs without incident. Considering his earlier hypervigilance of officers, deliberately separating from the vehicle, recent firearm violence in the development, XXXand the vehicle were frisked for weapons yielding negative results. Ms. XXXstated she would take custody of the vehicle and provided officers with a valid Massachusetts Driver's license.   During the frisk of XXXofficers located large sums of money on his person in which XXXindicated he, ""won at the casino."" Both subjects were cordial and understanding with Officers. XXXwas released forthwith and strongly advised against driving without a license.  XXXis currently on Federal Supervised release stemming from XXXX where he was sentenced to 6 months in Federal Prison in November of 2024. XXXalluded to this as he stated to Officers, ""After my fed bid I learned that jail ain't for me."" XXXalso has 39 on the BOP consisting of extensive 94C and firearm charges.  FIO to document XXXin the Development.   Z433 (Barbosa) Z901 (Sgt. Stevens)",1
FC25001307,2025-03-27 18:00:00,WASHINGTON ST & WATER ST,BOSTON,2108,Stopped,Probable Cause, Body Worn Camera,Suv (sport Utility Vehicle),3,2,1,0,2,"YVSF   TS KY REG# XXXWater St / Washington St failed to yield to multiple pedestrians in the crosswalk. Officers approached the vehicle. The driver was XXX. The front passenger was XXX The rear seat passenger was the registered owner, XXXOfficers spoke to the driver, XXXHe stated that he had just been released from South Bay Jail today. Mult. On-scene observations yielded an exit order and pat frisk of both XXXand XXXas well as the vehicle. No weapons were found. Officers deemed that XXXwas unfit to drive the car. Officers allowed XXXto drive her vehicle. She stated she dates XXXShe reported that she did not know XXXuntil today, despite the fact that he was operating her vehicle. She noted that XXXis friends with her boyfriend, XXXShe reported that she and XXXhave been in Massachusetts since November 2024.  VK10",1
FC25000020,2025-01-02 02:25:00,,DORCHESTER,2125,Stopped,Probable Cause,,Suv (sport Utility Vehicle),1,0,0,1,0,2:25 AM T-Stop for VALS (No Front Plate 90/6) of MA REG XXXWhite Dodge Nitro at Columbia Rd and Eastman St.   Op: XXX(Prior F/A's). XXXwas recording and verbally confrontational with the officer during the stop.  Verbal warning issued for VALS. FIO'd to associate with the vehicle and the area.   F441A (Walsh),0
FC25001185,2025-03-21 13:30:00,WARREN ST,ROXBURY,2121,Stopped,Probable Cause, Body Worn Camera,Passenger Car/ Automobile,1,1,0,0,1,"T/S for VALS (EXPI/NONR) on MA REG: XXXwhich resulted in a written citation.  Driver:XXX (DOB: XX/XX/XXXX(Multiple prior F/A)   Officers issued an exit order to XXXOfficers requested for a tow and conducted an inventory search of the vehicle.  Prior to the tow arrival, XXXwas able to obtain his own private tow.   XXXvehicle was towed to XXXRegis Road, Boston.  BK01D (Mason/DeLeon Jr)",1
FC25002826,2025-06-03 15:20:00,EVANS ST,DORCHESTER,2124,Stopped,Probable Cause, Gang,Passenger Car/ Automobile,1,0,0,1,1,"YVSF intel - VK23  Officers observed MA reg: XXXin front of them on Evans Street. This vehicle has extremely dark tinted windows and is known to be operated by XXX. A CJIS query revealed the vehicle's registration was revoked due to lack of insurance, and a traffic stop was conducted as the vehicle pulled over in front of XXXEvans Street. XXX immediately tried to exit the vehicle, denied he was even being pulled over, and was initially quite vocal and confrontational. This was uncharacteristic to the previous time these officers stopped Mr. XXX, where he quite literally did not say a single word and cooperated fully. XXX asked to step out of the vehicle a second time, to which he was told to remain inside and provide his license and registration. Given his uncharacteristic behavior, violent history involving firearms, and recent intelligence regarding XXXassociates in general, XXX and the vehicle were frisked with negative results.  XXX was advised to fix the insurance on his vehicle and told it would towed if they saw him driving it again and this had not been remedied.",1
FC25002012,2025-05-01 21:02:00,BLUE HILL AVE,DORCHESTER,2121,Stopped,Probable Cause, Body Worn Camera,Passenger Car/ Automobile,1,1,0,0,1,"Officers Ryan, O'Brien, and Kerin in the BK03F at 9:00 PM on 05/01/25 while in the rear of XXXBlue Hill Avenue, Dorchester observed a 2015 Audi A3 (MA REG: XXXthat was involved in a Person with a Gun Call (I252034378) earlier in the day at XXXParker St, Jamica Plain. Officers made contact with the driver of the motor vehicle, XXXDOB: XX/XX/XXXXand removed him from the motor vehicle. Officers conducted a pat frisk of XXX and the motor vehicle which yielded negative results.   It should be noted that XXX was extremely uncooperative during the entire encounter and argued with Officers. Officers informed XXX that his license was suspended and should not drive the motor vehicle from the above location.  Officers notified District E-13 Detectives of the incident.   BWC activated",1
FC25000275,2025-01-16 18:00:00,,BOSTON,2121,Stopped,Reasonable Suspicion , Gang,Passenger Car/ Automobile,2,2,0,0,1,"Traffic stop of a white 2022 Toyota Corolla (MAREG# XXXfor excessive speed and unsafe turn in the area of Columbia Rd and Geneva Ave. Operator was XXX appeared anxious throughout the traffic stop, rapidly answering questions and looking around. Pass was a male, later identified as XXX, Open F/A, prior Carjacking, 94C. XXXrefused to engage with officers, was breathing rapidly, and kept pretending to be sleeping. Upon asking if any weapons were present in the car XXX immediately told officers XXXdidn't have anything however XXXwould not answer. Due to all of the above observations both parties were removed and frisked with negative results. XXXwas extremely confrontational throughout exit order originally refused to exit the m/v. Verbal Warning issued to XXX. FIOED for intel and documentation.  Coyne/Martinez",1
FC25005278,2025-09-29 22:16:00,,BOSTON,2130,Stopped,Probable Cause," Body Worn Camera, Gang",Passenger Car/ Automobile,3,2,1,0,0,"09/29/25 about 10:16 PM  T/S MA Reg XXX at Centre Street and Bickford Street for idling (90/16).  Operator:XXX  Passenger: XXX)  Rear passenger: XXXF/A)  Second rear passenger unidentified.   Officer observed M/V idling on Centre St, performed traffic stop and spoke with occupants, all occupants were cordial and compliant with Officer. Verbal warning issued.   B416F (Smigielski).",0
FC25000736,2025-02-22 01:04:00,GALLIVAN BLVD,DORCHESTER,2124,Stopped,Probable Cause, Body Worn Camera,Passenger Van,1,0,1,0,0,"T/S of NY REG: XXXa white 2024 Kia Carnival, for VALs (90/17 - Speed Greater Than Posted Speed Limit) at XXXGallivan Blvd.  Operator provided his drivers license identifying him as XXX (DOB: XX/XX/XXXX(Prior F/A, Prior 94C, SUS LTC, Active Prob.). Operator also provided rental an agreement for the vehicle listing himself as the renter.  XXXwas calm and cordial throughout the stop.  Due to CJIS services being inoperable, Officers were not able to verify XXXdrivers license status. Driver issued a verbal warning for speed.  After T/S had concluded and CJIS service was restored, a CJIS query revealed the Operators drivers license status as ""Suspended"".  FIOE to associate XXXwith vehicle and for Officer knowledge and safety.  H447A - Lewis",0
FC25000208,2025-01-14 00:55:00,,BOSTON,2125,Stopped,Reasonable Suspicion , Body Worn Camera,Passenger Car/ Automobile,2,2,0,0,2,"Traffic stop on black 2015 Chrysler 300 for tints/no front plate at Columbia Road/Pond Street on Tuesday, 01/14/2025. There were 4 occupants (2 males, 2 females). Driver/owner is XXX XX/XX/XXXXRear, right passenger did not have seatbelt and was identified as XXX XX/XX/XXXX As the driver opened the glove compartment, officers observed what the believed to be a glock magazine. Exit order issued to all occupants. The magazine was found to hold bb gun ammunition. Frisk of motor vehicle revealed no additional weapons.  FIO for officer safety.  FK01A (Hill/Walsh)",1
FC25001037,2025-03-11 20:00:00,WASHINGTON ST,DORCHESTER,2124,Stopped,Probable Cause, Gang,Passenger Car/ Automobile,2,2,0,0,2,T-Stop for No Headlights at XXXWashington Street on MA REG XXX(Red Toyota Yaris)  Operator - XXX- prior f/a charges   Passenger- XXX   Both parties cordial and consented to a frisk of their person and vehicle which yielded no findings.   As numerous unidentified juveniles walked by the traffic stop XXXbecame nervous and would cover the entirety of his face with his “sheisty”.   Verbal warning issued for VALs.  C112F (Coppinger/Marcinkevicius),1
FC25001051,2025-03-13 22:52:00,,BOSTON,2110,Stopped,Probable Cause, Body Worn Camera,Passenger Car/ Automobile,3,0,1,2,0,"About 10:52 pm on Friday 03/13/25 officers observed a white Subaru Impreza ma/reg XXXin the area of Summer and Arch Street, downtown. Officers Stopped the operator at the intersection of Arch and Milk Street. The entire rear windshield was smashed in and taped with clear plastic tape. Operator identified as XXX who has prior firearm charges and ABDW charges.  Passengers were XXX and female who provided name of (XXX. All parties stated they were friends.   XXXstated that he filed a report with Chelsea Police for the rear windshield. He stated he was the victim of a vandalism. XXXconfirmed he routinely operated the vehicle however its his father's car.   Officers FIO'd to add occupants as associates. Officers ordered XXXto fix the rear windshield ASAP.   AK01f (Rooney & Entwistle)",0
FC25006090,2025-11-12 22:40:00,,BOSTON,2126,Stopped,Encounter, Shots Fired,Passenger Car/ Automobile,1,1,0,0,0,"While canvassing the area of a SSA for 16 rounds and recovered ballistics the night before (I252095910), Detectives R. O'Leary and Kerrigan observed a black Acura turn off Frontenac Street, onto Lucerne and then onto Morton Street. Officers knew at the time of the shooting, a black Acura was on Ashton Street. Detectives were able to stop the vehicle for speeding and passing on the right, on Gallivan Blvd.   The operator, Mr. XXXwas initially cooperative then argumentative when he was told why he was stopped. While speaking with Mr. XXXDetectives were able to confirm the distinct indicators of the Acura as the same one observed on camera. A query of the vehicle showed it was registered to XXX of West Wareham. Mr. XXXlives on Frontenac Street.  Mr. XXXwas issue a verbal warning.   Further video recovered on November 13 showed Mr. XXXmay have been the target of the shooting.  Investigation ongoing.",0
FC25003000,2025-06-11 14:45:00,,ROSLINDALE,2131,Stopped,Probable Cause, Body Worn Camera,Passenger Car/ Automobile,1,1,0,0,0,"About 1445 hours on Wednesday, June 11, 2025, Officers D.Smith, and Hunter assigned to the Youth Violence Strike Force (VK04) conducted a traffic stop of a gray Infiniti G37 (MA Reg: XXXat American Legion Hwy, and Walk Hill St for Marked Lane Violation, and No Signal on Turn. The operatorXXX was issued a verbal warning, FIO completed to associate the operator with the vehcile.",0
FC25002503,2025-05-20 21:46:00,RIVER ST,MATTAPAN,2126,Stopped,Probable Cause," Body Worn Camera, Other Agency/Unit Notified",Passenger Car/ Automobile,4,4,0,0,0,"Officers while on scene for a Towed Motor Vehicle of MA REG XXX(2020 Gray Subaru Ascent) were approached by the following individuals who were argumentative throughout the incident:  1)XXX(DOB XX/XX/XXXX- Open F/A out of Brockton District Court. XXXis the registered owner of MA REG XXX 2) XXX (DOB XX/XX/XXXX- Prior 94c on BOP  3) XXX(DOB XX/XX/XXXX- Prior 94c (Distr Class D) on BOP  4) XXX (DOB XX/XX/XXXX- Minimal BOP. Was observed smoking marijuana in public. When approached,XXX initially gave the name of ""XXXith a DOB of XX/XX/XXXXwas advised of the potential penalties for smoking marijuana in public and providing a false name to the police at which point he provided his true name and DOB.   FIO completed for Intel and to document the parties relationship  C113F (Kennedy / M. Kane)",0
FC25001677,2025-04-15 23:00:00,MELVILLE AVE,DORCHESTER,2124,Stopped,Probable Cause," Body Worn Camera, Gang",Passenger Car/ Automobile,3,3,0,0,0,T/S of Infiniti G35 MA reg. XXXfor VALS (excessive tint) at XXXMelville Ave.   Operator:XXX(Open F/AXXXFront Passenger: XXX   Rear Passenger: XXX (FIOs withXXX   CJIS remarks placed vehicle in the area of a shooting at XXXLamartine St the previous night. Occupants stated that they were in the area and had lost a hat out the window of the vehicle and continued to drive around the area to locate it. They also stated that they had seen the large police presence and were recording it on their phones.   Occupants were cordial with officers on scene.  Verbal warning issued.  CK02F,0
FC25000117,2025-01-07 17:35:00,BLUE HILL AVE,DORCHESTER,2121,Stopped,Reasonable Suspicion , Body Worn Camera,Passenger Car/ Automobile,2,1,1,0,0,"While canvassing the area of XXXfor discarded items from a separate subject stop, Officers observed MA REG: XXX(2010 Honda Accord, Gray) loitering/idling in the parking lot adjacent to XXXBlue Hill Ave for an extended period of time.   Officers spoke with operator/registered owner, XXX (DOB: XX/XX/XXXXXXX stated that he does not live at the above mentioned address, but his friend does. Officers informed XXX that he could not be on the property due to multiple no loitering and no trespassing signs posted, and due to the fact that he has been sitting in his car for at least 20 minutes with no attempt to visit a person inside the address.  Officers observed front seat passenger, XXX (DOB: XX/XX/XXXXopenly drinking alcohol from a Corona bottle while seated in the vehicle. Both parties were confrontational and uncooperative, as Officers attempted to verify XXXidentity. XXXwas given a verbal warning for public drinking/open container violations and XXX was advised to no longer loiter on the property, to which they both acknowledged.   CK01F/CK02F",0
FC25000548,2025-02-07 12:58:00,,BOSTON,2121,Stopped,Reasonable Suspicion ,,Passenger Car/ Automobile,1,1,0,0,1,"Officers conducted a traffic stop for excessive tint on a gray 2014 Honda Accord bearing MA registration XXXat Waterlow St and Elmont St Dorchester.   Operator: XXX XX/XX/XXXX// Open firearm violations)  Officers observed XXXto be acting erratically when asked to provide his license and registration, moving all throughout the vehicle, when he kept repeating to Officers his license was in his jacket pocket. XXXcontinued with numerous erratic statements and movements throughout the stop, and Officers needed to instruct him to take a deep breath and calm down. Based on his behavior and on-scene observations and being in possession of a firearm as recently as a month ago, Officers frisked XXXyielding negative results. Officers issues XXXa written warning for the excessive tint XXX  CK02D (O'Connor / Griffiths)",1
FC25004567,2025-08-21 11:21:00,DRUID ST,DORCHESTER,2126,Stopped,Reasonable Suspicion , Body Worn Camera,Passenger Car/ Automobile,4,2,2,0,1,"T/S MA Reg# XXX(90/17) at XXXDruid St, Mattapan.  Op - XXX (Prio F/A)  Subject vehicle in PGUN call on 8/17/25  XXXstated vehicle was registered to his uncle XXXhowever was unable to provide the registered owners last name.  Due to on-scene observations as well as vehicle's connection to Person with a gun call, XXXand the M/V were frisked with negative findings for weapons.  Due to XXXlicense being suspended, XXXcontacted the following individuals who arrived on-sceneXXX XX/XX/XXXXPrior F/A)XXXXX/XX/XXXXNo Bop)  XXXsummonsed for 90/23 and issued citation  FIOE to associate parties with one-another and XXXto vehicle.  Garvey / Duggan",1
FC25004634,2025-08-26 02:20:00,,BOSTON,2111,Stopped,Reasonable Suspicion , Body Worn Camera,Passenger Car/ Automobile,1,1,0,0,0,"About 2:20am on August 26, 2025 Officers conducted a Traffic Stop at Washington and Avery Streets for a blatant red light violation.   Officers stopped a 2015 Maserati Ghibli XXXOperator was identified as XXXstated he was coming from Centerfolds strip club to see his girlfriend. Officers smelled a strong scent of burnt marijuana and the driver admitted to smoking two hours prior.   Due to the statements and observations, Officers conducted SFST's and found XXXto pass. while investigating XXXofficers discovered XXXto have ties to Cameron St, and prior charges for possession of a Taser.   Uniform Citation issued.   FIOE for association to the vehicle.",0
FC25005359,2025-10-04 01:30:00,BERNARD ST,BOSTON,2124,Stopped,Reasonable Suspicion ," Body Worn Camera, Gang",Passenger Car/ Automobile,4,4,0,0,0,"Stopped/Intel  Officers observed four males walking between two vehicles bearing MA REG XXX(owner has a suspended license) and MA REG XXX Occupants of XXX Driver:XXXwas cordial and was seen telling his friend XXXto stop being agitated and confrontational.   Passenger: XXX (O/C F/A, Assault to Murder, and other violent crimes). XXXwas cordial however stated he needs to find a new ""spot"" due this area being considered ""hot"".   Occupant of XXX  Passenger seat:XXX (PRIOR F/A, ABDW, B&E). XXXwas extremely talkative and cordial with all Officers on scene, stating he often sees them in the area patrolling.   Other party walking between the cars:XXXXXX(Prior F/A and 94c). XXXwas verbally combative and agitated with everyone on scene and did not care for the reasoning of the stop.   FIO to associate all parties with aforementioned vehicles.  C111A (Koopman/Crush) CK02A (Calabrese/O'Neil/McPherson).",0
FC25005386,2025-10-05 18:30:00,,ROXBURY,2121,Stopped,Reasonable Suspicion , Body Worn Camera,Passenger Car/ Automobile,3,3,0,0,3,"TS for VALS/Trespassing on MA REG: XXXat the intersection of Walnut Ave and Crawford Street (David ELLIS Elementary School), Roxbury  Officers observed the aforementioned MV running and occupied 3 times inside of the Ellis School’s parking lot. The vehicle was running directly in front of the Museum of the National Center of Afro-American Artists. Officers were aware both the Ellis School and the Museum were closed. Officers conducted a CJIS inquiry of the vehicle which resulted in a revoked insurance status.  Op:XXX (DOB: XX/XX/XXXXOpen 94C  Front Pass: XXX(DOB: XX/XX/XXXXXXX Open 94C/ Prior F/As  Rear Pass: XXX (DOB: XX/XX/XXXXOpen 94C  All parties stated they were in the parking lot waiting to pick up their food from Egleston Square which Officers thought was odd due their distance from Egleston Square. XXXappeared to be shaking and placed his hands up in a surrendering manner. CJIS inquiry of XXXrevealed he did not have an active driver’s license. Due to the vehicle’s revoked insurance, XXXdriver’s license status, and all parties trespassing in the parking lot, Officers issued an exit order to all parties.  XXX provided an active driver’s license. All parties agreed to leave the scene and park the vehicle in a driveway. Verbal warning issued.  FIO to associate all parties and to associate all parties to the vehicle.  BK02F (Kadey/ Kovaleski/ Gelinas)",1
FC25004443,2025-08-14 21:01:00,,BOSTON,2124,Stopped,Reasonable Suspicion , Body Worn Camera,Suv (sport Utility Vehicle),3,1,0,2,1,"TS (90/9D excessive tints)   Officers attention was drawn to MA Reg. XXX(White BMW X6 SUV) which had excessive tints to the windshield and driver's side windows.  Officers conducted a traffic stop where they identified the operator as XXX (Active XXXmultiple FA's, Unarmed Robbery, and 94C). A CJIS inquiry revealed XXXto have a suspended license. Officers then issued an exit order to which XXXwas verbally confrontational but eventually exited the vehicle. XXXstated multiple times that officers were not going to ""get lucky tonight"" and that he fully consented to a search of the MV. As officers conducted an inventory of the MV, officers located multiple Glock stickers in the center console as well as a small plastic case which stated ""Glock Club"" on it. Officers also located a miniature Glock toy in the center console. It should be noted that officers did not locate any weapons inside the vehicle. When questioned about the Glock paraphernalia XXXstated, ""you wish that shit was real"".   While on scene, a female who was identified as XXX (Previous FA on BOP, and Trafficking) arrived on and stated that she was XXXgirlfriend and she would drive the vehicle home. XXXconfirmed she was his girlfriend and officers released the vehicle to her.   It should be noted that XXXstated the vehicle belongs to her brotherXXX (Multiple FA's), who the vehicle is registered to.   XXXwas summonsed to Dorchester District Court and released forthwith.   H104F (Horan/Ruane)",1
FC25000910,2025-03-06 19:54:00,HARLEM ST,DORCHESTER,2121,Stopped,Intel, Body Worn Camera,Suv (sport Utility Vehicle),2,2,0,0,2,"TS of a Gray Chevy Equinox (MAREG XXXfor VALs, improper display of a plate MGL 90/6 at XXXHarlem ST, Dorchester. The driver was identified asXXX who has a prior FA on his BOP. The passenger was identified as (XXX. During the encounter, Mr.XXX was very confrontational with officers. Exit order issued and a pat frisk of all occupants yield negative results for any weapons.  Written citation issued to Mr. XXX C111F(D'Addieco/Cox)",1
FC25001418,2025-04-03 14:35:00,,BOSTON,2130,Stopped,Reasonable Suspicion , Gang,Suv (sport Utility Vehicle),1,1,0,0,0,XXX XXX Several F/A charges on BOP) observed operating Rhode Island Registration XXXstruck a parked motor vehicle in front of the officer and was subsequently stopped. XXXlicense was determined to be active and he was advised to leave a note on the damaged motor vehicle.   FIO to associate rental vehicle with operator.   Z425 (Stevens),0
FC25001644,2025-04-14 21:06:00,FENNO ST,ROXBURY,2119,Stopped,Reasonable Suspicion ," Body Worn Camera, Gun, Gang",Suv (sport Utility Vehicle),1,1,0,0,1,"About 9:00PM, on Monday, 04/14/2025, T/s MA REG XXXfor stop sign violation (89/9) at the intersection of Circuit St & Walnut Ave.   As officers were approaching, they observed the operator completely dip his body to the floorboard. Officers continued to approach and observed the operator to still have his hands underneath the driver's side seat appearing to be pushing an item underneath. Operator then opened the door to speak with officers.   During exit order, frisk of person and vehicle was conducted due to numerous observations on scene. Firearm located underneath driver's side seat.   Operator now identified as registered owner XXX (DOB: XX/XX/XXXX- FormerXXX charged accordingly.     BK02F (Kovaleski / Kadey / Gelinas / Bertocchi)",1
FC25004446,2025-08-14 21:57:00,WASHINGTON ST,DORCHESTER,2121,Stopped,Reasonable Suspicion ," Gang, Body Worn Camera",Passenger Car/ Automobile,1,1,0,0,1,"TS VALS (No Brake Lights)  As officers pulled over XXX (Active XXX) he continued to not pull immediately over, pulled into the Burger King parking lot and drove over a median. When officers approached he continued rolling forward off of the median and was sweating profusely.  After speaking to XXXofficers asked if there were any weapons in the vehicle which he did not directly answer and stared forward saying he was just going to Burger King. Officers removed XXXto conduct a pat frisk. Officers observed a pair of socks in his waistband which officers found odd.   XXXcontinued to say he did not consent to a frisk of his vehicle and that nothing officers found would hold up in court. He also began filming officers and his tail lights saying that officers were liars and that they worked. Officers explained to XXXmultiple times the difference between brake lights and tail lights.  XXXwas issued a verbal warning and pulled out of the parking lot without going to Burger King.",1
FC25000942,2025-03-08 21:12:00,WASHINGTON ST,BOSTON,2108,Stopped,Probable Cause," Gang, Body Worn Camera",Suv (sport Utility Vehicle),1,1,0,0,0,TS VALS of MA Reg XXXWhite Jeep GrandC. Operator of vehicle provided officer with Massachusetts license. Operator identified asXXX of Boston. Passenger not identified during traffic stop.  Further inquiry of suspect revealed open firearm related cases of Roxbury District Court. Mark 43 revealed written documentation of numerous criminal arrests in Boston.   Operator stated he was working for Uber Eats and was making deliveries. XXX issued written citation for VALS.  FIO'd for intel.,0
FC25006497,2025-12-15 19:45:00,,ROXBURY,2121,Stopped,Probable Cause, Body Worn Camera,Passenger Car/ Automobile,1,1,0,0,0,"T-Stop for Vals OH Reg: XXX(Lights Violation)  Operator:XXXF/A's, ABDW, 94C)  Upon approaching the vehicle XXXwas immediately argumentative with Officers. XXXcontinued to yell at Officers stating that he worked for the City of Boston and that Officers had to let him go. It took several attempts to calm XXXdown before Officers were even able to ask for his license and registration.  XXXdid not provide his registration and after several attempts demanding his license he stated he did not have it in his possession.  While attempting to verify the pertinent information he provided, XXXstated that he was going to contact the Mayor on Officers for making him late for work. Although XXXstated his shift started at 7:15pm.  XXXhad an active license and was issued a verbal warning for his several infractions.  BK03F (Bertocchi/O'Brien/McQuiad)",0
FC25002648,2025-05-28 03:02:00,W FIRST ST,SOUTH BOSTON,2127,Stopped,Reasonable Suspicion , Body Worn Camera,Motorcycle,1,1,0,0,1,"SS following an R/C for a disturbing the peace call at Farragut Rd S. Boston. Officers observed a group of motorcycles and mopeds leaving the area. Officers observed the group traveling along the roadway and proceeding through the intersection of E. First St and W. First St. We were not actively pursuing the group at the time. However, as we approached the intersection to maintain visual observation of their direction of travel, we noticed a moped abandoned on the sidewalk.  We continued past the moped and observed a single person on the street wearing all black (XXX DOB: XX/XX/XXXXrunning away from the moped on the same side of the sidewalk. Officers stopped the subject who was holding on to a red and white fanny pack that was strapped across his chest with his right hand, prompting Officers to conduct a pat frisk, yielding negative results. The Subject stated that he was the operator of the moped and was with the group who he states he just met.  Officers attempted to verify the moped and the operator, but CJIS was down, officers attempted a Nova Base check, their system also was down. Mark43 also yielded no results on the operator or moped.  FIOE for intel.  F101A (LePore/Tejeda)",1
FC25004130,2025-07-29 00:00:00,HORADAN WAY,ROXBURY,2120,Stopped,Probable Cause," Gang, Body Worn Camera",Passenger Car/ Automobile,5,4,1,0,0,"YVSF  Officers stopped knownXXX huddled around a vehicle bearing XXXThe car came back with attached plates, and no one took ownership of it. Officers encountered XXXXXX. There were multiple other men in this group. These people were cordial but walked away from officers after a brief conversation. The vehicle was left open with windows down and doors ajar. Officers inventoried the car for safekeeping. As they prepared for a tow, XXX returned and took ownership. He did know whose plates they were, and the VIN of the vehicle did come back to XXXas the owner of the car. Officers advised XXXto register the vehicle before operating on a public way and canceled the tow. A verbal warning was issued.Note, there was direct firearm activity all night on 07/29/2025 and 07/30/2025 on Horadan Way.   Three firearms in total were recovered, one arrest made, and an SSA with confirmed ballistics recovered. Officers have BWC of the group that captured clothing and conversation at the time of this YVSF stop.",0
FC25004232,2025-08-05 02:07:00,PLEASANT STREET,BOSTON,2125,Stopped,Probable Cause," Gang, Body Worn Camera",Pickup Truck,1,1,0,0,1,"T/S for VALS (Tints and Break light) on a 2008 black Ford Pick Up MA REG: XXXat XXXPleasant St.  Operator: XXX (DOB: XX/XX/XXXXPrior FA,XXX was accompanied by an unknown black make sitting in his passenger seat who refused to identify himself. Officers observed the male to be breathing at a rapid pace with his chest rising and falling. At one point during the stop, he closed his eyes and tried to control his breathing. Based on the observations an exit order was issued.  Both occupants and MV pat frisked to no avail. During frisk officers observed multiple natural voids throughout the vehicle.  Verbal Warning issued.  FIO'd to associate to MV.  CK02A (McPherson, Calabrese, M. Turner) C431A (O'Neill) C901 (Sgt. McDonough)",1
FC25004093,2025-07-24 21:54:00,BOWER ST,BOSTON,2119,Stopped,Reasonable Suspicion ," Gang, Juvenile, Body Worn Camera",Suv (sport Utility Vehicle),4,2,1,1,0,YVSF  Officers while on patrol in the Bower Street area encounter CT Reg XXXa Gray 2025 Ford Bronco rental vehicle with after market tint applied to the windows. Occupants were known XXX in which officers were familiar with. XXXwas arrested on firearm charges with XXXpresent by these officers on a prior date. Officers engaged in a conversation in which XXXstated they were seeing a friend who lived there and then heading out for the night. Officers are aware that XXXdoes live in the building they were parked behind where he is an associate of XXXand XXXOfficers will continue to monitor the area,0
FC25006197,2025-11-23 00:00:00,,DORCHESTER,2124,Stopped,Probable Cause, Body Worn Camera,Passenger Car/ Automobile,2,0,1,1,2,"T/S 2025 black Volkswagen Jetta MA XXX(Hertz Rental) for VAL's (headlights) on Franklin Hill Ave.  Operator: XXX XX/XX/XXXX(Suspended LTC).  Passanger: XX/XX/XXXX(F/A's, Trafficking Class A, other Class A related offenses on BOP)  XXXupon contacting officers immediately lit a cigarette and began pinning his right arm and body toward the center console as well as frantically scrolling his cell phone.XXX remained silent and stared straight ahead while breathing at an accelerated rate.  Based on the above observations an exit order was given which XXXbriefly contested.  Pat frisk of both parties and vehicle to no avail.  Verbal warning issued.  FIOE'd to link parties to vehicle.  CK01A (O'Neill/McPherson)",1
FC25001085,2025-03-14 22:00:00,BROOKWAY RD,ROSLINDALE,2131,Stopped,Probable Cause,,Passenger Car/ Automobile,2,2,0,0,2,"Housing POs initiated a subject stop of the above two individuals outside ofXXXrookway Road in the Archdale Development. Both suspects were loitering inside of MA REG # XXXwhich currently has a revoked registration status. The operator,XXXwas found to not have an active driver's license and was removed from the motor vehicle.  Officers were conducting an inventory search of the motor vehicle, when the motor vehicle's owner XXX came out. The car was parked in a legal spot and the officers elected to not tow the M/V.  XXXand XXX were both pat frisked, yielding negative results. It should be noted that XXXhas a lengthy BOP to include several F/A charges, Assault to Murder, and Armed Robbery.",1
FC25003700,2025-07-14 19:25:00,LESTON STREET,MATTAPAN,2126,Stopped,Probable Cause, Body Worn Camera,Large/ Heavy Truck,1,1,0,0,0,"Officers responded to XXXLeston for a removal of an individual trespassing in the driveway / backyard of XXXLeston St. Upon arrival, Officers observed Arizona Reg XXX(U-haul box truck) backed into shared driveway of XXX& XXXLeston St and parked on the grass. Officers also observed multiple posted No Trespassing signs throughout the property.   Officers encountered an unidentified adult black male and XXXDOB XX/XX/XXXXXXX was argumentative with Officers and stated that due to her property (XXX Blue Hill Ave) having a gate in the rear that the driveway was ""community property"" and that she had a right to access it. Officers advised both the male and XXX that they were trespassing and would be subject to arrest if they did not move their U-haul truck and leave the property.   XXX was argumentative throughout the interaction and stated to Officers that they would lose their jobs over this.   A MARK43 Inquiry of XXX shows her to be related to ActiveXXXssociates XXXXXX and XXXXXX.   FIO completed to document Trespass warning and for further intel.  C113F (Kennedy / R. Adams)",0
FC25005012,2025-09-15 15:00:00,,EAST BOSTON,2128,Stopped,"Intel, Reasonable Suspicion ", Body Worn Camera,Passenger Car/ Automobile,2,1,1,0,1,"About 3:00 p.m. on Monday, 09/15/25, Officers conducted a traffic stop for an improper turn of a Gray, 2020 Honda CR-V (MA REG XXXat the intersection of Porter Street & London Street, East Boston.   Operator: XXX (DOB XX/XX/XXXX  Passenger: XXX (DOB XX/XX/XXXXBOP consists of A&B, ABPO, Poss. Class D, etc.  During the stop, prior to police contact, XXXexited the vehicle at an accelerated rate and headed towards Meridian Street. XXXwas stopped and frisked. XXXstated he was worried about a warrant that may not have been cleared for a DV incident with him and XXX  No warrants. No RO's.  Written warning issued for VALs.  FIOE for officer safety, intel purposes, and to associate the subject with the vehicle.  G101D (Heredia/Rodriguez).",1
FC25004751,2025-09-03 02:53:00,,DORCHESTER,2124,Stopped,Probable Cause, Body Worn Camera,Passenger Car/ Automobile,1,1,0,0,1,"About 2:53 AM on Wednesday, 09/03/2025, Officers assigned to District B-3 conducted a traffic stop for obstructed view (MGL 90/9D) on a gray colored 2006 Toyota Scion coupe bearing MA Reg. XXXin the area of Washington Street and Welles Avenue, Dorchester.  Driver identified asXXXDOB XX/XX/XXXXprior F/A and 94C) who was immediately confrontational with Officers when told the reason for the stop (having a sunshade in the driver's window while driving) and stated that it was for his asthma. XXXbegan dialing multiple people stating that he needed a lawyer and felt he was being harassed, and then began trying to wave down passing motorists stating that they were his lawyer.   Exit order was issued due to his erratic behavior and fear that a weapon may have been present in the vehicle. XXXand vehicle frisked for weapons with negative results.  It should be noted that XXXname is displayed as ""XXX"" on CJIS.  FIOE to document interaction.",1
FC25005898,2025-11-04 02:30:00,MORTON ST,BOSTON,2124,Stopped,Probable Cause," Body Worn Camera, Gang",Passenger Car/ Automobile,3,3,0,0,3,"T/S on Brown 2004 Honda Civic (MAREG: XXXfor no inspection sticker (Ch. 90 Sec 20) as well as an ajar trunk. A CJIS inquiry of the vehicle yielded a recent Failure to Stop for Massachusetts State Police.  Once officers activated emergency lights to initiate T/S, vehicle was slow to pull to the right and stop.  Driver:XXX (DOB: XX/XX/XXXXreported that he was renting the vehicle and was cooperative with police.  Front Passenger: Later identified as XXX (DOB: XX/XX/XXXXwas uncooperative with police officers. Continued to smoke Marijuana in the vehicle and refused to identify himself when requested by officers.  Rear Passenger: XXX (DOB: XX/XX/XXXXwas drinking an alcoholic beverage (Cutwater) as well as smoking with Mr. XXXin the rear passenger seat but was cooperative with officers.  Due to the slow to stop, the uncooperative and erratic behavior of Mr. XXXwhen asked by officers to identify himself, officers had reasonable suspicion to believe there could be a weapon in the car.  The vehicle was frisked to no avail. All parties frisked to no avail and promptly released from the scene. Verbal warning issued.  C113A (Mello&Carrifiello)",1
FC25003890,2025-07-21 23:30:00,MORELAND ST,ROXBURY,2119,Stopped,Probable Cause," Shots Fired, Body Worn Camera",Passenger Car/ Automobile,2,1,0,1,2,"About 11:20pm Officers were alerted by E1XXX Detectives that a vehicle that had been involved in a shots fired incident earlier in the night at Warren and Dudley streets. Officers were advised that the vehicle involved was identified as a Black Kia Forte (MA REG XXX Officers were able to observe the vehicle at the corner of Warren and Moreland streets, and were able to safely stop the vehicle at XXX Moreland street. Due to the nature of the incident, officers removed the 2 sole occupants and frisked them for weapons with negative results.  Operator was identified as Mr. XXX   Passenger identified as XXXAt this point officers notified E1XXX Detectives, who responded on scene and spoke with the occupants.   Officers requested an evidence tow and the vehicle was followed back to District 1XXX by E1XXX Detectives.   BK03F OBRIEN/KERIN/MCQUAID",1
FC25003829,2025-07-19 21:28:00,BLUE HILL AVE,DORCHESTER,2121,Stopped,Reasonable Suspicion , Body Worn Camera,Passenger Car/ Automobile,1,1,0,0,0,"About 2128 hours on Saturday, July 19th, 2025, Sgt. Det. DeVito (B982) stopped a gray Toyota Camry XXXafter the vehicle started to drive up Cheney Street the wrong way on the one-way street. He had to reverse onto Blue Hill Avenue.  The operator was identified as XXX (DOB: XX/XX/XXXXXXXwas on Probation out of Brockton District Court for a prior firearm arrest. XXXwas cooperative and apologetic and said he was trying to go to the liquor store and was unfamiliar with the area.   A black female in a red dress was in the passenger seat and identified herself as XXXaunt and said she was 51yo. She was allowed to go into the store while officers spoke to him. She returned and was argumentative with the officers. He was given a verbal warning and released.  B101F (Mejia/Alves de Pina) assisted (BWC).",0
FC25006495,2025-12-15 22:55:00,,BOSTON,2125,Stopped,Probable Cause," Body Worn Camera, Gang",Passenger Car/ Automobile,1,1,0,0,1,"TS Whittemore Terrace / Hancock St 10:55 PM 12/15/2025  Officers stopped XXXfor window tints. Officers had a person with a gun radio call just ten minutes prior at the same address. The call described a black male in black clothing with a firearm. Officers spoke to the driver of the vehicle XXX, who reported he saw officers responding to that call. Officers informed him of the call and that he matched the caller's description. Those observations, coupled with XXXfirearm history and gang affiliation, and a fanny pack within his reach, along with even more observations captured and documented on BWC, an exit order was issued. A pat frisk yielded no weapons for XXXor in the vehicle. An unknown female accompanied him. A verbal warning was issued for the Violation of the auto law. XXXreported his window tints to be 15%XXX  Criminal History of note- Numerous firearm charges, including guilty convictions,   Behavior - Confrontational, then calm  Clothing - Black winter hat, black Nike zip-up sweatshirt with a white t-shirt underneath, black sweatpants  H435F Fullam R, H102F Boyle / Ruane",1
FC25001890,2025-04-26 21:48:00,,BOSTON,2121,Stopped,Probable Cause, Body Worn Camera,Suv (sport Utility Vehicle),2,2,0,0,0,"T/S for headlights not illuminated at 9:48 PM on 4/26/2025 at Glenway Street and Old Road, Dorchester.  Driver identified as XXX (prior F/A, Home Invasion Active Thetford) and passenger identified asXXX(Prior F/AXXXFIO to associate motor vehicle MA reg.2023 Nissan Rogue color gray. Verbal warning issued.   It should be notedXXXt told officers upon the completion of his probation he would be moving to Australia.  BK02F (Kadey/ Bertocchi/ Gannon/ Gelinas)",0
FC25002954,2025-06-07 22:46:00,RIVER ST,MATTAPAN,2126,Stopped,Probable Cause, Body Worn Camera,Passenger Car/ Automobile,3,3,0,0,3,"Officers while on directed patrol in the area of River St and Edgewater Dr observed MA REG XXX(2018 Gray Ford Fusion) double parked and blocking traffic in front of XXXRiver St. Officers stopped their fully marked Boston Police Cruiser (1524) behind it and activated their emergency lights to which the vehicle did not move.  Officers exited their cruiser and spoke with the occupants of the vehicle. The individual in the driver seat would not initially identify himself to Officers stating that he ""wasn't driving"". Due to this, all occupants were issued exit orders and ultimately identified as:  1) Driver - XXX (DOB XX/XX/XXXX- No BOP  2) Rear Passenger -XXX (DOB XX/XX/XXXX- No BOP & Registered Owner of the vehicle.  3) Front Passenger -XXX(DOB XX/XX/XXXX- No BOP & stated that he was XXXcousin.   Upon the parties exiting the vehicle, Officers observed multiple open bottles of Miller High Life within the door cup holders. XXXstated that they were at this location to ""buy something"" but would not allude as to what they were in the area to purchase. Officers are aware that this area is known for illegal drug activity including use and sales. All parties were FIO'd and Released.  Written Warning Issued for the Open Containers. FIO completed for Intel  C113F (Kennedy / R. Adams)",1
FC25000064,2025-01-05 00:31:00,BIRD ST,DORCHESTER,2125,Stopped,Reasonable Suspicion ," Gun, Body Worn Camera",Passenger Car/ Automobile,4,3,0,1,4,"About 12:40AM, Sunday, 01/05/2025, Officers Reynolds and Murphy in the B103A conducted a traffic stop for Violation of auto laws in the area of XXXBird Street resulting in the arrest of XXX for firearm and drug related offenses.  The officers observed the vehicle speeding and operating negligently prior to conducting the stop. Several observations were made during the traffic stop which led to the exit order.  XXXa 2015 Maserati was occupied by the following:  Driver: XXX (prior F/A)  Front passenger:XXX  Backseat passenger:XXX (prior F/A, class A and B)  Backseat passenger:XXXFIOE to associate occupants and vehicle.",1
FC25001132,2025-03-18 20:20:00,,DORCHESTER,2124,Stopped,Probable Cause, Body Worn Camera,Passenger Car/ Automobile,1,0,1,0,0,TS of MA REG XXX(2017 Gray Accord) for a Marked Lanes Violation at Blue Hill Ave and Woodrow Ave. Stop was conducted at Woodrow Ave and Ashton St. Operator was identified as XXXDOB XX/XX/XXXX(multiple prior F/A & 94c on BOP).   It should be noted that XXXBOP does not show if the CJISWeb Inquiry is conducted with just his License number. XXXBOP only shows if the inquiry is conducted his name XXX) and DOB XX/XX/XXXX  Written Warning XXXissued via MACCS and mailed to XXXdue to printer issue.   FIO'd for Intel  CK02F (Kennedy / R. Adams),0
FC25000710,2025-02-19 20:36:00,,ROXBURY,2119,Stopped,Reasonable Suspicion ," Body Worn Camera, Gang",Passenger Car/ Automobile,3,3,0,0,3,"YVSF invest   VK16  About 8:40pm on Wednesday, Feb 19, 2025, Members of the YVSF VK16  responded to the area of Dudley St and Mt. Pleasant St for a call consisting of two people shot see #I252013554 (full notifications made).  While patrolling in the vicinity of Eustis Street and Orchard Park Street, Officers heard the description of the suspect via channel three dispatch:   * The suspect was described as a male party approximately 5'05"" in height wearing a black bubble jacket and black pants.  Officers observed 3 males walking from the area of a parked vehicle (MA registration XXXin the rear of the Orchard Park Street Development. Officers observed that all three individuals to be wearing puffy coats and were approximately 5'05"" in height. Officers additionally recognized these individuals to beXXXPrior F/A's)   XXX (Prior F/A)  XXX(Prior F/A)  It should be noted;XXX was observed wearing very distinct gold/yellow-colored sneakers.   Officers stopped detained and frisked these individuals yielding negative results.   Said individuals were FIO’d and released.",1
FC25004418,2025-08-13 22:40:00,MAGNOLIA ST,BOSTON,2125,Stopped,Probable Cause, Body Worn Camera,Passenger Car/ Automobile,1,1,0,0,0,"About 10:30 PM on 08/13/25  T/S on MA Reg XXXfor Excessive Tints  Officer observed vehicle and it's excessive window tints on Harlow Street and take a right onto Folsom Street.  Officer then was behind the vehicle on Magnolia Street and conducted a T/S.  Driver:XXX (XXX, F/A)  Passenger: Unknown, Refused to give name  Spoke to the occupants and recounted multiple interactions that Officer has had with both occupants in the past in the Dudley Triangle. Officer asked what they were doing in this area, to which the driver said they were going home. Officer asked the driver if he still lived on Forrest Street, the address on his license, and he stated he moved but would not say where because he does not want the police knowing where he lives.  Should be noted that Officer has observed and encountered multiple XXX gang members hanging out on Harlow Street and that XXX and XXXVerbal warning issued for excessive tints.  B436F (Smigielski)",0
FC25005144,2025-09-23 00:53:00,,SOUTH BOSTON,2127,Stopped,Reasonable Suspicion , Body Worn Camera,Passenger Car/ Automobile,2,0,1,1,2,12:53 AM assist state pd with a T/S of MA Reg XXX( Gray Honda Accord) at Michell St and Old Colony Ave   Op: XXX (Prior 94c)   Pass :XXX(No BOP) (Prior FIO's with XXX Gang Members)  Trooper asking for assistance with exit order due to presence and strong odor of marijuana. Mr. XXXhad a large quantity of dispensary packaged marijuana in his backpack.  Hide located on the floor in the front passenger seat.   Frisked for weapons to no avail.   FIO'd to associate with the vehicle and area.   FK01A (Walsh/Hill),1
FC25000700,2025-02-19 18:00:00,,BOSTON,2119,Stopped,Reasonable Suspicion , Body Worn Camera,Passenger Car/ Automobile,1,1,0,0,1,"TS for VALS (speeding, improper lane change) VA REG: XXXat the intersection of Humboldt Ave and Martin Luther King Jr. Blvd, Roxbury  Op: XXX(DOB: XX/XX/XXXXPrior Guilty F/A  Officers observed a large bulge in the front waistband area of XXXOfficers also observed XXXleaning over during the entire traffic stop attempting to shield his front waistband area. Officers issued an exit order. Pat frisk of XXXperson resulted in the recovery of numerous blank checks from his front waistband area. Pat frisk of the MV resulted in negative results. XXXwould not explain why he was hiding blank checks in his front waistband.  Written warning issued.  BK02F (Kadey/Kovaleski/Bertocchi/Gelinas)",1
FC25003931,2025-07-22 23:19:00,HANCOCK ST,BOSTON,2125,Stopped,Reasonable Suspicion , Body Worn Camera,Passenger Car/ Automobile,1,0,0,1,1,"TS (90/17)   Officers observed MA Reg XXXtraveling at a high rate of speed from Columbia Road to Hancock Street towards the direction of Jerome Street. Officers conducted a U turn but were unable to relocate the vehicle for several moments. Officers eventually observed the vehicle backing out of a driveway in the area of XXXHowe Street.   Officers then conducted a traffic stop where the operator was identified as XXX (lengthy BOP, assault to murder, assault to kill, heavy involvement around FA's, 94C, and ABDW). XXXimmediately had a startled look on his face upon seeing officers at the intersection of Howe Street and Hancock Street. Officers then approached the vehicle where XXXwas hypervigilant and ranted in a manner that officers perceived to be nervous uttering. When asked why XXXhad avoided officers, he stated that he owns property on Howe Terrace and he had an urgent issue to address at the property, however Officer XXXhad observed him reversing out of a driveway in the area of XXXHowe Street. Due to all observations made by officers, an exit order was issued to which XXXcontinuously asked if that was a lawful order despite being informed several times that it was.   A pat frisk for weapons of both XXXand his vehicle revealed him to be in possession of a foldable pocketknife located on his waistband.   XXXwas released and officers canvased the area of XXXHowe Street for any discarded items to no avail. XXXremained at the intersection of Howe St and Hancock St for several moments while officers canvased the area before eventually pulling off.   H104F (Horan/Garvey)",1
FC25000032,2025-01-02 00:00:00,TALBOT AVE,BOSTON,2124,Stopped,Probable Cause, Body Worn Camera,Passenger Car/ Automobile,1,1,0,0,1,TS for Vals (90/17 Speeding) at XXXTalbot of a blue Kia Forte (Ma Reg#: XXXOperator identified as XXX(No Bop). Due to license status and observations on scene exit order issued and officers recovered a realistic Glock Style BB-Gun from XXXjacket pocket. XXXsister came and took custody of the vehicle and stated his actual name is XXX.  XXXsummonsed for VALS.  FIO for officers safety and to link XXXto motor vehicle.  Fantaroni / Mclaughlin.,1
FC25004256,2025-08-06 03:00:00,STONEHOLM ST,BOSTON,2115,Stopped,Encounter, Body Worn Camera,Passenger Car/ Automobile,3,2,1,0,0,"R/C for loud music disturbance in the parking lot of XXXStoneholm Street.   Officers stopped a group listening to loud music coming from two vehicles. The group includedXXXXX/XX/XXXXXXX (DOB: XX/XX/XXXXand XXXXX/XX/XXXXXXX owns a black Honda Accord MA REG#: XXXBOP includes: multiple firearm violations (open pos firearm), open A&B 209A, and A&B PO. XXXwas wearing a black t-shirt, black pants, black and white sneakers, and a black baseball hat with a red rim.  XXXowns a black Mercedes GLC300 MA Reg#: XXXXXXwas wearing white t-shirt, blue skinny jeans with patches over the pelvic area with royal blue boxers showing, and a Red Sox baseball hat.   FIOE'd and released.  D105A (Kehayias/Viruez)",0
FC25005499,2025-10-11 20:35:00,,DORCHESTER,2125,Stopped,Reasonable Suspicion , Body Worn Camera,Passenger Car/ Automobile,1,1,0,0,1,"TS for VALS (fail to stop for stop sign) MA REG: XXXat the intersection of Howard Ave and Woodcliff Street, Dorchester  Op:XXX (DOB: XX/XX/XXXX CJIS inquiry revealed the following MA recent inquiry remarks from 10/07/25: PASS BRANDISH FIREARM/ NO GUN LOCATED / PASS: XXX Officers observed XXXto be reaching around his grabbing area while approaching the vehicle. XXXalso appeared to breathing heavily and shaking while speaking to the Officers. Officers also observed a small backpack which appeared to discarded on the rear floorboard behind XXXDue to the aforementioned observations and CJIS remarks, Officers issued an exit order to XXX/his vehicle was pat frisked to no avail. Verbal warning issued.  BK02F (Kadey/ Kovaleski/ Bertocchi/ Gelinas)",1
FC25006521,2025-12-17 16:50:00,,ROXBURY,2119,Stopped,Probable Cause," Gang, Body Worn Camera",Passenger Car/ Automobile,3,3,0,0,3,"YVSF invest VK16/VK07   Traffic Stop for VALS (90/7 - lights violation) at GERARD ST & KEMBLE ST, ROXBURY, MA 02119  Operator identified asXXX(prior and open F/A charges), passenger identified as XXX (active XXX present on prior F/A arrests), rear passenger identified as XXX.  Officers noted the substantial amount of time the vehicle had taken to pull over after lights were activated. Fearing that they may have concealed or retrieved a weapon, officers conducted an exit order for a frisk.   All parties and vehicle pat frisked to negative results.  fioed to associate with MV.",1
FC25000631,2025-02-14 02:51:00,BRUNSWICK STREET,ROXBURY,2121,Stopped,Reasonable Suspicion ," Body Worn Camera, Gang",Passenger Car/ Automobile,1,1,0,0,1,"TS FOR VALS GRAY 2011 HONDA ACCORD XXXBRUNSWICK ST.    OPERATOR -XXX XX/XX/XXXX- ACTIVE XXXPRIOR F/AXXX ALONG WITH UNIDENTIFIED FRONT/REAR PASSENGERS WERE ISSUED AN EXIT ORDER DUE TO THEIR BEHAVIOR YIELDING NEGATIVE RESULTS.  ALL PARTIES WERE EXTREMELY UNCOOPERATIVE AND CONFRONTATIONAL THROUGHOUT THE DURATION OF THE STOP.  BWC'S ACTIVATED, VERBAL WARNING ISSUED, FIO'D AND RELEASED.    BK01A (MCCABE/BENT) BK02A (PICARELLO/O'LEARY/COLPOYS).",1
FC25006007,2025-11-09 02:20:00,BLUE HILL AVE,DORCHESTER,2121,Stopped,Probable Cause, Body Worn Camera,Suv (sport Utility Vehicle),1,0,1,0,0,"PO Jose M Diaz Jr (XXX0XXX745) in the BT55A on Monday XXXXXX-XXX0-XXX0XXX5 BWC activated  During 9XXXXXX Call response for Loud Party at XXXFernboro St. on Sunday XX/XX/XXXX a Group of XXX Females and XXX Males were associated with the house party and were observed leaving in a White Honda CRV and yelling ""Stop Snitching!"" while pointing cell phones presumably recording a witness/neighbor that was reporting the disturbance and giving a statement to the B908 (Sgt. Stewart) at about at about XXX:5XXXAM on XX/XX/XXXX.  White XXX0XXXHonda CRV (MA Reg# XXXhad been present on Saturday XXX (CC# XXX5XXX09478XXX), Sunday XX/XX/XXXX (CC# IXXX5XXX095XXX08), and Monday XXXXXX/XXX0/XXX0XXX5 (CC# XXX5XXX095XXXXXX9).   CAD/9XXXXXX Call inquiry results for XXXFernboro St. as of the beginning of November XXX0XXX5;   * PXXX50555XXXXXXXXX - INVESTIGATE PREMISE - XXXFERNBORO ST DO BSTN at XXXXXX/XXX0/XXX5 00:XXX5:XXXXXX - See CC# IXXX5XXX095XXXXXX9  * PXXX5055XXX8XXX4 - DISTURBANCE - LOUD MUSIC XXXFERNBORO ST DO BSTN at XXXXXX/09/XXX5 0XXX:XXX0:40 - See CC# IXXX5XXX095XXX08  * PXXX5055XXX875 - DISTURBANCE - LOUD PARTY XXX-XXXFERNBORO ST DO BSTN,XXX at XXXXXX/08/XXX5 00:XXX0:5XXX - See CC# IXXX5XXX09478XXX  * PXXX505XXX97XXX - DISTURBANCE - LOUD PARTY XXXFERNBORO ST DO BSTN:XXX at XXXXXX/07/XXX5 00:5XXX:04  * PXXX5054XXXXXX94 - DISTURBANCE - LOUD PARTY XXXFERNBORO ST DO BSTN at XXXXXX/0XXX/XXX5 0XXX:XXX:XXX5 - See CC# IXXX5XXX09XXX05XXX  * PXXX5054077XXX - DISTURBANCE - VERBAL ALTERCATION/ARGUMENT XXXFERNBORO ST DO BSTN,XXX at XXXXXX/0XXX/XXX5 0XXX:XXX0:XXXXXX  * PXXX505XXX9094 - DISTURBANCE - LOUD MUSIC XXXFERNBORO ST DO BSTN at XXXXXX/0XXX/XXX5 0XXX:XXXXXX:44  * PXXX505XXX90XXX0 - DISTURBANCE - LOUD MUSIC XXXFERNBORO ST DO BSTN at XXXXXX/0XXX/XXX5 0XXX:XXXXXX:XXX0 - See CC# IXXX5XXX09XXX459  After units responded to XXXFernboro St for the XXXrd night in a row (CC# XXX5XXX095XXXXXX9) on Monday XXXXXX/XXX0/XXX0XXX5, the White Honda CRV was observed parked and unoccupied outside XXX-XXXFernboro St. Some of the group associated with the Honda had been observed walking aimlessly back and forth throughout the neighborhood.  At about XXX:47AM on Monday XXXXXX/XXX0/XXX0XXX5 (See Event# PXXX50555XXXXXX8) the BXXX0XXXA (Murphy/Reynolds) did observe the White Honda CRV (XXXfully occupied and parked on Blue Hill Ave. by Columbia Rd. XXXBlue Hill Ave). The Officers were aware the BT55A (Diaz) had been looking to identify the occupants due to the Witness Intimidation incident recorded via Body Worn Camera (BWC) one day prior (Sunday XX/XX/XXXX). Several BXXX and BXXX units converged and the BT55A also responded.  The Officers initially observed both front seats occupied, as well as four persons occupying the three person rear seat. Officers began asking for identifications and then observed through the factory tinted rear hatch glass that there was a seventh person seated in the trunk/cargo area. At this point, exit orders were given and all occupants were identified as follows;   * XXX, XX/XX/XXXXXX Water St. Fitchburg, MA - Driver seat, no keys in ignition, no MA ID no License, stated only seated there while ""hanging out"" due to having a cyst on her leg and uncomfortable in the back seat. XXX was observed hanging out of the front passenger seat on Sunday XX/XX/XXXX pointing a cell phone at the Officers speaking with the Witness outside XXXFernboro St. while another occupant yelled ""stop snitching"". XXXwas also the front passenger on Saturday XXX during that house party incident.  *XXX, XX/XX/XXXXXXX Carnes St. Lynn, MA - Front Passenger seat,XXX was observed in the passenger side rear seat on Sunday XX/XX/XXXX when an occupant yelled ""stop snitching"" while Officers spoke with the witness outside XXXFernboro St. When confronted about that during this Subject Stop, XXXadmitted to saying it by responding ""oh we were talking to the cops not the witness"". XXXlikely has a warrant for VALS, however, No Photo Available on MA ID# XXXthat came up under his name and when asked if he's ever resided in Salem, MA he stated no.   * XXX,XXXMA ID# SAXXX7XXX05XXXXXX, XXXBrandywyne Dr. XXXEast Boston, MA - passenger side rear seat, XXX was observed hanging most of her body from the waist up, seated on the driver side rear window sill as the Honda drove away from XXXFernboro St. on Saturday XXX while yelling obscenities. The BT55A did advise the group to wear their seatbelts as the car drove away and this behavior was observed, memorialized via BWC. XXX was also present in the vehicle on Sunday XXXXXX-9-XXX0XXX5 during the ""Stop Snitching"" incident  *XXX, XX/XX/XXXXSuspended DL# XXXXXX Fayette St. #XXX Lynn, MA - Rear middle seat, observed drinking from a beer can both in the car and on the side walk after the exit order and advised to dispose of it in a trash can which he did after some debate. Unknown if present during the previous night's stop snitching incident. BWC may verify.  *XXX, XXXXX/XX/XXXXXXXSouth St. Lynn, MA, gave fake name XXX from Lowell, MA - Rear Driver Side seat with one person on his lap, XXX was wearing a full face covering referred to as a ""shiesty"", unable to fully verify either name provided, unknown if present during the previous night's ""stop snitching"" incident. BWC may verify.  * XXX, XX/XX/XXXXDL#XXXMyrtle St. #XXX Fitchburg, MA - seated on XXX's lap in the driver side rear seat, registered owner of the Honda, observed driving it on Saturday XXX with XXX protruding most of her body out a rear window, and on Sunday XX/XX/XXXX during the ""stop snitching"" incident. XXXwas advised during this encounter that she could only transport as many persons as her vehicle had seatbelts for and two of her passengers volunteered to walk instead.   * XXXXXX XXXDr. Rochester, NY - found seated in the trunk/rearmost cargo area, unable to fully verify given name with any MA or NY ID/License, unknown if present during the previous night's stop snitching incident. BWC may verify  All parties were advised to stay away from XXXFernboro St. and that their return could result in arrest or other court action taken against them.",0
FC25003047,2025-06-13 14:45:00,WASHINGTON ST & BISHOP JOE L SMITH WAY,BOSTON,2121,Stopped,Intel, Body Worn Camera,Passenger Car/ Automobile,2,0,2,0,2,Officers stopped MA Reg: XXX(2011 White BMW-328) at Washington Street and Joe L. Smith Way due to an on-going investigation.   * Operator:XXXPassenger: XXX Both parties and motor vehicle were frisked which yielded negative results.  Mr. XXXhad a light blue fanny pack in his possession and stated that his rapper name isXXXwhich is also his Instagram handle.  Mr. XXXwill be issued a written warning for not having an inspection sticker.  Both parties FIOE'd and released.    CK02D - Griffiths/O'Connor,1
FC25003378,2025-06-29 21:25:00,,BOSTON,2121,Stopped,Probable Cause, Body Worn Camera,Passenger Car/ Automobile,2,2,0,0,1,Traffic Stop for VALS (Speeding/improper lane change) of a gray Chrysler 300 bearing MA REG: XXXon Seaver St at Erie St.  OperatorXXX (DOB: XX/XX/XXXX  CJIS inquiry revealed License Status Suspended.  Officers removed XXXand detained him due to the suspended license. Officers conducted an inventory search of the vehicle.  XXX (DOB: XX/XX/XXXXarrived on scene and stated that he had an active license and could take custody of the vehicle for Mr. XXXOfficers confirmed Mr. XXXlicense status and allowed him to legally park the vehicle on Seaver St.   Officers FIO'd and released Mr. XXX Verbal Warning issued.  BK03F(Kerin/O'Brien/K. Ryan/McQuaid),1
FC25006280,2025-11-29 11:00:00,,BOSTON,2121,Stopped,Reasonable Suspicion ,,Passenger car,1,1,0,0,0,"Officers conducted a traffic stop for attached registration plates and speeding on a 2013 white Audi A6 bearing MA registration XXXat Glenway St and Page St.   Operator: XXXXX/XX/XXXX// Multiple prior firearm violations)  XXXwas extremely hostile with Officers, and was failing to provide the proper documentation for the white Audi A6, XXXafter a long delay was able to provide a title for the vehicle that was not properly notated and signed showing the date of purchase.   Officers issued XXXa written warning, MA uniform citation XXXfor the violations, and explained the reason why the proper documentation was needed. XXXeventually apologized to Officers and admitted to lying to Officers in regards to the purchase of the vehicle and why it was not properly registered although it was insured.   CK02D (O'Connor, Duggan, Bailey, & Sullivan)",0
FC25005517,2025-10-11 22:22:00,,MATTAPAN,2126,Stopped,Reasonable Suspicion , Body Worn Camera,Passenger Car/ Automobile,2,2,0,0,1,"YVSF  Officers conducted a traffic stop on a gray BMW bearing MA RegXXXsedan with dark window tint. Officers also observed this vehicle to be speeding and conduct multiple marked lane violations in the area of Norfolk Street toward and crossing Morton Street. Officers activated their emergency lights where the vehicle began to slow down however did not stop. The vehicle continued onto Clarkwood Street from Norfolk Street where it slowly pulled to the left.   Upon approach officers immediately observed a lot of movement from the rear passenger toward the driver. This movement included the passing of a small sized bag quickly where it was then zipped up quickly and moved as it appeared to be possibly concealing an item in it. Officers due to the erratic operation of the motor vehicle, the observations and the behavior of the occupants deemed a officer safety risk and conducted an exit order fearing there was a weapon present and or was just concealed.   Officers conducted a frisk of the vehicles area in question to no avail. The occupants even though were confused and had a different perspective than officers were explained the initial reason for the stop and also what lead up to the exit order. The driver, XXXexpressed to officers the reason for her erratic driving was due to her being in need to use the bathroom. Officers did give a verbal warning for the multiple infractions and were released. Prior to being released officers gave multiple opportunities to ensure the occupants understood what had occurred and were given ample opportunity to present any questions or concerns for the officers to clear up in which occupants stated they did not have any and totally understood officers' actions.",1
FC25001801,2025-04-22 18:00:00,O'REILLY WAY,CHARLESTOWN,2129,Stopped,Intel," Gang, Juvenile, Body Worn Camera",Passenger Car/ Automobile,5,0,2,3,1,"At 6 PM on 4/22/25, Officers stopped a gray, 2010 Honda Accord (MA reg. XXXatXXX O'Reilly Way for VALs (no inspection sticker) and identified the driver to be XXX(DOB XX/XX/XXXX- no BOP) and passenger to beXXX (DOB XX/XX/XXXX- no BOP).   XXXimmediately facetimed (a different) XXX(DOB XX/XX/XXXXwho THIS XXXstated he was ""going to hang"" with. Both XXXwent to Charlestown HS together. Officers then observed XXX(DOB XX/XX/XXXXjoin the FaceTime, at which point XXXstated, ""I'm coming."" XXXhas been present for several violent incidents around the Bunker Hill development and is known to XXX   During this time, XXXwas refusing to provide to his information (no seat belt), claiming only that his name was XXXOfficers observed XXXto be extremely nervous (heavy breathing and fast heart rate). After several minutes XXXandXXXarrived on scene. THIS XXXconsented to a pat frisk (parties removed), yielding negative results for weapons.   All subjects were eventually cordial and cooperative with Officers.   XXXXXXdrove the vehicle away.   FIOE'd to associate THIS XXXand XXXto Charlestown.  Ostholthoff/Rooney/Entwhistle (AK02F)",1
FC25006314,2025-12-01 22:22:00,,MATTAPAN,2131,Stopped,Probable Cause," Gang, Body Worn Camera",Passenger Car/ Automobile,4,3,1,0,4,"T/s of a light blue Honda Accord MA REG XXXfor broken right rear view mirror at Walk Hill & American Legion Hwy, Mattapan.  Operator: XXX (DOB: XX/XX/XXXX Front Seat Passenger:XXX(DOB: XX/XX/XXXX// C F/A charges  Rear Driver Side Passenger: XXX (DOB: XX/XX/XXXX// XXX)  Rear Passenger Side Passenger:XXX (DOB: XX/XX/XXXX// XXX // C F/A charges)  As Officer Noor was patrolling the area of Walk Hill & American Legion Highway, the Officer observed MA REG XXXleaving the Wendys parking lot located above. The Officer Observed the right rear view mirror to be damaged and broken.  The Officer conducted a traffic stop at the above location. The operator, XXX (DOB: XX/XX/XXXXwho is known by the assisting Officers to be talkative, remained silent. Officers observed XXXto be breathing heavily and avoiding eye contact. Officer observed XXXhands to be shaking uncontrollably, with XXXeventually having to hold his hands together to stop them from shaking.  Officers were aware that MA REG XXXis a vehicle commonly operated by XXXgang members.   Due to the above-mentioned facts, Officers conducted a pat frisk on all parties and the vehicle to no avail. Officers issued a written warning XXXfor the mirror to be delivered via mail due to a cruiser printer malfunction.  It should be noted that XXX was seen by Officers throwing a black XXXhat in the back seat when stepping out of the vehicle. The XXXis a symbol used by the XXXGang.",1
FC25001469,2025-04-06 20:56:00,,BOSTON,2126,Stopped,Reasonable Suspicion , Body Worn Camera,Passenger Car/ Automobile,2,2,0,0,2,"Subject stop in area on Norfolk St and Clarkwood St of XXX (DOB: XX/XX/XXXXandXXX (DOB: XX/XX/XXXXOfficers spoke with the aforementioned parties in passing earlier in the night, with both being cordial and talkative with officers.  Officers observed the parties with full face masks and hoodies in the area of Blue Hill Ave and Woolson St, leaning into a black Toyota Corolla (MA REG: XXXbefore walking back to the area of Norfolk St. Officers are aware that individuals associated with the Norfolk Park area have been involved in incidents involving F/As lately.  At this point the parties were clearly observant of officer's presence. Officers exited their cruiser at the area of Norfolk St and Clarkwood St to speak with the individuals. Both parties were confrontational at first, with different demeanors than earlier in the day. XXXalso appeared to be attempting to distance himself from officers. Officers conducted a pat frisk of both parties due to their observations yielding negative results. While talking with officers, XXXasked ""Why did y'all take my scooter"", likely referring to the following incident (I#252018399).   FIO for Intel.   C111F (Kane/Daddieco).",1
FC25000554,2025-02-08 01:39:00,,BOSTON,2125,Stopped,Reasonable Suspicion ," Shots Fired, Body Worn Camera",Passenger Car/ Automobile,1,1,0,0,1,"R/C for Shots Fired at the intersection of Pleasant St and Pearl St I#252010441.  Subject Stop of Gary XXX(DOB: XX/XX/XXXXin 2023 Gray Honda Civic MA REG# XXXat the intersection Stoughton St and Windermere Rd.  Officers observed the operator matching the description given by the 911 caller. Officers issued an exit order, Pat frisk conducted on suspect & the vehicle yielded negative results for any weapons.  XXX was disorderly and argumentative with officers throughout stop. XXX has Multiple FIOE’s in the area of shots fired.  FIOE to associate XXX with area at the time of shots fired call.  HK01A (D. Foley/Zammito)",1
FC25000626,2025-02-13 21:54:00,,BOSTON,2121,Stopped,Probable Cause, Body Worn Camera,Passenger Car/ Automobile,1,1,0,0,1,"T/S of MA REG XXXyellow Nissan Altima for number plate violation (90/6) at Blue Hill Ave and Glenway St.  OpXXX (O trafficking controlled substance, O dist. class A x4).  Multiple notable hides in the vehicle:  Driver side and passenger side door window panel.  Rear back seat.   Operator placed under arrest for unlicensed operation.   FIO to associate op with vehicle and hides.  C113F (Williams/Mulrean)",1
FC25001242,2025-03-24 08:30:00,,BOSTON,2111,Stopped,Probable Cause, Body Worn Camera,Passenger Car/ Automobile,2,0,2,0,2,"Traffic Stop on Mass Reg: XXXfor VALs, tint and speeding, the vehicle also had 70 total recent inquiries. As officers turned on their emergency lights and sirens, the vehicle stayed in place and did not move for a handful of seconds. Officers were able to see a lot of movement from both the driver and passenger while stationary in the middle of the road.  The driver identified as XXX was verbally harassing officers and recording. The passenger was identified asXXX.  Officers observed a lot of movement while approaching the vehicle, officers were in fear that a weapon specifically a firearm was being concealed.  Once at the vehicle officers observed a very large pocket knife hanging out of XXXpocket making it more readily accessible. XXXwas extremely confrontational.   Officers did conduct a frisk of both XXXand XXX",1
FC25002299,2025-05-13 18:47:00,BLUE HILLS PARKWAY,MILTON,2186,Stopped,Probable Cause, Body Worn Camera,Passenger Car/ Automobile,3,3,0,0,1,"TS of a Honda Accord MAREG XXXacross from XXXBlue Hills Parkway, Milton for excessive tint (90/9D).   CJIS inquiry yields that there was a BOLO from East Bridgewater PD for 209A PC on XXXXXX, DOB-XX/XX/XXXX  The driver was identified as XXX, DOB-XX/XX/XXXX Front passenger was identified as (XXX DOB-XX/XX/XXXXwho has prior FA of BOP.  Rear passenger was identified as (XXX, DOB-XX/XX/XXXXwho has prior unarmed robbery on his BOP.  Mr. XXXwas removed from the vehicle and placed into cuffs pending further investigation. CJIS inquiry yielded that neither Mr. XXXnor Mr. XXXhad a valid license so they couldn't take possession of the vehicle. Officers then removed all occupants from the vehicle and conducted a inventory search.   Channel 3 dispatch then informed officers that East Bridgewater PD was no longer looking for Mr. XXXOfficers then released Mr. XXXand issued him a written citation for excessive tint XXX FIOE to associate all occupants with the vehicle.  C111F (D'Addieco/Cox)",1
FC25002935,2025-06-07 02:49:00,,DORCHESTER,2121,Stopped,Encounter," Juvenile, Body Worn Camera, Moped",Moped,1,1,0,0,1,"Around 2:49 AM, officers encountered a male pushing a blue Scooter inbound on Blue Hill Avenue near Seaver Street following a call for shots fired in the area of Franklin Park and Walnut Park.   Officers spoke with XXX, who stated the Moped had broken down and he was pushing it home. A CJIS inquiry of the VIN XXXshowed no status. There are no reports of VIN located in Mark43. Frisk yielded negative results.  C111A (OBrien and Crush)",1
FC25005249,2025-09-28 16:15:00,,BOSTON,2121,Stopped,Reasonable Suspicion ," Body Worn Camera, Gang",Passenger Car/ Automobile,2,2,0,0,1,"About 6:15PM, on Sunday, 09/28/2025, T/s of KY REG XXXfor crosswalk violation (89/11) at the intersection of Blue Hill Ave & Quincy St.  Operator initially gave officer the name XXXDOB: XX/XX/XXXX  Further investigation revealed the operator to be former Walkhill Ave associate XXXDOB: XXXcurrently serving 10 years on probation out of Suffolk Superior Court. XXXhas prior charges out of Rhode Island for Armed robbery to wit firearm, Multiple firearm charges, and Conspiracy.   XXXsummonsed to Rox Court for the appropriate charges.     FIOE to assoc relationship.     Kovaleski",1
FC25006076,2025-11-14 16:40:00,,DORCHESTER,2121,Stopped,Reasonable Suspicion ," Body Worn Camera, Gang",Suv (sport Utility Vehicle),3,3,0,0,3,"TS for VALS (fail to stop for red light/excessive window tints) MA REG: XXXat the intersection of Blue Hill Ave and Pasadena Road, Dorchester  Op: XXXDOB: XX/XX/XXXXXXXPrior F/A  Front Pass: XXX (DOB: XX/XX/XXXXXXXOpen F/A  Rear Pass:XXXDOB: XX/XX/XXXXXXXPrior F/A  Officers observed the MV fail to stop for the red light at Columbia Road and Blue Hill Ave. Officers observed the MV to have excessive window tints on all windows including the windshield. Officers activated their cruiser’s lights and sirens once behind the MV and the vehicle continued to slow roll for numerous feet before coming to a complete stop. Officers could not see into the vehicle due to the excessive window tints. XXXeventually rolled the vehicles windows down partly after numerous commands to do so. Officers were aware of all parties inside of the vehicle and their violent criminal histories and gang affiliation. Officers observed numerous bags of designer marijuana inside of the MV in plain view. Officers also observed a fanny pack on the driver’s side floorboard under XXXlegs.  Officers issued an exit order of all parties. Pat frisk of their person’s/MV conducted to no avail. All parties were extremely confrontational and argumentative. Officers advised all parties of the MGLs regarding marijuana.  XXXwas issued a MA Uniform Citation for failing to stop for the red light.  XXXwas issued a MA Uniform Citation for the excessive window tints.  Printer in cruiser #4210 was not working. Both Citations were mailed to both parties.  FIO to document behavior and associate to MV.  BK01F/BK03F (Kadey/ O’Brien/ McQuaid)",1
FC25003253,2025-06-25 11:35:00,BLUE HILL AVE,MATTAPAN,2126,Stopped,Intel, Body Worn Camera,Suv (sport Utility Vehicle),1,0,0,1,0,"At the request of Officer Neely, a traffic stop was made on MA Reg XXX(Gray Ford Escape) for window tints in the area of XXXBlue Hill Ave.  Operator was identified by a Dominican Republic ID - XXX XX/XX/XXXXA verbal warning was issued for the vehicle's excessive front window tint.  FIOE to associate individual with vehicle. BWC activated.",0
FC25003934,2025-07-23 02:12:00,,DORCHESTER,2124,Stopped,Probable Cause," Body Worn Camera, Moped, Auto Investigator",Moped,1,1,0,0,0,"Encounter/Intel   Officers while on direct patrol in the area of Blue Hill Avenue attempted to stop XXXPrior Rape Charges/ ADW/Strangulation/A&B on Police) while operating a Black Moped with no back plates for numerous motor vehicle infractions.   While Officers attempted to stop XXX he began to flee. BK01A (McBrien/Marchionda) were able to stop the Suspect. After a CJIS inquiry the Moped came back unregistered and XXX to have a suspended license.  XXX was extremely agitated and confrontational with Officers on scene. Moped was towed, and XXX was issued a citation for the MV infractions.   FIO to associate with area.   C111A (Koopman/Crush).",0
FC25003170,2025-06-19 09:00:00,,BOSTON,2108,Stopped,Encounter," Other Agency/Unit Notified, Body Worn Camera",Motorcycle,1,0,1,0,0,"Officers were on patrol in the Downtown Crossing area when they observed a red motorcycle operating the wrong way on Washington Street and pull over to the side of the street at XXXWashington Street.  Officers stopped the operator and needed a Spanish speaking officer for translation. The Boston Police City Wide Bike Unit responded and assisted with a Spanish translation.   The operator was educated that Washington Street is a pedestrian only way, and a one way street in the Downtown Crossing area.   The operator was identified asXXXDOB: XX/XX/XXXXXXX was given a verbal warning for multiple Chapter 90 violations.  FIOE completed for documentation purposes.   Officer Bowman A709 and Officer Murray A706",0
FC25006590,2025-12-23 04:16:00,MAYFIELD ST,DORCHESTER,2125,Stopped,Probable Cause," DVIP, Gun, Body Worn Camera, Gang",Passenger Car/ Automobile,1,1,0,0,0,"R/C for XXX Mayfield stXXXDorchester  Officers encountered XXX (DOB: XX/XX/XXXXXXX is an activeXXX  XXX has multiple F/A, ASSAULT TO MURDER. DISCHARGING F/A, ABPO XXX was hostile with officers initially and stated to officers a confrontation can ""get deadly"" and to ""look him up""  XXX agreed to leave the residence where his child and child's mother reside at XXXMayfield #XXXwithout any physical altercation  His child's mother,XXX (DOB: XX/XX/XXXXstated that he was driving a BMW located in the rear of the residence. The 2007 blue BMW X5 (MA: XXXis registered toXXXfather, XXX (DOB: XX/XX/XXXXThe REGISTRATION to the vehicle is CANCELED, the suspect has a SUSPENDED LICENSE and is on PROBATION until 01/09/2026.  XXX was wearing a black puffy North Face jacket, a grey hooded sweatshirt, blue Nike sweatpants and distinct White and Orange Jordan sneakers.  FIO to associate XXXwith the vehicle, document behavior, and give clothing description  H111A (Zammito/D. Foley)",0
FC25001548,2025-04-10 12:20:00,FENWICK PL,ROXBURY,2119,Stopped,Reasonable Suspicion , Body Worn Camera,Passenger Car/ Automobile,1,1,0,0,0,"Officers conducted a T/S for VALS (89/9 Stop Yield, fail to) on a Gray Nissan MA REG: XXXat XXXFenwick Place, which resulted in a written warning.  Operator: XXX (DOB: XX/XX/XXXX(Prior F/A)  XXXwas cordial to Officers and stated that he was on his way ""back"" to work. XXXstated that he has been using his girlfriend's car to go to work recently.   FIO'd to associate vehicle.  B102D (Benson/DeLeon Jr)",0
FC25003565,2025-07-08 18:22:00,,BOSTON,2126,Stopped,Probable Cause," Body Worn Camera, Juvenile",Passenger Car/ Automobile,5,4,0,1,5,"Officers while on directed patrol in the Mattapan Square area observed MA REG XXX(2025 Black Honda Accord) parked in the private parking lot of the Church of the Holy Spirit located at XXXCummins Hwy. Officers entered the parking lot which has multiple ""Private Property / No Trespassing"" signs posted throughout and observed the car to be occupied 5 times. Officers exited their fully marked Boston Police Cruiser (5585) and spoke with the individual who were ultimately identified as:  Driver - XXX (DOB XX/XX/XXXXOpen F/A & ADW (Gun) charges on BOP  Passengers -XXX (DOB XX/XX/XXXX/ XXXDOB XX/XX/XXXX/ XXX(DOB XX/XX/XXXX/ XXX (DOB XX/XX/XXXX Multiple parties were observed to be smoking marijuana in the vehicle. Officers issued an Exit Order where all parties were pat frisked for weapons which yielded negative results. All parties were advised that they were Trespassing and also of the consequences of the marijuana in the vehicle.   Verbal warning was issued to all parties. All parties were FIO'd and Released  FIO completed for Intel  C112F (Kennedy / R. Adams)",1
FC25002136,2025-05-07 02:00:00,,DORCHESTER,2124,Stopped,Probable Cause, Body Worn Camera,Suv (sport Utility Vehicle),2,2,0,0,1,"About 2:00 AM on 05/07/25 officers observed a gray 2014 Chevrolet Traverse bearing MA PAN XXXidling while parked in a no parking zone in front of a fire hydrant in the area of Blue Hill Ave and Westview St. A CJIS query revealed there was no inspection sticker (90/7a) on the vehicle and the tint was very dark (90/9D)  The operator was Identified as XXXOfficers could see the rapid rise and fall of XXXchest and his right arm pinned on the center console. An exit order was issued and he was pat frisked as well as the vehicle to no avail. It should be noted officers located a small scale commonly used by drug dealers in the center console. The kick panels in the front of the vehicle were very loose.   While on the stop the registered owner XXX (prior F/A, prior 94C) arrived on scene and was initially hostile to officers but by the end of the stop was cordial.   XXXwas issued a written warning for the above offenses.",1
FC25004079,2025-07-28 00:00:00,,DORCHESTER,2124,Stopped,Reasonable Suspicion ," Shots Fired, Body Worn Camera, Gang",Passenger Van,2,1,1,0,2,"TS Roslin / Washington ST MAREG# XXXfor investigatory reasons regarding a shot spotter activation with confirmed ballistic evidence recovered at XXXWelles Ave, refer. I252061018  Officers responding to the SSA took note of a MAREG# XXXthat turned left onto Welles Avenue at a high rate of speed. This vehicle was a silver minivan. There was an operator and a rear-seat passenger, with no front-seat passenger.  A few minutes later, Operations reported that a caller for the SSA saw two males in a silver minivan throw something out the window at the corner of Melbourne Avenue at the time of the SSA incident. Officers located the minivan they had seen parked across from Ashmont Station, which was unoccupied. After a few minutes, two males entered the minivan, and now there was no rear seat passenger but a driver and a front seat passenger. Believing this minivan was involved in the SSA, Officers followed the vehicle down Dorchester Avenue and up Fuller Street to Washington Street, where it was ultimately stopped at the intersection of Roslin Street and Washington Street.   The driver (XXX produced his identification, but the front passenger refused to do the same. The passenger reported that he doesn't answer questions. The driver stated he was going to party with his friends. The driver reported that he lived on Spencer Street. He was biting his nails, and the passenger was making a phone call. They reported seeing the officers at Ashmont Station, which the officers interpreted as a sign of hypervigilance. Given the circumstances, Officers issued an exit order, but the driver refused. The driver requested a supervisor and Officer BWC to be turned on, which was activated for the entirety of the stop. He asked, ""Am I under arrest?"".   After multiple requests for the driver to step out voluntarily were refused, Officers opened the door, unbuckled the driver's seatbelt, and escorted him out of the vehicle. He was agitated. The passenger was also asked to exit the car, and he did. They were both frisked for weapons along with the car to no avail. The passenger was ultimately identified through RMS as XXX). He refused to give his identification on his own. Officers informed them that they saw the van on Welles Ave, and XXXasked, ""Well, did you see me on Welles Ave?"". The driver also stated he was not on Welles Ave. Officers found this to be untruthful as they had observed the vehicle on Welles Ave just minutes prior. XXXkept asking, ""What crime did I commit?""XXX (Driver)   Behavior - Confrontational   Clothing - Ponytail, Black T-Shirt with a white four leaf clover design, chain with a cross exposed, blue ripped jeans, Black sneakersXXXXXX(Passenger)   Criminal History of note- Open ABPO, threats, drug distribution, disorderly  Behavior - Confrontational, uncooperative, challenging officers.   Clothing - braids in a ponytail, white t-shirt black Adidas emblem, dark colored pants, white sneakers",1
FC25003635,2025-07-12 03:16:00,NORFOLK ST,DORCHESTER,2124,Stopped,Probable Cause," Gang, Body Worn Camera",Passenger Car/ Automobile,3,2,1,0,1,"About 3:15 AM on Saturday, 07/12/2025, Officers assigned to B-3 conducted a traffic stop for impeding the flow of traffic at XXXNorfolk Street, Dorchester.   A security guard flagged down Officers and notified them of vehicles racing and blocking traffic further down Norfolk Street. Officers observed MA Reg. XXX(blue 2009 Honda CR-V) and MA Reg. XXX(black 2009 Honda Accord Coupe) parked in front of XXXNorfolk Street, both blocking the entrance into the apartment complex and blocking the lane of travel. Both operators refused to move their vehicles. Officers exited their vehicle to address the traffic offenses.  Operator of MA Reg. XXXidentified as XXX(DOB XX/XX/XXXXactiveXXX)  Operator of MA Reg. XXXidentified as XXX(DOB XX/XX/XXXXprior ADW gun and carjacking)  Both operators refused to identify or provide documentation for their vehicles after multiple commands to do so. After a brief struggle, Officers were able to place XXXin handcuffs for refusal to submit and unlicensed operation of a motor vehicle. In the midst of placing XXXinto custody, XXXhurriedly parked and locked his vehicle (MA Reg. XXXin the private driveway beside XXXNorfolk Street. Officers observed an open fanny pack on the passenger seat of the vehicle.  Summons issued to XXXfor operating without a license and impeding traffic, citation issued to XXXfor impeding the flow of traffic. MA Reg. XXXreleased toXXX.  Before departing, XXXtold an Officer ""I'll be seeing you without that badge and that gun.""  C112A (Ashe/Parlon)",1
FC25000354,2025-01-24 20:05:00,BENNINGTON ST,BOSTON,2128,Stopped,Probable Cause, Body Worn Camera,Passenger Car/ Automobile,2,0,2,0,2,"About 8:05 PM on 1/24/25, Officers conducted a traffic stop of MA Reg XXXfor VALs in 500 block of Bennington St.  Officers encountered the following occupants: Driver:XXX(BOP) multiple poss class B, A+B, and Ch 90 related charges.  Passenger: XXX (No BOP)  Upon approach, officers observed both occupants frantically moving and directing their hands toward the door side panel of the M/V as if concealing something.  Officers gave exit orders to both occupants. Pat frisk of individuals and M/V yielded negative results.   A written warning was issued for marked lane violation (citation XXX FIO’d for intel.  GK01F (Nepomuceno-Mateo/ Nedio)",1
FC25001353,2025-03-30 19:15:00,BOYLSTON ST,BOSTON,2199,Stopped,Encounter,,Passenger Car/ Automobile,1,1,0,0,0,T/S VALS MA XXXat the intersection of Boylston Street and Ring Road.   Operator identified as XXX XX/XX/XXXXopen F/A prior 94c   Verbal warning issued.,0
FC25000707,2025-02-20 13:32:00,,DORCHESTER,2124,Stopped,Reasonable Suspicion ,,Passenger Car/ Automobile,3,3,0,0,3,"Officers conducted a traffic stop for a brake light violation (M.G.L. 90 s.7) at Norwell St and Athelwold St on a 2008 Toyota Camry bearing MA registration XXX  OperatorXXXXX/XX/XXXX//XXXassociate prior firearm convictions)  Front passenger:XXX XX/XX/XXXX// prior firearm / trafficking violations)  Rear Passenger: XXX XX/XX/XXXX//XXXassociate prior firearm convictions)  XXXwas arrested for operating with a suspended license and issued written citation XXXXX was visibly shaking and unable to respond to Officers when asked for his license, subsequent frisk yielded negative results.   CK02D (O'Connor / Griffiths)",1
FC25004313,2025-08-08 01:00:00,MORRISSEY BLVD,BOSTON,2122,Stopped,Probable Cause," Body Worn Camera, Reveler",Passenger Car/ Automobile,1,0,0,1,1,"R/C for revelers at XXXMorrissey blvd, Dorchester.  As vehicles were clearing out of the lot officers observed a black 2016 Jeep Cherokee (MA: XXXtraveling with no lights on.  Officers conducted a traffic stop of the vehicle. The operator was XXX (DOB: XX/XX/XXXXOperator was cordial during the interaction.  Officers observed an open container of marijuana and issued an exit order.  Vehicle, and operator frisked to no avail.  FIO to associate operator with vehicle/revelers meet up and document behavior.  MA uniform citation issued XXX  H104A (Zammito/D. Foley)",1
FC25003369,2025-06-28 21:09:00,,MATTAPAN,2126,Stopped,Probable Cause, Body Worn Camera,Passenger Car/ Automobile,2,2,0,0,1,"YVSF TS W SELDEN / HALBORN ST MA REG XXXExcessive Window tints and no license plate light illuminated  The vehicle is registered to XXX, who has no criminal history and a license to carry a firearm. She was not present; the sole occupant was the driver, XXX had a suspended license. Officers prepared for a tow, but XXXreported that he was going to see a friend on Bloomfield Street. He noted that XXXis his girlfriend. XXXreported he had no idea his license was suspended. Officers informed XXXnot to drive until his license is active and issued a verbal warning. XXXreports that his primary residence is XXXGeneva.   XXXXXX(Driver)   Gang Affiliation -XXX  Criminal History of note- Guilty Conviction Suffolk Superior Court for firearm 2nd offense  Clothing - glasses, black zip-up hooded sweatshirt, black basketball shorts, black socks, white Crocs",1
FC25001769,2025-04-19 22:03:00,TALBOT AVE,DORCHESTER,2124,Stopped,Reasonable Suspicion ,,Passenger Car/ Automobile,3,3,0,0,3,"Officers conducted a traffic stop at Washington St and Talbot Ave on a 2009 red Toyota Yaris bearing MA registration XXX  Operator: XXX XX/XX/XXXX// prior firearm violations)  Front Passenger: XXX XX/XX/XXXX Rear passenger:XXXXX/XX/XXXX Officers are aware of previous Officer safely bulletin for targeted violence including XXX. Also, Officers while speaking with XXXobserved him to be wide-eyed and visibly shaking when talking to officers. Based on the on-scene observations and Officers observing XXXto appear to be guarding an object in his waistband area XXXexited the vehicle and was frisked yielding negative results.   CG03F (O'Connor & Griffiths)",1
FC25002951,2025-06-08 01:02:00,,DORCHESTER,2124,Stopped,Reasonable Suspicion , Body Worn Camera,Passenger Car/ Automobile,1,0,0,1,1,"Tstop of a gray Nissan Altima XXXat the intersection of Washington Street and Fuller Street for tints (90/9D) and number plate violation (90/6).  Operator/registered owner:XXX; prior F/A, armed robbery, etc. on BOP).  Upon approach, the officers thought they observed movement inside of the vehicle but were unable to tell due to the excessive tints. Upon making contact with XXXhe initially refused to roll the windows down for the officers. After eventually rolling the windows down, XXXturned his music up and would not engage in conversation with the officers.  Due to the behaviors mentioned above, the active gang involvement, and history around firearms, the officers issued an exit order. A pat-frisk of XXXand the vehicle yielded negative results.  The front windows were measured at 4% and the rear windows at 3%. Citation issued via MACCS.  CG01A/CG02A (Walsh/Mulrean) & C112A (O'Neill & Williamson)",1
FC25001177,2025-03-21 01:40:00,,BOSTON,2124,Stopped,Probable Cause," Gang, Moped, Body Worn Camera, Auto Investigator",Moped,2,0,1,1,2,"Officers were on routine patrol in the area of Norfolk St. when they observed a black moped being occupied twice. They then conducted a U-turn in an effort to catch up to the moped. Officers positioned their unmarked cruiser behind the moped and observed that it did not have a license plate. Officers conducted a traffic stop at the intersection of Norfolk St. and Woodrow Ave.   OperatorXXX(DOB: XX/XX/XXXXActive ATM, Prior F/As.  Rear Passenger: XXX(DOB: XX/XX/XXXX Due to XXXnot having an active license the moped was towed.   XXXto be summonsed to Dorchester Court for unlicensed operation and issued citation.  CK01A (McPherson, O'Neill)",1
FC25004335,2025-08-09 02:08:00,COLUMBIA RD,BOSTON,2125,Stopped,Intel, Body Worn Camera,Suv (sport Utility Vehicle),1,1,0,0,0,T/S of a Black 2013 BMX X3 XXXfor Equipment Violation and Improper Display at XXXColumbia Road.  Operator: XXX XX/XX/XXXXXXXassociate. 53 entries on BOP between Adult and Juvenile appearances to include prior F/A's (2009) and unarmed robbery (2024)  Barnes was initially cordial with Officers explaining he just registered the vehicle today and had issues mounting the rear plate.   Written Warning Issued through MACCS XXX  FIOE to associate with Black BMW X3 bearing MA REG XXX H101A (Flaherty/Bennett),0
FC25003268,2025-06-25 18:33:00,,DORCHESTER,2125,Stopped,Probable Cause, Body Worn Camera,2-Wheeled Motorcycle,2,2,0,0,1,"About 6:30 PM, Wednesday, June 25, 2025, Officer D. Kennedy (H435F), made an on-site arrest of XXX for receiving a stolen scooter at Quincy Street and Columbia Road, after XXXrear-ended a marked Boston Police Cruiser. Accompanied XXXon another scooter was XXX who was dressed in a black Nike hoodie, blue jeans and a black ski-marks. XXXhas prior F/A charges on B.O.P. XXXwas placed under arrest. Please see Boston PD case# 252051383.",1
FC25003517,2025-07-06 16:37:00,,HYDE PARK,2136,Stopped,Reasonable Suspicion ," Gang, Body Worn Camera",Passenger Car/ Automobile,1,1,0,0,1,"YVSF  VK-07/10/16/14  Officers conducted A M/V stop for MGL. Ch.90/10 (speeding) of Massachusetts Registration XXX(Gray 2021 Jeep Compass) at the intersection of Chaple Road & Safford St. Hyde Park  Officers identified the operator as XXX/Prior F/A's).   It should be noted, during the traffic stop, XXXwas highly confrontational, refusing to roll his windows down or comply with Officers multiple requests to unlock the vehicle. Additionally, XXXappeared visibly nervous (hands shaking) and repeatedly yelled back at Officers.   Exit order was safely conducted and a pat frisk of both XXXand the vehicle was executed which yielded no weapons.   verbal warning was issued for said violation.  Vehicle associated with aforementioned individual.  FIO’d and released.",1
FC25004586,2025-08-21 00:09:00,WASHINGTON ST,ROXBURY,2119,Stopped,Reasonable Suspicion ," Body Worn Camera, Shots Fired",Passenger Car/ Automobile,1,1,0,0,1,"About 0007 hours on Friday, August 22, 2025, B2 officers responded to XXXSeaver Street for a ShotSpotter activation for nine (9) rounds. Sgt. Det. DeVito was traveling on Washington Street toward Columbus Avenue when she observed a blue Honda traveling at a high rate of speed take a right from Cobden Street onto Washington Street. Sgt. Det. DeVito noted this was a likely path of travel from the area of the shots to avoid the major intersection. She also knew there had been two recent shootings on Cobden Street. She turned around and caught up to the vehicle as it took an abrupt left into the parking lot at XXXWashington Street. The car parked in the back of the lot and she observed the driver get out of the vehicle and appeared to be walking around his car looking at the passenger side. She requested units to assist stopping the occupant(s).  BK01A (Dunn/Walsh), B412A (Abel), and B456A (Murphy) assisted. The driver, XXX(DOB: XX/XX/XXXXwas stopped quickly walking away from his vehicle as the officers pulled up. Sgt. Det. DeVito frisked him and no weapons were located. He said he was coming home from a work shift, which ended at 2300 hours. He said he drove straight down Washington Street from Forest Hills. Then he said he dropped off a coworker near Burger King in Dorchester near Fields Corner.  Sgt. Det. DeVito checked with the officers at XXXSeaver Street and determined they had not found ballistic evidence, damage, or witnesses. The 911 caller did not describe anyone leaving the scene. XXXwas FIO'd and released.  At 0159 hours officers and detectives returned to XXXSeaver Street for ballistic damage to the residence from the early incident.",1
FC25003728,2025-07-15 12:45:00,BAIRD ST,DORCHESTER,2124,Stopped,Reasonable Suspicion , Body Worn Camera,"Light truck (van, mini-van, pick-up, sport utility",1,0,0,1,0,"Officers were aware of a BOLO in relation to a robbery incident for a white ""Max Ride"" transport van being operated by a black male, 5'11, medium build, 38-40 years old, with dreadlocks. A possible vehicle, MA:XXXwas located unoccupied in the area of XXXBlue Hill Ave.  Officers later observed MA: XXX(2008 Honda Accord, black) pull in front of the van and a short time later, an individual matching the suspect's description from the robbery exited the Honda, entered the van, and began driving away. The van was later stopped on Baird Street and the driver was identified as XXXstated he ""knew what this was about"" and made references to the incident in question. The C804 (Det. Goggin) was notified and the suspect was FIO'd and released.  Adams, Black, Murphy, Pierre",0
FC25000923,2025-03-07 19:29:00,,DORCHESTER,2121,Stopped,Probable Cause, Body Worn Camera,Passenger Car/ Automobile,1,0,1,0,0,TSTOP of the above mentioned subject for (89/9)  Subject has prior (F/A charges)  subject was cordial with Officers   FIO for intel purposes  H202F (Greaves/Barros),0
FC25006242,2025-11-25 19:00:00,BUNKER HILL ST,CHARLESTOWN,2129,Stopped,Probable Cause, Body Worn Camera,Passenger Car/ Automobile,1,0,1,0,0,"At 5:30 PM on 11/25/25, the Officer stopped a red, Toyota Corolla (MA reg. XXXfor VALs (did not stop at stop sign on Monument St at Bunker Hill St) and identified the below driver:  XXX(DOB XX/XX/XXXX- prior ADW, ABDW out of Brighton and F/A out of Roxbury. XXXwas immediately uncooperative with the Officer and claimed he could not have seen him ""miss"" the Stop Sign from where he was positioned. XXXhad a metal baseball bat positioned between his feet on the floorboard of the vehicle. When asked about it, XXXstated he ""liked to swing,"" but did not play baseball. Verbal warning issued.   Later, XXXwho lives in Charlestown, approached the Officer as he was parked on Walford Way and Monument Street and began verbally berating him, claiming he was racist and profiling him. XXXremained at the side of the Officer's cruiser for several minutes recording him.   Approximately fifteen minutes after the above second interaction, when the Officer was stopped on Monument Street at Bunker Hill Street engaging numerous community members cordially, XXXapproached the Officer again and began berating and recording him. The Officer left the area.   FIOE'd for Officer safety.  Ostholthoff (AG02F)",0
FC25005736,2025-10-24 01:22:00,,DORCHESTER,2124,Stopped,Probable Cause, Body Worn Camera,Suv (sport Utility Vehicle),2,2,0,0,2,"T/S for VAL (No Lights) on a black 2021 Nissan Rogue MA REG: XXXat the intersection of American Legion Highway and Canterbury St.   Operator:XXX (DOB: XX/XX/XXXXPrior F/A.  Passenger: XXXl (DOB: XX/XX/XXXXHas been FIO'd withXXX.   While officers were walking up to the vehicle they observed movement throughout the vehicle. While speaking with occupants XXXat first refused to give officers his name then asked to step out of the car so he could be identified. Due to multiple observations throughout the interaction officers issued an exit order.  MV and Occupants pat-frisked to no avail. While frisking the vehicle officers observed multiple loose panels as well as the gear shifter which popped right open with no force needed.  Verbal Warning issued.  FIO'd to associate occupants to M/V.  CK01A (McPherson, O'Neill) C112A (Fawkes, Belanger).",1
FC25001774,2025-04-20 21:08:00,,BOSTON,2121,Stopped,Probable Cause, Body Worn Camera,Suv (sport Utility Vehicle),1,0,0,1,1,"T-stop of MA REG: XXX(black 2020 Range Rover) for Revo/Insc (90/34J) at the intersection of Norwell St and Trinity Terr. Op identified as XXX(prior trafficking & possession) who was cordial with Officers throughout the stop. Unidentified passenger appeared nervous and refused to speak to Officers on scene. Exit order issued due to the Revo/Insc. XXXexplained that he changed insurances and provided Officers with the most recent payment dated Friday, 04/18/2025.   Verbal Warning issued and Officers advised XXXto leave his vehicle parked until CJIS updates on Tuesday due to Monday being a holiday.  FIOE to associate XXXwith the vehicle.  H104F (Swanson/Ruane)",1
FC25001587,2025-04-12 01:18:00,,DORCHESTER,2121,Stopped,Probable Cause," Body Worn Camera, Gang",Passenger Car/ Automobile,1,1,0,0,0,"About 1:18 AM on Saturday, 04/12/2025, Officers assigned to District B-3 conducted a traffic stop on NJ Reg. XXXsilver colored 2022 Chevrolet Malibu rental car for speeding and marked lanes violation in the area of Blue Hill Avenue and Warren Street.  Operator identified asXXX, multiple prior F/A and 94c). While retrieving the vehicle's registration Officers saw multiple prescription pill bottles in the glove box. When asked about them, XXXshowed Officers that the bottles did bear his name. XXXwas cordial throughout the stop but was argumentative about the reason for the stop.   XXXwas given a verbal warning for the above offenses.  FIOE to associate with vehicle.  CK02A (Ashe/Parlon)",0
FC25001089,2025-03-15 19:17:00,EDGEWATER DR,BOSTON,2126,Stopped,Probable Cause, Body Worn Camera,Passenger Car/ Automobile,1,1,0,0,1,"TS of VT REG XXX(2008 Gray Nissan Rogue) for Ch 90 s9D (Unregistered MV). Operator was identified as XXXDOB XX/XX/XXXX(Open Trafficking of Fentanyl, Dist. Class A with prior 94C on BOP as well). XXXwas issued an Exit Order in order to allow a tow of the vehicle. An inventory of the vehicle was completed along with a pat frisk of XXXwhich yielded negative results.  XXXultimately got his own tow for the vehicle. MA Uniform Citation XXXissued and mailed to XXXdue to a printer issue in the cruiser.  FIO'd for Intel  C660F (Kennedy)",1
FC25004362,2025-08-11 00:04:00,JEWISH WAR VETERANS DR,DORCHESTER,2121,Stopped,Probable Cause," Gun, Body Worn Camera",Passenger Car/ Automobile,3,3,0,0,3,"Officers responded to a Person with a Gun atXXXewish War Veterans Drive.  Caller reports male in a Grey Infinite MA-XXXhad an AK47 style gun outside his vehicle.  Officers observed 3 males outside a grey Infinite bearing the same plate   XXXk (DOB: XX/XX/XXXX49 Entries on BOP including Prior F/A's, Armed Robbery, and Assault to Kill.XXXXX/XX/XXXX39 Entries on BOP including Poss Class B, Armed Robbery, Mayhem, and Kidnapping.XXXXX/XX/XXXX2 Entries on BOP for Vandalism.  XXXstated it was his vehicle.  A firearm investigation was conducted and resulted in the recovery of an AK47 style rifle in the trunk.  XXXwas placed under arrest and transported to B3XXX FIOE'd and released.  CK02A (O'Neill/McPherson/Calabrese)",1
FC25003658,2025-07-13 01:27:00,,BOSTON,2111,Stopped,Reasonable Suspicion , Body Worn Camera,Passenger Car/ Automobile,5,0,0,5,0,"About 1:27am Officer Scheele and Spellman conducted a Traffic Stop at Summer and Arch Street, Boston.   Officers observed a white 2004 Toyota Camry (MA: XXXdriving the wrong way down Summer Street. Officers stopped the vehicle. Officers observed all five occupants not wearing seatbelts. All occupants appeared nervous upon encountering police.   The occupants were as follows:  Driver-XXX BOP for VALS  Passenger-XXXBOP- Open Possession Burglarious Tools, Conspiracy  Rear Passenger- XXXno BOP  Rear Passenger-XXX no BOP  Rear Passenger- XXX- BOP- Conspiracy, Ammo no FID, Shoplifting    The occupants stated they were working Grubhub. Officers did not see any deliveries in the vehicle and noted that all parties stated they lived in Worchester. Officers observed multiple parties holding masks (shiesties).   XXXwas the suspect in a Check Fraud scheme in East Boston on July 1, 2024 (I242054075 ).   Massachusetts Uniform Citation Issued.  FIOE to tie occupants and the vehicle.",0
FC25003377,2025-06-29 20:11:00,FRANKLIN PARK RD,DORCHESTER,2121,Stopped,Probable Cause, Body Worn Camera,Passenger Car/ Automobile,3,0,1,2,1,"Traffic Stop for Vals (speeding/reckless operation) of a black KIA bearing NJ Reg: XXXat XXXFranklin Park Rd.  Officers were traveling on Franklin Park Rd when a Black KIA traveling at a high rate of speed passed them on the left side and continued straight crossing over the yellow lines into oncoming traffic. The Black KIA nearly struck two vehicles head on in the opposite lane of traffic before swerving right back into the proper lane in front of Officers.   Officers immediately activated their lights and sirens and conducted a traffic stop. At the time of the traffic stop there were hundreds of cars parked along Franklin Park Rd and numerous pedestrians in the area. Due to the dangerous speed and reckless operation of the vehicle Officers immediately told the driver, later identified asXXX (DOB: XX/XX/XXXXto step out of the vehicle. Mr. XXXstated he thought Franklin Park Rd was a one lane road and that was the reason why he passed officers.  Officers spoke to front passenger, XXXand rear passenger,XXXwho stated they were going to the car meet up at Franklin Park.   It should be noted, during the traffic stop an unidentified male on a stand up scooter approached officers filming and yelling at officers stating they were harassing people and requested their badge numbers.  Officers issued a verbal warning.  BK03F(Kerin/O'Brien/McQuaid/K. Ryan)",1
FC25005270,2025-09-29 17:38:00,HAVELOCK ST,DORCHESTER,2124,Stopped,Encounter," Juvenile, Drugs",Passenger Car/ Automobile,5,4,1,0,4,"On 9/29/2025, Officers from the B3 DCU on sited an aggravated assault after observing 4 males, XXX exit Mass Reg XXX(light blue Honda Accord) whereXXX was observed assaulting the victim XXXXX was arrested for A&B and XXX for Aggravated Assault (Knife). The victimXXXsustained minor injuries. XXX were released.",1
FC25000561,2025-02-08 00:00:00,CUMMINS HWY,MATTAPAN,2126,Stopped,Reasonable Suspicion ,,Passenger Car/ Automobile,2,2,0,0,2,While conducting surveillance in the area of XXXCummins Highway Officers observed a female exit the passenger side of MA REG XXXa black Toyota Camry and walk to the passenger side window of NH Reg XXXa black Infiniti Q50 and quickly exchange an item. After the female passenger got back into the Camry immediately exited the parking lot. Officers conducted a traffic stop based on the observation and the vehicles dark window.  Upon approaching the vehicle there appeared to be movement inside of the car. The female was now in the drivers seat and a male was in the passenger seat.  DriverXXX passengerXXXadmitted to switching seats as Officer approached. Both parties denied meeting anyone inside of the Burger King lot. Search of the vehicle yielded negative results. Verbal warning for window tint and Works unlicensed operation . Officer unable to locate the black Infiniti sedan.,1
FC25002118,2025-05-06 17:30:00,WASHINGTON ST,BOSTON,2110,Stopped,Encounter, Body Worn Camera,Passenger Car/ Automobile,1,0,1,0,1,"Officers observed Maine XXX4 Door 2025 Hyundai Sonata traveling at a high rate of speed through Downtown Crossing at Summer Street x Washington Street. Operator later identified as XXX XX/XX/XXXXcontinued to slowly drive after Officers activated blue lights and sirens and delayed coming to a complete stop. Pat Frisk yield positive result for a black/brown folding knife.   CJIS query revealed Active License, No active warrants. XXX was listed on the rental agreement present in the glove compartment.  BOP to include: Negligent operation, Resisting Arrest, ADW.   XXX was involved and listed as a suspect/involved person in a firearm recovery in C6 09/17/2020, reference I202067927. Passenger in a vehicle that fled from Transit PD, ultimately leading to recovery of a firearm after a search of the area where the vehicle occupants were observed ""frantically"" searching with cell phone flashlights. MA REG: XXXinvolved in I202067927 was, at that time (2020) recently involved in an FIO pertaining to a shots fired call in B2, please see FIOE XXX FIOE created for intel  AK01(Flaherty/Ostholthoff)",1
FC25002551,2025-05-23 00:00:00,RIVER ST,MATTAPAN,2126,Stopped,Encounter," Body Worn Camera, Gang",Passenger Car/ Automobile,1,1,0,0,0,"On 5/23/25 Officer Mirville and Rosa on directive patrol traveling on Rector Road Mattapan, which is designated as a one-way street conducted a T/S of MA REG: XXXBlack Ford Focus (heavily tinted) for operating in the wrong direction on the one-way street.  Upon observing the marked cruiser, the operator of the vehicle abruptly executed a U-Turn and made a left turn onto River Street. Officers conducted the T/S at XXXRiver Street.  Operator identified as XXX DOB: XX/XX/XXXXXXX Gang Member) and an unidentified passenger   XXXwas cordial throughout the stop and stated he turned onto the street to attempt a U-turn.   It should be noted XXXhas a previous firearm arrest (I#182014049) and also labeled as armed & dangerous, but CJIS inquiry is revealing NO BOP   XXXwas given a written warning via MAACS XXX FIO for intel/place in vehicle  Mirville/Rosa L101D",0
FC25002973,2025-06-09 00:00:00,,DORCHESTER,2124,Stopped,Reasonable Suspicion ,,Passenger Car/ Automobile,2,0,1,1,1,TS VALS (Tints)  Officers observed the vehicle to drive about 75 yards with it's turn signal on and no one in front of it to block it from being able to pull over.  Officers observed the passenger of the vehicleXXX to be breathing heavily and his heart to be beating as if he just ran a large amount. Officers observed his heart to be beating so fast it was causing his breast area to be shaking at a high rate of speed.   Officers also observed him to be on facetime with XXX who Officers had previously arrested with a firearm. Officers asked the female driver about the long pull over who stated she did not want to stop in the bus stop which was far behind the stop.   Officers asked if there were any weapons or more marijuana (there were bags in the gear shift area) to which the male stated no. Officers removed the male who was instantly confrontational from the vehicle and observed a large bag of marijuana at his floor area as well as a knife and pepper spray in the center console area.  Officers also observed more marijuana throughout the vehicle.   As officers conducted this traffic stop an unknown male came up and began filming officers in a confrontational manner.   Officers advised XXXabout the amount of marijuana as well as it needing to be in original packaging from the dispensary. Verbal warning given for tints.,1
FC25004204,2025-08-02 17:24:00,,DORCHESTER,2124,Stopped,Probable Cause, Body Worn Camera,Passenger Car/ Automobile,2,2,0,0,1,"T/S MA REG: XXXfor 90/13B (distracted driving)  Operator and sole occupant: XXXt XX/XX/XXXX(Previous F/As, XXX  Vehicle is registered to XXX girlfriend, XXX XX/XX/XXXX Upon observing officers’ cruiser, XXXidled at a stop sign for several cycles. Officers observed this to be due to XXXattention being focused on unexpected police presence. XXXthen drove his vehicle for several blocks before quickly pulling over in front of a fire hydrant once he realized officers’ cruiser was behind his vehicle. During the stop, officers observed XXXto be highly animated and speaking at a rapid pace. Based on these observations, an exit order was given.   Frisk of XXXand vehicle revealed nothing of evidentiary value. XXXwas compliant with officers and stated that, ""he's not doing that stuff anymore"".  XXXdoes not currently have a valid MA DL. XXX arrived on scene and took possession of the vehicle.  Verbal warning given for the infractions.  CK01F",1
FC25004050,2025-07-26 22:00:00,,BOSTON,2119,Stopped,Reasonable Suspicion , Body Worn Camera,Suv (sport Utility Vehicle),2,1,0,1,1,"TS for VALS (no headlights) MA REG: XXXat the intersection of Washington Street and Dale Street, Roxbury  Op:XXX (DOB: XX/XX/XXXX Front Pass: XXX(DOB: XX/XX/XXXX Officers observed the follow CJIS recent inquiry remarks: OFFICER SAFETY-GUNS-BROCKTON BOLO BRAINTREE OFFICER SAFETY  Officers observed both parties moving around the interior of the MV while approaching the MV. Officer Kadey observedXXXith a rolling tray of marijuana which seemed to be quickly thrown on the front passenger floor board and a backpack in between his legs. Both parties appeared to be nervous, breathing heavily, and their hands shaking while speaking to the Officers on scene. Due to the recent CJIS inquiry remarks and the observations listed above an exit order was issued to both parties.  Persons / MV was pat frisked to no avail. XXXwas issued a verbal warning.  MSP arrived on scene and stated they were no longer interested in the MV.  BK02F (Kadey/Gannon/Gelinas/Deluca)",1
FC25005356,2025-10-02 19:00:00,,BOSTON,2124,Stopped,Reasonable Suspicion ,,Passenger Car/ Automobile,3,2,0,1,2,"T stop of a 2014 Mercedes C-Class (MAReg# XXXin the area of Woodrow and Norfolk St for speeding. Upon the vehicle speeding by officers unmarked cruiser officers saw the brake lights quickly illuminate and the back passenger turn around in the seat to watch officers. CJIS inquiry then revealed XXXhits for ""Fail to stop"". Officers conducted a traffic stop and approached the vehicle. Driver wasXXX(DOB XX/XX/XXXXfront passXXX (DOB: XX/XX/XXXXActiveXXX, known to associate with XXX, Armed Robbery, ABDW, 94C on BOP. Back pass was XXX. All parties in the vehicle spoke extremely softly to the point officers had to continuously ask them to speak up. XXXstated it was her brothers car but she drives it. XXXwas extremely stiff in the vehicle and officers observed a back pack tucked behind the driver seat. Officers asked about the backpack and all parties in the vehicle acted as if they were unaware of the bag and took no ownership. Parties were removed from the vehicle due to the nervous demeanor, parties distancing themselves from the backpack, and the significant amount of hits on the motor vehicle. Parties and Vehicle frisked with negative results. Officers advised the parties of the reasoning as well as the significant amount of hits on the car. Parties stated they just got the vehicle last week. Verbal warning issued, FIOED for documentation and released.",1
FC25005593,2025-10-17 11:30:00,,BOSTON,2119,Stopped,Reasonable Suspicion , Auto Investigator,Passenger Car/ Automobile,1,1,0,0,0,"On Friday, October 17, 2025, Area B-2 Officers were working an assigned foot post in the New Market Square area of Boston, MA. At approximately 11:30 am EST, their attention was brought to Pierson Street and Allerton Street, Roxbury, MA 02119, for peculiar behavior by XXX DOB XX/XX/XXXXOLN XXXA witness reported XXXhad been parked on Pierson Street and circling the area since 4 am EST.   Officers located XXXparked in an Enterprise rented gray 2024 VW Jetta bearing Georgia registration XXXon Pierson Street. XXXwas accompanied by his Pitbull named XXXXXXwas friendly and showed no signs of aggression. Parked behind XXXwas a 2005 Buick Rendezvous bearing MA Reg XXXThe witness reported XXXhad been making frequent trips to this parked and unoccupied vehicle for unknown reasons.  Officers questioned XXXabout his relationship to the car behind him. He stated he just bought the car and was in the area to get a U-Haul trailer so the car could be moved to storage. He denied being in the area since 4 am EST. He fully cooperated with the officers and stated he was originally from Toronto, Canada. He had an active MA Driver's License and no outstanding warrants.   XXXwas informed both cars were parked in a designated tow area, and they needed to be moved in a reasonable amount of time. XXXagreed and said they would be moved within an hour.   Incident documented on BWC under P250512647.",0
FC25001208,2025-03-22 00:00:00,,ROXBURY,2121,Stopped,Reasonable Suspicion ," Body Worn Camera, Gang",Suv (sport Utility Vehicle),2,2,0,0,2,"About 9:15PM, on Saturday, 03/22/2025, T/s of MA REG XXXat the intersection of Holborn St & Maybury St for red light violation (89/9).   As officers approached, officers observed the front seat passenger make numerous sudden movements.   Operator identified as registered owner XXX (Numerous prior f/a, numerous Open f/a).   Front seat passenger XXX(Numerous prior f/a, prior home invasion, guilty armed robbery, open 94C).  As officers were speaking with XXXhe was noticeably nervous and uncomfortable speaking with officers.XXXalso in active feud with XXXwhich is in close proximity to where vehicle was travelling. Due to above mentioned reasons, exit order and frisk was conducted. Nothing of evidentiary value recovered.   FIOE'd and released. Citation issued.   BK02F (Kovaleski / Kadey / Gannon / Gelinas).",1
FC25004133,2025-07-30 22:55:00,CAMBRIDGE ST,BRIGHTON,2134,Stopped,Encounter, Body Worn Camera,Passenger Car/ Automobile,1,0,0,1,0,"TS on Cambridge St/Mass Pike on ramp along with K915 (Sgt. Schmidt) and other D-14 Units. MA Reg. XXXtraveling in the GAP area without headlights before leaving on Cambridge St, inbound. GAP area is well-known for a series of break-ins. Operator (XXX FIO'd, verbal warning issued and released. XXXexplained he was moving his son into the area.  BWC Activated.",0
FC25000739,2025-02-21 14:18:00,WARREN ST,ROXBURY,2119,Stopped,Probable Cause, Gang,Passenger Car/ Automobile,2,2,0,0,0,"YVSF Intel - VK23  KnownXXX drug dealers/gang members at a known drug location - Observed XXX(operator) and XXX(front passenger) sitting inside MA reg: XXXOfficers noted the vehicle was uninspected and were aware XXXhad a suspended driver's license.  XXXinitially seemed to be unsure who owned the car he was sitting in. He was uncharacteristically animated and hostile, despite normally joking and casually conversing with these officers on a daily basis. XXXon the other hand, is usually disruptive, rude, and angry. During this stop, he was uncharacteristically quiet, even tempered, and even urged XXXto cooperate with the officers.   Given the above, along with the fact that both males were present immediately after a double shooting the night before, they and the vehicle were frisked for officer safety with negative results.   XXXwas advised against driving with a suspended license.",0
FC25005764,2025-10-26 03:18:00,BLUE HILL AVE,BOSTON,2126,Stopped,Probable Cause, Body Worn Camera,Passenger Car/ Automobile,1,1,0,0,1,"About 3:18 AM on Sunday 10/26/25 Officers observed a white 2013 Audi A6 bearing MA PAN XXXtraveling outbound on Blue Hill Ave. with a headlight out (90/7). A CJIS query showed the plates belonged to a brown Maserati Ghibli. Officers initiated a stop in the area of XXXBlue Hill Ave. The driver was identified as XXX(Prior F/A). The female passenger was not identified. XXXwas unable to provide officers with the appropriate documentation. Both the driver and passenger were resting on the center console.  Officers issued an exit order and pat frisk the driver and vehicle to not avail. XXXwas able to supply officers with information to prove he was legally in possession of the vehicle.   Due to the sick female passenger and colder weather, the suspect was advised to park the car until the registration and insurance issues were rectified. Verbal warning for the above offenses.",1
FC25003556,2025-07-08 12:38:00,ROSSETER ST,DORCHESTER,2121,Stopped,Reasonable Suspicion , Body Worn Camera,Passenger Car/ Automobile,2,1,1,0,1,"Officers stopped MA XXX(2009 Gray Nissan Altima) at XXXRosseter Street for multiple violations of the auto laws.  DriverXXX XX/XX/XXXX Passenger:XXX XX/XX/XXXX Officers were traveling on Washington Street having just passed Eldon Street when they observed MA Reg: XXXwith excessive tint. Officers conducted a U-Turn to conduct a traffic stop when they observed the motor vehicle to begin to accelerate their speed up Eldon Street. Once officers turned onto Eldon Street they observed the motor vehicle driving at a speed greater than reasonable and proper and taking a dangerous turn onto Rosseter street due to their speed.  At this time, officers believed that the operator was attempting to evade police or possibly be fleeing from police due to the way they were operating their vehicle. Once officers turned onto Rosseter Street, the operator then abruptly attempted to park the vehicle on side of the road. Officers are aware that individuals will attempt to park the vehicle before being stopped by police to evade the traffic stop.  Officers were now on high alert due to the operator trying to evade police by conducting numerous maneuvers. Officers activated their lights and sirens and conducted a traffic stop at XXXRosseter Street. Officers spoke to the operator (XXX who immediately became argumentative towards officers and was visibly shaking throughout the stop. Mr. XXXadmitted to officers that he was shaking due to being nervous. Mr. XXXalso stated that he did begin to speed while he was on Eldon Street because he knew that the police were behind him and that they kept a visual on officers once they passed them on Washington Street. Mr. XXXstated that he would not have stopped for the police if he had anything on him and even would have dropped his girlfriend off before fleeing.   Officers conducted a pat frisk of Mr. XXXand the motor vehicle which yielded negative results.  Mr. XXXcontinued to be argumentative while also threatening officers.  Mr. XXXgirlfriend XXX) was cordial and cooperative during the duration of the stop while also trying to get Mr. XXXto stop his actions.  Officers explained to Mr. XXXthe dangers of speeding at that rate especially in a residential area and advised him of the tint laws in Massachusetts . Officers tested the windows of Mr. XXXvehicle which resulted in 1% and 2% tint on his windows.  Mr. XXXwas informed that he will receive MA Uniform citation XXXin the mail due to the printer not working in the officers cruiser.  FIOE and released.    CK02D - Griffiths/O'Connor",1
FC25000291,2025-01-20 17:47:00,BLUE HILL AVE & RIVER ST,BOSTON,2126,Stopped,Probable Cause, Body Worn Camera,Passenger Car/ Automobile,1,1,0,0,0,"T/S on 1/20/2025, at approximately 5:47 P.M. for black in color 2020 Range Rover (MA REG. XXXfor electronic device, use while operating MV, (90/13) at Blue Hill Ave. and River Street.   Operator/registered owner identified asXXX Prior Firearm, Discharging Firearm & Assault to Murder. XXXshot a Boston Police Officer in Sept. of 2018 in the South End, Boston. See I#182076987.   A CJIS Inquiry of Mr. XXXMassachusetts driver's license yielded an active status. XXXstated he was on his way to his friends house in Milton, MA.   Officers issued MA Citation XXXin hand.   FIOE for intel purposes.  (Sandoval/M.Foley)",0
FC25002013,2025-05-01 13:44:00,THANE STREET,BOSTON,2124,Stopped,Probable Cause," Gang, Other Agency/Unit Notified, Gun, Search Warrant, Body Worn Camera, Drugs",Passenger Van,5,5,0,0,3,"C-6 DCU officers with the assistance of D-14 DCU, E-13 DCU & B-3 Anti-Crime Unit executed XXX which led to the arrest of XXX(prior F/A's -XXX(Prior F/A's - XXX and XXX(Prior F/A's & 94C - XXX).   Throughout the course of this investigation, XXXutilized MA REG: XXXto advance their drug enterprise. During the subject stop where they were lawfully detained, an unidentified middle aged black female arrived in MA REG: XXXBoth vehicles are rented. However, this female party was allegedly related to XXXas well. She arrived minutes after the stop.   The search warrant resulted in the recovery of 2 firearms, 2 kilograms of cocaine, 9 grams of crack cocaine, 55 grams of marijuana and $9,980 in USDXXX resides at XXXThane Street, Apt XXXXXX(Extensive BOP surrounding around F/A's and 94C out of Suffolk Superior and Boston Federal Court) is her sibling and accompanied her with the taking of custody of the apartment.",1
FC25006635,2025-12-28 01:59:00,ELLISON AVE,BOSTON,2126,Stopped,Probable Cause, Body Worn Camera,Passenger Car/ Automobile,2,2,0,0,2,"T/S for VAL (Speeding) on a 2026 black BMW 530E MA REG: XXXat Ellison Ave and Gallivan Blvd.  Operator: XXX (DOB: XX/XX/XXXXPrior F/As.  Rear Passenger: XXX(DOB: XX/XX/XXXX While speaking with the operator XXXofficers asked where he was going and he answered that he was going home but could not give an exact address. XXXeventually told officers he was heading home to Fuller St. Due to observations on scene as well as XXXbeing evasive with his answers to officers an exit order was issued.  Occupants/MV pat-frisked to no avail.  While officers were frisking the vehicle XXXmade statements that he beat two firearm charges.  Verbal Warning issued.  FIO'd to associate XXXwith MV.  CK02A (McPherson, O'Neill) C907 (Sgt. MacDonald).",1
FC25004072,2025-07-27 22:50:00,,CHARLESTOWN,2129,Stopped,Probable Cause, Body Worn Camera,Motorhome/ Camper/ RV (Recreational Vehicle),4,0,3,1,0,"About 10:50pm, traffic stop on a 2019 Chatham Enterprises Autumn Camper Van (MA REG# XXX at Austin St. & New Rutherford Ave, Charlestown.  Officers initially observed this camper at Hood Park Drive & Spice Street before it appeared to drive off after observing officers. Officers then observed this camper travel to the 7eleven at XXXMain Street. Officers observed who they knew to be XXX (DOB XX/XX/XXXXwho lives in a Blue van behind the dirt lot on Spice Street. Officers know that there have been complaints of package thefts at residential buildings around Hood Park and residents have made mention of suspects possibly being individuals living in vans across the street.  Officers observed the van leave the parking lot and drive the wrong way in Thompson Square onto Dexter Row, Officers also observed a headlight to be out.  Officers stopped the camper and identified the the driver as XXXDOB XX/XX/XXXXhis BOP consists of Indecent A&B 14 or over, Open & Gross, and Lewd & Lascivious.  In rear of the camper was XXX (DOB XX/XX/XXXXBOP consists of 94c, Robbery & ABDW.  Also on board was an unknown white female that officers were unable to identify.  XXXclaims to park and live in the camper in various lots around the area. XXXstates he still lives in his van, and XXXclaimed to now live in Hyde Park but has a previous address of XXXRutherford Ave, Charlestown.  Verbal warning issued.  AK01F (Marchand / Hiltunen)",0
FC25001190,2025-03-20 19:53:00,DALESSIO CT,SOUTH BOSTON,2127,Stopped,Probable Cause, Body Worn Camera,Passenger Car/ Automobile,1,0,1,0,1,"XXXstopped in the area of XXXDalessio Operating MA XXX Removed from vehicle for operating after suspension. Vehicle determined to be unregistered.   Officers located 1 round of .38 Special ammunition in glove box.   Arrested for VALS / Ammo Charges.   Officers were met with confrontational residents in the area. Area has had recent F/A violence to include shots fired and BHA firearm arrest.   FK01F (Fullam, Burke)",1
FC25002798,2025-06-02 12:09:00,TREMONT ST,BOSTON,2111,Stopped,Reasonable Suspicion , Body Worn Camera,Suv (sport Utility Vehicle),2,2,0,0,0,YVSF INVEST   VK07  About 12:09 pm on Monday 06/02/2025 Officers in the YVSF conducted a traffic stop of MA registration XXX(Black 2010 Mercedes SUV) for MGL 89-4B (Break down lane violation) at the location of XXXTremont Street.   Officers spoke with the operator who initially identified himself as XXX.  Officers were then able to properly verify the operator of said vehicle as: XXX (resisting arrest/ Larceny of a MV).   Verbal warning was issued for aforementioned violation.  Vehicle associated with aforementioned individuals.  FIO’d and released.,0
FC25004493,2025-08-18 09:17:00,BLUE HILL AVE,DORCHESTER,2121,Stopped,Probable Cause," Warrant Arrest, Body Worn Camera",Suv (sport Utility Vehicle),1,1,0,0,1,"At about 9:45 AM on Monday 08/18/2025 while assigned to the B103D Officers DeLeon Jr and Soto conducted a T/S at XXXBlue Hill Avenue on MA REG: XXXwhich resulted in the arrest of XXX (DOB: XX/XX/XXXX Operator: XXX (Prior 94c) (Prior ABDW)  Officers observed the aforesaid vehicle to be changing lanes in order to take a right turn onto Blue Hill Avenue. After making this observation, Officers then conducted a CJIS inquiry of the aforesaid vehicle to which returned as (“MA Veh. Reg. Status: REVO/INSC”). Officers then conducted a traffic stop on the vehicle.   Officers issued and exit order to XXXdue to the vehicle being revoked, as well as Officers observations (I# 252068203).   Officers conducted a inventory search of the entire vehicle, to no avail.   CJIS inquiry revealed an active warrant issued out of Dorchester District Court (DKT# XXX  265/19/C F ROBBERY, UNARMED c265 S19(b)   XXXwas placed under arrest and transported to D4 for further booking.  FIO for intel.   B103D (DeLeon Jr, Soto)",1
FC25004243,2025-08-05 03:20:00,,BOSTON,2121,Stopped,Reasonable Suspicion ," Gun, Body Worn Camera",Pickup Truck,1,1,0,0,1,"R/C for a person with a gun at Blue hill Avenue and Intervale Street.   Officers located (MA REG: XXX to be driving down Warren Street towards Quincy Street, Officers conducted a T/S of the vehicle at Gaston Street/Warren Street.  Operator Identified asXXX (DOB: XX/XX/XXXX Upon Officers arrival XXXstated to Officers that he has an LTC. Please note that Officers observed a firearm to be located in the passenger seat, after making this observation Officers conducted an exit order immediately.  Please note that XXXwas cordial with Officers through the entirety of the stop.  Officers conducted a CJIS inquiry yielded positive results an LTC to be in XXXname. (License XXX Officers confirmed the firearm to be registered to XXXas well (Serial XXX Officers returned the firearm to XXXXXXwas further released.   B103D (DeLeon Jr./Mason), B201D (Zawadzki, Burrough)",1
FC25000359,2025-01-25 03:11:00,ENTERPRISE ST,DORCHESTER,2125,Stopped,Probable Cause," Body Worn Camera, Other Agency/Unit Notified",Passenger Car/ Automobile,2,2,0,0,0,"About 3:00AM on Saturday,1/25/25 Officers Bartley/Benoit in the F201A along with the FT55/Lepore FK01A Hill/Walsh responded to a radio call for Investigate Person at XXXEnterprise St, Dorchester. Officers were given the following cad notes  CLR STS THAT HE WAS AWAKENED BY CAR ALARMS GOING OFF  CLR STS THAT HE SEES A WHITE SEDAN IDLING AT THE LOCATION  MV HAS A SMALL BLACK SUNROOF / CLR DOESNT HAVE FURTHER DESCRIPTION OF THE WHITE MV  HEADLIGHTS OF THE MV ARE ON  Upon arrival officers observed a vehicle matching the description parked on Enterprise St. Officers encountered two occupants in the vehicle inside of a White BWM bearing MAREG XXX(XXXDOB XX/XX/XXXXand XX/XX/XXXXOfficers observed open container of alcohol on the passenger and a strong odor of marijuana and smoke emanating from of the vehicle on approach. Officers had both subjects step oy the vehicle and performed a frisk of the car. Officers Performed a CJIS inquiry on both subjects which produced negative results. Both subjects stated that they were staying at the Hilton on XXXBoston ST. Officers advised both subjects they were to subject to arrest but that they would be FIO'd and released. Verbal warning issued for VALS. Officers played the area and didn't observe and signs of break-ins.",0
FC25006077,2025-11-14 21:47:00,,ROXBURY,2121,Stopped,Probable Cause, Body Worn Camera,Passenger Car/ Automobile,1,1,0,0,0,"Traffic Stop at Gaston St & Warren St for license plate obstructed (MGL c90 §6).  Subject (XXX was operating a 2012 gray Mazda 3 (MA REG: XXXXXremained cordial and cooperative during the encounter.  A BOP revealed open firearm-related cases, open 94C cases, and prior Assault & Battery Dangerous Weapon charges.   Verbal warning was issued.  Officer Abanoor (B434F)",0
FC25001103,2025-03-16 21:15:00,,MATTAPAN,2126,Stopped,Probable Cause," Body Worn Camera, Gang",Passenger Van,1,1,0,0,0,TS of NC REG XXX(2023 Chrysler Pacifica) for Expired Registration (MGL Ch 90 s9) at the intersection of Blue Hill Ave and Cummins Hwy. Operator was identified as XXX (DOB XX/XX/XXXXXXXhas prior FIO's with XXX NC REG XXXis registered to Enterprise. XXXstated that he recently rented the vehicle.   XXXwas issued a verbal warning and advised to contact Enterprise in order to have the registration renewed.  FIO'd for Intel  C660F (Kennedy),0
FC25006317,2025-12-02 00:56:00,HYDE PARK AVE,HYDE PARK,2136,Stopped,Probable Cause, Body Worn Camera,Passenger Car/ Automobile,1,1,0,0,1,"About 12:56 AM on Tuesday, 12/02/2025, Officers to District B-3 conducted a motor vehicle stop for speeding (MGL 90/17) on a white 2008 Volkswagen Passat bearing MA Reg. XXXin the area of XXXHyde Park Avenue, Hyde Park.  Officers first observed the vehicle turn from Blue Hill Avenue onto American Legion Highway and immediately accelerate to an estimated 50 miles per hour. Officers were initially unable to catch up to the vehicle due to other vehicles impeding their approach of MA Reg. XXXOfficers maintained sight of MA Reg. XXXthe entire length of American Legion Highway where it consistently travelled at about 50 miles per hour. Officers were finally able to reach the vehicle at XXXHyde Park Avenue as it was pulling into the driveway and a traffic stop was initiated.  Operator identified as XXX(Prior F/A) who stated he lived at the above address. XXXhad visible chest rise and fall and appeared nervous. Due to these observations and what Officers perceived to be evasive driving an exit order was issued for fear of weapons being present. Vehicle and operator frisked to no avail, however the panels beneath the center console were almost completely detached, as well as the panel on the front passenger side door, allowing access to the natural voids behind them.  XXXissued a verbal warning for speed and released.  FIOE to document interaction and vehicle.  CK02A (Ashe/Parlon)",1
FC25005339,2025-10-01 17:20:00,LONGWOOD AVE,ROXBURY,2215,Stopped,Reasonable Suspicion ,,Passenger Car/ Automobile,1,1,0,0,0,"About 1720 hours on Wednesday, October 1st, 2025, Sgt. Det. DeVito (B982) stopped and spoke to a male, believed to be XXX (DOB: XX/XX/XXXXXXX prior F/A) in his vehicle, a gray Hyundai Sonata XXXwhich was stopped in the bus lane outside Longwood Galleria. Sgt. Det. DeVito went by the vehicle and only observed a baby standing at the steering wheel. When she got closer she saw XXXreclined in the driver's seat. He said the baby had an appointment at Children's Hospital and they were picking up food. He was advised the reason for stopping to talk to him was out of concern the baby was alone in the vehicle, which he said he understood and he was allowed to wait there in his vehicle. FIO to document the brief interaction and associate his vehicle.",0
FC25003370,2025-06-28 20:00:00,,DORCHESTER,2124,Stopped,Probable Cause," Body Worn Camera, Gang",Passenger Car/ Automobile,2,2,0,0,0,"YVSF TS MA REG XXXon Kerwin St / Talbot Ave - excessive window tint, no brake lights  The vehicle's window tint prevented the windows from being rolled down except the driver's window. It was self-applied window tint. The driver was XXXwho reported he was driving his friend's vehicle XXXwas the sole occupant.   A verbal warning was issued to XXXDriver  Criminal History of note- Guilty Firearm conviction Dorchester District Court, Dismissed assault to murder by firearm Dorchester District Court, dismissed juvenile armed assault to rob  Behavior - uncomfortable with the officer's presence  Clothing - Black T shirt, Celtics Hat  XXXRegistered owner (not on scene)  Gang AffiliationXXX  Criminal History of note- NP armed assault to murder w/ firearm Middlesex Superior, Dismissed A&B gun Dorchester Juvenile",0
FC25005735,2025-10-23 22:00:00,ELM HILL AVE,ROXBURY,2121,Stopped,Reasonable Suspicion ," Body Worn Camera, Gang",Passenger Car/ Automobile,3,3,0,0,3,"YVSF  Officers were on patrol in the area of Crawford Street and Humboldt Ave when they observed a black Chevrolet Malibu bearing MA reg XXXtraveling on Humboldt ultimately taking a left onto Hutchings and a right onto Elm Hill ave. Officers did conduct a stop for drivers side break light not functioning(Chapter 90:7 - defective break light ). Operator was identified as XXX, accompanied by passengers XXX. Both XXXand XXXhave prior firearm charges and are both active in the feud and taunting of rival XXXthru social media.  Operator XXXlicense was suspended on today’s date in which XXXwas unaware of. XXXexplained that in Attleboro he was stopped and the officers attempted an exit order where he “knew his rights” and decided to flee. He explained that he only had “weed” but he wasn’t going to get arrested for that. Ultimately his license was suspended due to a reckless operation, failure to stop.  No occupants in the vehicle possessed a valid license to operate a motor vehicle. Due to the circumstances and observations Officers began an inventory of the motor vehicle with the intent to tow. XXXexplained that his girlfriend uses and needs the vehicle on a daily bases. XXXexplained he has many people he could call to get the vehicle in that area to prevent a tow. Due to his explanation and the license being suspended that day officers decided to utilize their desecration and allow XXXto contact a friend to get the vehicle instead of towing it. Officers also gave him a verbal warning for the violations which he thanked all officers.",1
FC25002105,2025-05-06 02:03:00,,DORCHESTER,2121,Stopped,Probable Cause, Body Worn Camera,Passenger Car/ Automobile,1,1,0,0,1,"About 2:03 AM on Tuesday, 05/06/2025, Officers assigned to District B-3 conducted a traffic stop on a white colored 2006 Honda Civic bearing MA Reg. XXXfor no inspection sticker (MGL 90/7A) in the area of Blue Hill Avenue and Esmond Street, Dorchester.  Driver identified asXXX (Prior F/A, prior 94C). XXXstated that he did not have a license, and Officers observed XXXto have a substantial chest rise and fall. Exit order issued, XXXand MA Reg. XXXfrisked for weapons to no avail. XXXwas cordial and forthcoming with Officers the entire interaction and stated that he was going to the store for his girlfriend before going to work. A number of loose panels were located in the front half of the passenger compartment of the vehicle.  XXXissued verbal warning for the above offenses and was advised to leave the vehicle parked in the legal spot.  CK02A (Ashe/Parlon)",1
FC25004402,2025-08-13 00:00:00,WASHINGTON STREET PL,HYDE PARK,2136,Stopped,Reasonable Suspicion ,,Passenger Car/ Automobile,1,1,0,0,1,"About 11:05 AM on Wednesday, August 13, XXX0XXX5, Sgt. DePina (VK90XXX) was in the area of Washington St/ Faraday St after a double shooting at XXXFaraday St. and observed a Blue BMW (MA REG XXXmake a right turn from Washington St onto Washington Street Pl. Sgt. DePina was aware that a blue BMW sedan was a vehicle of interest as one was seen leaving the area shortly after the incident. Sgt. DePina stopped the vehicle at XXX Washington Street Pl, and identified the driver as Mr. XXXDOB: XX/XX/XXXXSgt. DePina explained the reason for the stop and Mr. XXXstated he lived at XXXFaraday St and left his house about one hour prior to the stop to go run at the park. Mr. XXXstated he saw police coming in as he was leaving, but was unaware there was a shooting.   Mr. XXXand his vehicle were frisked to no avail.",1
FC25006642,2025-12-28 21:35:00,,BOSTON,2124,Stopped,Probable Cause, Body Worn Camera,Passenger Car/ Automobile,3,3,0,0,3,"T-Stop of MA XXXfor VALs (90/24 & 90/7) at Adams St and Beaumont St.   Operator identified as the registered owner XXX(prior adw and a&b). XXXargued the fact that he was stopped for headlight violations and stated that the vehicle was a gift. XXXalso later argued the fact that he received a warning for the above traffic violations.  Front seat passenger identified as XXX (prior assault to murder, guilty convictions for discharging a firearm and poss f/a). XXXwas cordial and polite to Officers on scene. Prior FIO has XXXclaiming XXX although no statements were made during this interaction.  Rear passenger initially provided Officers with the name XXX prior to being identified as XXX (no bop). XXXwas argumentative and refused to roll down rear tinted window.   Due to observations made by Officers on scene a frisk of the occupants was conducted yielding negative results for weapons.  Written warning issued to XXXfor VALs (MA Uniform Citation XXX FIO completed to document behavior and associate parties/vehicle with each other.  H103F (Swanson/Welter).",1
FC25001354,2025-03-29 22:00:00,,ROXBURY,2119,Stopped,Probable Cause," Body Worn Camera, Gang",Passenger Car/ Automobile,3,2,1,0,0,"YVSF - TS Warren / Quincy XXXRental vehicle with excessive window tints  Driver - XXX, Front Passenger XXXMemberXXX and rear passenger XXX has a criminal history out of the state of Maine. He has no Massachusetts identification or criminal history but does come back in NCIC/III. XXX has aXXX On the top of his hand is ""self madeXXXwas given a verbal warning for the window tint  VK10",0
FC25005383,2025-10-05 17:30:00,WARREN ST,ROXBURY,2119,Stopped,Reasonable Suspicion ," Body Worn Camera, Gang",Suv (sport Utility Vehicle),1,1,0,0,1,"TS for VALS (excessive window tints) MA REG: XXXat XXXWarren Street, Roxbury  Op: XXXDOB: XX/XX/XXXXXXXNumerous previous F/As  Officers observed a large knife in plain view in XXXgrabbing area. Officers also observed two fanny packs on the rear passenger floor board. Officers observed XXXto be shaking, avoiding eye contact, and aimlessly scrolling on his iPhone. Exit Order was issued. Pat frisk of his person resulted in negative results. Pat frisk of the vehicle resulted in locating 3 different style of knifes.  XXXwas confrontational and argumentative during the TS but eventually calmed down when the Officers explained their actions and observations. XXXwas issued a verbal warning and was advised how he should properly store his knifes.  FIO to document behavior and associate with MV.  BK02F (Kadey/ Kovaleski/ Gelinas)",1
FC25000589,2025-02-10 22:04:00,,BOSTON,2119,Stopped,Reasonable Suspicion , Body Worn Camera,Passenger Car/ Automobile,2,0,1,1,0,"T/S for speeding Cass at Hampden approx. 10:04pm MA REG XXXOperatorXXXF/A, ABDW), front seat passenger XXXNeither occupant wearing a seat belt. Officers spoke with both individuals via translator. Both occupants were cordial with Officers. Verbal warnings issued. FIO to associate with the vehicle. BWC activated.   D203F (McDonough/Crowley) D425F (Dauber)",0
FC25001078,2025-03-15 01:00:00,MALCOLM X BLVD & SHAWMUT AVE,BOSTON,2119,Stopped,Probable Cause, Body Worn Camera,Passenger Car/ Automobile,1,1,0,0,0,"On Saturday, March 15, 2025, at approximately 1:00 AM, Officer conducted a motor vehicle stop on a red Nissan (Massachusetts Registration XXXfor a violation related to excessively tinted windows.  The driver, identified as Mr. XXX, appeared agitated upon being informed of the reason for the stop, stating that the vehicle was a rental. Officer explained the violation to Mr. XXXwho continued to express frustration during the interaction. After assessing the situation,  Officer issued a Massachusetts Uniform Citation XXXto Mr. XXXfor the excessive tinted windows.",0
FC25003694,2025-07-14 17:58:00,,ROXBURY,2119,Stopped,Reasonable Suspicion , Body Worn Camera,Suv (sport Utility Vehicle),1,1,0,0,0,"About 5:58 PM on Monday, 7/14/2025 Officers observed a male using a cellphone while driving in the area of Dudley Street and Vine Street.  Officers performed a traffic stop of MA reg. XXX(2021 Toyota Highlander color gray) and observed the driver to be XXX (Prior F/A charge). Officers issued a written warning for hands free operation.  BK02F (Gelinas/Gannon/Kadey)",0
FC25004530,2025-08-20 03:00:00,GENEVA AVE,DORCHESTER,2121,Stopped,Probable Cause,,Passenger Car/ Automobile,1,1,0,0,1,T/S AT XXXGENEVA AVE OF SOUTH CAROLINA TEMP TAG XXX(BLACK HONDA ACCORD) FOR EXPIRED REG   DRIVER WAS XXX. XXXSTATED HE WAS NOT AWARE THE REG WAS EXPIRED.XXXCONTACTED OWNER VIA PHONE DURING STOP. VEHICLE WAS INVENTORIED BY OFFICERS. XXXSTATED HE WAS ONLY GOING DOWN THE ROAD AND HAD BEEN STOPPED BY POLICE RECENTLY AND WAS NOT INFORMED OF THIS ISSUE. DUE TO THE TIME OF NIGHT AND SHORT DISTANCE OF TRAVEL FOR XXXOFFICERS DECIDED TO ALLOW HIM TO TAKE THE VEHICLE AND INFORMED HIM TO FIX THE ISSUE ASAP.  BK02A PICARELLO/BENT/S.O'LEARY,1
FC25004915,2025-09-10 18:05:00,,BOSTON,2121,Stopped,Reasonable Suspicion , Body Worn Camera,Passenger Car/ Automobile,2,2,0,0,0,"About 6:05PM, on Wednesday, 09/10/2025, T/s of MA REG XXXat the intersection of Blue Hill Ave & Quincy St for red light violation (89/9)  Operator -XXXXX/XX/XXXXNo BOP.XXX was wearing a gray sweatshirt, light blue washed / ripped jeans, and a black bonnet on his head.   Front seat passenger - XXX XX/XX/XXXXXXX is currently on probation for unlawful possession of ammunition as well as receiving stolen $-1200. Multiple open / prior 94C offenses.   XXX was wearing a black hooded sweatshirt with the words XXXwritten on the front in red lettering, bright red sweatpants, and black Gucci sandals.XXX explained to Officers that he lives in Miami but has been in Boston since the beginning of August for the J’Ouvert parade and to visit friends. XXX stated he the rental is in rented by his friend XXXwho lets him borrow it. Officers observed numerous cell phones as well as apple MacBooks in the interior of the vehicle.   Both parties were cordial with officers during the interaction.   Kovaleski / Kadey",0
FC25000040,2025-01-03 01:15:00,E COTTAGE ST,DORCHESTER,2125,Stopped,Probable Cause," Body Worn Camera, Sex Offender",Passenger Car/ Automobile,2,2,0,0,1,"R/C for a person with a gun at XXXColumbia rd Dorcheester. Description was a bald black male who was said to be in possession of the firearm.  Officers observed MA Trooper (#1010) on a traffic stop at the corner of Columbia and Pond st Dorchester with a 2023 Chevy Malibu (MA: XXXOfficers inquired for another description of the male from the person with a gun call and confirmed with the trooper that the operator of the vehicle,XXX (DOB: XX/XX/XXXX(Rape, Assault to Rape, Indecent A&B, Failure to register, 94C charges and Rape of a child), matched the description of the suspect from the person with a gun call that was in close proximity to the stop.  Given circumstances of the call, time of night, area and proximity between the traffic stop and the call for a person with a gun, officers conducted a pat frisk of XXXand his passenger,XXX (DOB: XX/XX/XXXXyielding negative results for a firearm.  It should be noted that both parties were cordial during the interaction.  FIO to associate the parties with the vehicle, and document behavior.",1
FC25005530,2025-10-13 09:34:00,SPRING ST,WEST ROXBURY,2132,Stopped,Probable Cause,,Pickup Truck,1,0,1,0,0,"About 9:34 am on 10/13/25, Officers conducted a traffic stop of XXXmotor vehicle at XXXSpring Street.   A CJIS inquiry revealed that MA REG XXXbelonged to a Dodge Ram truck, but the plates were attached to a Ford F-150. XXX stated that he bought the truck for his company ( Stone Base Masonry and Waterproofing).   Vehicle towed for the attached plates",0
FC25000614,2025-02-13 02:50:00,,ROXBURY,2119,Stopped,Reasonable Suspicion , Body Worn Camera,Passenger Car/ Automobile,1,0,0,1,0,"While on a CD19 in front of XXXAllerton street, an unidentified white female pointed out a white Subaru Impreza (MA Reg: XXXwith a broken rear window covered by plastic and stated the occupant had robbed her. Investigative operation",0
FC25002676,2025-05-29 11:40:00,HORADAN WAY & TURQUOISE WAY,BOSTON,2120,Stopped,Reasonable Suspicion , Body Worn Camera,Suv (sport Utility Vehicle),1,0,1,0,0,"At about 11:40 Officers conducted a T/S for VALS (90:9 Failure to Stop at Stop Sign) on a black Toyota Highlander (MA REG: XXXat Horadan Way and Turquoise Way.   Operator: XXX(Prior F/A)   Upon Officers exiting their cruiser XXXwas observed to be wearing a black ski mask and was yelling out of the driver side window for his ""mom"" to come outside. XXXstated that he has been renting cars off of the app ""turo"" and will be staying at his mothers house XXXSmith Street, Roxbury). Verbal warning was issued.   FIO'd for intel.   B436D (DeLeon Jr.)",0
FC25005317,2025-10-02 02:15:00,,BOSTON,2121,Stopped,Probable Cause, Body Worn Camera,Passenger Car/ Automobile,1,1,0,0,0,"T/S Red Buick Regal (MAREG:XXX for VALS (no blinker).  Operator: XXXPrior F/As, Kidnapping, Armed Assault)  XXXwas uncooperative with officers while trying to explain the reason for the stop.  Verbal warning issued.  FIO'd for intel.  C202A (Mello, Luna)",0
FC25006036,2025-11-12 10:00:00,,SOUTH BOSTON,2127,Stopped,Probable Cause, Body Worn Camera,Passenger Car/ Automobile,1,1,0,0,0,Traffic stop for violation of the auto laws (VALS) at Old Colony Avenue & Gustin Street. Subject/operator(identified as XXXclaimed to be working for a medical courier transporting goods and that it was an emergency. Subject showed the officer a placard with an emergency number to call (XXX).   Officer observed NH REG XXXto be in a hoarding condition with miscellaneous items all about the passenger compartment as well as significant damage all around the vehicle. Officer observed no container to have goods related to his reason for turning on red where prohibited and subject stated he was on his way to a lab in Woburn to get a package.   Officer informed subject regardless of transporting goods it does not authorize him to violate the law. Officer cited ( XXX) the subject for;  90/14- IMPROPER TURN  It should be noted that the subject's NH and MA driver history has a significant amount of violations.   Body worn camera activated.   FIOd for intel purposes only. F431D (Griffin),0
FC25003597,2025-07-10 00:00:00,OLD COLONY AVENUE,SOUTH BOSTON,2127,Stopped,Reasonable Suspicion , Body Worn Camera,Passenger Car/ Automobile,1,1,0,0,0,"At about 1:40pm on Thursday 07/10/2025 Officers Finn and Bruen assigned to the F102D conducted a traffic stop on a vehicle at XXXOld Colony Avenue, South Boston.  Officers observed the vehicle (MA REG XXXfail to use a turn signal at two different intersections before being stopped. The driver XXX (DOB XX/XX/XXXXhas past engagements with law enforcement on D street housing development.  MA Citation issued XXX",0
FC25004625,2025-08-25 15:17:00,,BOSTON,2125,Stopped,Probable Cause, Gang,Passenger Car/ Automobile,3,1,1,1,3,"YVSF intel - VK23  Officers observed a white Maserati Ghibli (MA reg: XXXwith illegal tint and no front plate on Columbia Road. A CJIS query revealed it was further uninspected. Officers attempted to conduct a traffic stop, to which the vehicle slowed and pulled to the right but did not immediately stop. While it was rolling Officers observed an object thrown from the front seat into the back seat; however, due to the tint they could not see what it was.   Upon approaching the vehicle Officers noted the following occupants:  Driver:XXX - Florida ID card only, significant history in Florida and California, with a non-extraditable warrant for his arrest out of Miami, Florida.   Front passenger: XXX significant history of drug trafficking and firearm offenses.  Rear passenger: XXX gang member who did 5-7 years in state prison for shooting someone in 2017, and remains on probation.  Given the driver was subject to arrest, the fact that the vehicle failed to immediately pull over, the fact that something was thrown from the front to the back while the vehicle was pulling over, and the criminal history of the occupants, Officers deemed they would conduct a pat frisk of the occupants and the vehicle for their safety. This was completed with negative results. XXXclaimed the thrown item was XXX knee brace.   XXXproduced an active license and was permitted to take custody of the vehicle. He claimed the vehicle was his rental; however, it was registered to an LLC called XXX He was advised to tell the owner about the inspection/equipment violations, and was released.",1
FC25006427,2025-12-10 03:00:00,,BOSTON,2121,Stopped,Probable Cause," Body Worn Camera, Auto Investigator",Passenger Car/ Automobile,2,2,0,0,2,"T/S of MA REG XXXwhite 2010 Nissan Altima for Tints and no inspection sticker.  Operator: XXX XX/XX/XXXX(Prior F/A's, ABDW)  Passenger: XXX XX/XX/XXXX(No BOP)  During the stop XXXstated he had been arrested in MA but officers could not find any evidence of this in CJIS or Mark43. XXXwas physically shaking and was moving throughout the vehicle during the stop.  Based on officers' observations both parties and vehicle were frisked with negative results.  Verbal Warning issued.  FIOE'd to associate parties with vehicle.  CK02A (O'Neill/McPherson)",1
FC25000679,2025-02-18 17:30:00,BOWDOIN ST,DORCHESTER,2122,Stopped,Intel, Body Worn Camera,Passenger Car/ Automobile,1,1,0,0,0,T-Stop for VALS (90/6) at XXXBowdoin St  MA REG: XXX   Operator: XXX(Prior F/A)   XXXwas cordial with the officer throughout the entire stop.   Verbal warning issued   FIO to associate XXXw/ the vehicle   H498F (Shimchak),0
FC25001673,2025-04-15 20:53:00,,BOSTON,2129,Stopped,Reasonable Suspicion , Body Worn Camera,Passenger Car/ Automobile,1,1,0,0,0,"About 8:53PM on Tuesday 04/15/2025, Officers conducted a traffic stop on a 2010 Gray Honda Accord (MA XXXfor VALS at the intersection of Bunker Hill St. and Saint Martiin St, Charlestown.   Upon stopping the vehicle, the registered owner later identified asXXX started arguing and talking over officers, refusing to let officers speak. Eventually, officers were able to explain the reason for the stop. XXXwould later explain to officers that he was in the area to do food deliveries.   XXXhas a history of 94c to include various distribution charges.   BWC activated.   AK02F (Hiltunen/ Marchand)",0
FC25004963,2025-09-12 21:40:00,,DORCHESTER,2121,Stopped,Reasonable Suspicion ," Body Worn Camera, Gang",Passenger Car/ Automobile,1,1,0,0,1,"TS for VALS (crosswalk violation/speeding/excessive window tint) MA REG: XXXat the intersection of Elm Hill Ave and Seaver Street, Dorchester  Op: XXX (DOB: XX/XX/XXXXXX, Open F/A 3rd Offense  Officers activated their cruiser’s lights and sirens and the aforementioned vehicle slow rolled for about 25 yards prior to completely pulling over. Officers could observe the operator of the vehicle moving around the interior compartment of the vehicle while approaching the vehicle. XXXwas very confrontational and argumentative during the TS. XXXbegan to call his girlfriend and tell her that he was stopped and his location. Due to the totality of the circumstances, Officers issued an exit order of XXXto conduct a pat frisk of his person/MV. Pat frisk conducted to no avail. XXXstated he and his girlfriend just purchased the vehicle.  MA Uniform Citation issued.  FIO to associate to MV and to document behavior.  BK02F/BK03F (Kadey /Gannon/ DeLuca/ Donovan)",1
FC25006216,2025-11-24 21:49:00,TERMINAL ST,BOSTON,2129,Stopped,Probable Cause, Body Worn Camera,Passenger Car/ Automobile,1,1,0,0,1,"About 9:51pm on Monday 11/24/25 officers observed a vehicle parked at the boat ramp parking lot of XXXTerminal Street, Charlestown. The vehicle did not display a front license plate and there was a passenger sleeping in the front seat. Officers located a dealer plate (MA/DLR XXXattached to the rear of the vehicle. The vehicle was unregistered. Officers made contact with a male to check on the vehicles registration status. Officers spoke with the operator later identified as, (XXX.   Officers asked for ID. XXXbegan reaching down at the floor of the vehicle then abruptly exited the car. XXXthen reached in the crevice between his seat. XXXmade several movements toward the floor of the vehicle to apparently look for his wallet and license. Officers instructed XXXto get back inside the car and produce his license. XXXexited a car for the second time. Officers ran the VIN on the vehicle which displayed a revoked status. XXXstated he purchased the vehicle today and gave officers permission to check for his bill of sale in his back pack in the back seat.   Officers then discovered that XXXhad a prior f/a charge in 2008. Based on the movements XXXwas making officers conducted a pat frisk of the vehicle as well as XXXto no avail. XXXprovided a Bill of sale for the vehicle and stated he would register the vehicle tomorrow.   XXXstated he was homeless and was living in the car.   Officers cleared the scene without incident.  Officers FIO'd to document the interaction.   AK01F (Rooney & Ostholthoff)  BWC recorded.",1
FC25004893,2025-09-05 00:00:00,,DORCHESTER,2121,Stopped,Probable Cause, Gun,Pickup Truck,1,1,0,0,1,TS in relation to a Person with a Gun call on a Blue 2017 Chevrolet Silverado (MA Reg XXXat Normandy Street and Devon Street.  Officers were informed the following from Boston Police Dispatch Channel 3:  PERSON WITH GUN ... BLU PICKUP W/LARGE CHROME WHEELS ... CLR HAS VIDEO W/PLATE   PERSON WITH GUN ... B/M ... 30/40S ... DREADS ... MEDIUM ... UNK CLOTHING  Officers were able to safely stop the vehicle on Normandy Street and Devon Street. The operator of the vehicle wasXXX (Prior F/A). XXXwas matching the description of the suspect. XXXwas issued an exit order where he was frisked as well as the vehicle to no avail.   FIOED for Intel  B104F (Ryan & Gilmore),1
FC25004413,2025-08-13 17:30:00,,DORCHESTER,2125,Stopped,Reasonable Suspicion , Body Worn Camera,Suv (sport Utility Vehicle),1,1,0,0,0,"TS for VALS (fail to stop at stop sign / excessive tints) MA REG: XXXat the intersection of Quincy Street and Howard Ave, Roxbury  OP: XXX (DOB: XX/XX/XXXXOpen 94C / Guilty Prior F/A  XXXwas extremely confrontational and argumentative on scene. Written warning issued.  FIOE to associate to MV and to document behavior.  BK02F (Kadey / Kovaleski / Gannon)",0
FC25004962,2025-09-12 10:06:00,HAZELWOOD ST,ROXBURY,2119,Stopped,Probable Cause, Body Worn Camera,Passenger Car/ Automobile,3,2,0,1,2,"9/12/25 at 10:06 AM  T/S for VALs (failure to stop at a red light) at the intersection of Warren Street and MLK Boulevard   CJIS query revealed the vehicle, Black 2012 Acura TL MA Reg XXXto be registered to XXXXX/XX/XXXXMr. XXXhas an active warrant out of Dorchester for the following charges:   1) 1 F 94C/32E/B COCAINE, TRAFFICKING IN, 36 GRAMS OR MORE, LESS   2) 1 F 94C/32A/D COCAINE, POSSESS TO DISTRIBUTE, SUBSQ. c94C S32   3) 1 F 94C/40/B CONSPIRACY TO VIOLATE DRUG LAW FELONY c94C S40   Mr. XXXalso has an open A&B DW case out of Dorchester.   The driver was identified as XXX XXXand the passenger was identified as XXX XXXMr. XXXhas previous firearm and A&B DW charges.  FIO'd for intel.   B416D J. Patterson",1
FC25000298,2025-01-21 10:08:00,ALLSTATE ROAD,DORCHESTER,2125,Stopped,Probable Cause," Body Worn Camera, Warrant Arrest",Suv (sport Utility Vehicle),2,0,2,0,1,"About 10:08am on Tuesday, 01/21/2025, Officers made a Warrant Arrest in front ofXXX Allstate Road, Dorchester (Target).  Officers were alerted by Target security that a male attempted to steal from Target and got into a gray Toyota SUV. Officer located the vehicle XXXand conducted a traffic stop.   The passenger was identified asXXXnd the operator was identified as XXX   A CJIS inquiry showed XXXhad multiple previous charges for Shoplifting, Larceny, Receiving Stolen Property, and Robbery. The inquiry also reveled XXXhad an active warrant for Shoplifting and was placed under arrest.   During the search, Officers observed a uncapped needle sticking out of XXXrear right pocket, to which he stated he was not aware the needle was uncapped. Officers safely secured the needle and placed it into a sharps container.   XXXwas released.   FIOE for intel purposes.   F631D (Nolen)",1
FC25002859,2025-06-03 19:00:00,BLUE HILL AVENUE,DORCHESTER,2121,Stopped,Probable Cause, Body Worn Camera,Passenger Car/ Automobile,2,2,0,0,1,"TS 19:36 XXXBlue Hill Ave XXXno inspection and window tint.  Officers informed the driverXXX why he was stopped. In the passenger seat wasXXX. Officers believed they were in the presence of a weapon due to numerous on-scene observations that were captured on body-worn cameras.   An exit order was issued, and a pat frisk of XXXand the vehicle was conducted. They removed a knife with a long, black handle from XXXpocket. Officers explained other observations to XXXwhich he understood but disagreed with. Officers did not locate any additional weapons and issued a verbal warning to XXXfor the VALS. Williams was given a verbal warning for not wearing a seatbelt. XXXwas cordial on today's date, which is different from the previous documented BPD interaction.  XXXis the father ofXXX  VK10",1
FC25000168,2025-01-12 00:47:00,BLUE HILL AVE & ABBOT ST,BOSTON,2124,Stopped,Probable Cause, Body Worn Camera,Suv (sport Utility Vehicle),1,0,1,0,1,"About 12:47 AM on Sunday, 01/12/2025, Officers assigned to District B-3 conducted a motor vehicle stop for a marked lanes violation in the area of Blue Hill Avenue and Abbott Street, Dorchester.  Officers identified the operator of the vehicle as XXXDOB XX/XX/XXXXPassenger did not have any form of ID on his person, but provided his name asXXX and stated that he lived in Westwood. Operator has been FIOE'd in the past in relation to drug and firearm investigations, and appeared to be nervously fidgeting during the stop. The passenger pretended to be sleeping, however Officers observed him to pull out his phone and check it before continuing to pretend to be asleep. An exit order was issued and both parties and the vehicle were frisked to no avail.  Written warning for marked lanes violation to be mailed to operator.  FIOE to associate with vehicle.",1
FC25005959,2025-11-06 14:20:00,,BOSTON,2125,Stopped,Probable Cause, Body Worn Camera,Pickup Truck,1,1,0,0,1,"Officers encountered subject/suspect (XXX DOB XX/XX/XXXXat the intersection of Boston Street and Bellflower Street. A detail Officer(Ganss) stopped the suspect that was driving a pickup truck XXXthat was broadcasted via channel 6 a couple hours earlier as the suspect vehicle wanted in connection with breaking and entering of motor vehicles. It should be noted the suspect matched the description of the operator as well.   Officers also were aware of an ID WANTED email sent out department wide by C-11 Detectives with a photograph of the suspect depicted on surveillance footage from one of the B&E M/V incidents.  The suspect was arrested via a warrant as well as additional charges. (See 252094269)  C-11 Detectives notified.  (F101D Sequeira, Griffin) (F102D Bruen, Finn) Officer Ganss (R6789)",1
FC25002466,2025-05-19 19:30:00,,BOSTON,2124,Stopped,Probable Cause," Auto Investigator, Body Worn Camera, Gang",Passenger Car/ Automobile,1,1,0,0,1,"T/S of a white KIA Optima (MA REG XXXfor speeding (90/17) and number plate violation (90/6) at Lucerne Street and Harwood Street.  Op identified as XXXopen f/a  Officers observed the aforementioned vehicle traveling down Woodrow Ave with no front plate (90/6). Officers safely conducted a U-turn in order to position their cruiser behind the vehicle. Officers observed the vehicle take a left hand turn onto Lucerne Street at a high rate of speed. Officers then observed the vehicle parked on the corner of Harwood Street and Lucerne Street. As soon as officers activated their emergency lights, the operator of the vehicle then quickly exited the car and locked the doors. Officers believed that XXXwas initially trying to evade officers and then distance himself from the vehicle. Officers conducted a pat frisk for weapons on XXXand the vehicle to no avail. XXXwas argumentative with officers throughout the entirety of the stop.  XXXwas issued a uniform citation for speeding (90/17) and number plate violation (90/6).  FIO'd for intel  C112F (Mulrean/Williams)",1
FC25005988,2025-11-09 02:56:00,,BOSTON,2124,Stopped,Probable Cause," Gang, Body Worn Camera",Suv (sport Utility Vehicle),2,2,0,0,2,"T/S for VAL (No Lights) on a gray 2019 Jeep Renegade MA REG: XXXat the intersection of Blue Hill Ave and Woodrow.  Operator: XXX (DOB: XX/XX/XXXX Front Seat Passenger: XXX (DOB: XX/XX/XXXXPrior F/A, XXX.  While positioned at the vehicle officers observed XXXto be sitting in an upright position as if he was trying to conceal something in his waistband and looking in the vehicles mirror while the other officer was in the cruiser. XXXwas calm and cordial with officers and stated they had just left a female friends house. Based on observations officers conducted an exit order.  MV/Occupant's pat frisked to no avail.  FIO'd to associate occupants with MV.  Verbal Warning issued.  CK01A (McPherson, O'Neill).",1
FC25006230,2025-11-24 21:27:00,CRAWFORD ST,ROXBURY,2121,Stopped,Probable Cause, Gang,Passenger Car/ Automobile,2,2,0,0,2,"About 9:27pm on Monday, November 24, 2025 members of YVSF initiated a Traffic Stop at XXXCrawford St., Roxbury on MA Reg. XXXa Gray 2008 Volkswagen Jetta following a CJIS Inquiry yielding the vehicle's registration status 'Revoked for Insurance' (90/34J), No Valid Inspection (90/20), and also an observation of heavy tints on the windows (90/9D).  Members approached the vehicle and immediately observed a small wooden club (in a baseball bat form) protruding from the driver's seat and the center console, the vehicle was occupied twice. Members advised the operator/subject/registered owner, identified as XXXDOB XX/XX/XXXX(Prior Firearms and ACC 3) of the aforementioned violations. The front seat passenger/subject, later identified aXXX DOB XX/XX/XXXX(XXX Prior Firearms, and ACC 3) was observed sitting in the front passenger seat with the seat reclined to the fullest extent towards the rear, and wearing no seat belt. XXXprovided his ID card upon request without incident. A CJIS inquiry of the operator, XXXyielded an active MA driver's license, no warrants for either party. Members observed both parties to be nervous during interactions with members and when members asked the parties if there were any weapons in the vehicle, they stated there were not (wooden club in plain sight). Given the recent gun violence from the area in which the vehicle was traveling from, both parties' nervous demeanor, as well as their lengthy history around unlawful firearm possession, an exit order was given and both parties and the vehicle were frisked which yielded negative results. Both parties were cordial during the interaction.  Both parties and the vehicle were released on-scene with a verbal warning.  FIO for intel purposes and to associate vehicle.  VK07",1
FC25004024,2025-07-25 22:20:00,AMES ST,DORCHESTER,2124,Stopped,Reasonable Suspicion ," Body Worn Camera, Gang",Passenger Car/ Automobile,6,4,0,2,1,"Officers were on patrol in theXXX Housing Development when they observedXXX (DOB XX/XX/XXXXexit the front of XXXAmes St. XXXappeared as if he was going to enter a gray Chevy Cruze MA reg. XXXbut once he noticed officers he turned and began walking into the rear of XXXAmes St. Simultaneously, officers observedXXX(DOB XX/XX/XXXXexit the front of his residence at XXXWestview Way. Once XXXobserved officers he immediately turned around and went back into his residence.   Officers went to the rear of XXXAmes St. and made contact with the followingXXX associates and engaged in casual conversation.XXX XXXwas located in the stairwell of XXXAmes St, where officers initially observed him, and pat frisked yielding negative results.   Officers exited the rear of XXXAmes St and made contact with XXX Officers inquired with XXXas to why he turned around and went back inside of his residence at the sight of officers, but he was unable to provide an answer.   Approx. 10 mins later, officers observed MA reg. XXXat the Mobil Gas Station at BHA and Morton St. The operator was an unknown heavy set black male who officers have seen recently inXXX.   Layden / McCarty / Rodriguez",1
FC25004246,2025-08-05 20:30:00,CROWN POINT DR,HYDE PARK,2136,Stopped,Encounter," Moped, Body Worn Camera",Moped,2,2,0,0,2,"About 9:30pm on Tuesday, 08/05/25, Officer observed two males operating a moped/scooter in the area of Crown Point Drive, Hyde Park.  While officers were in the area investigating a missing child report, officer observed (2) males operating a moped/scooter on a public way without a registration plate/tag affixed to the rear of the vehicle.  Officers were able to stop both males outside of XXXCrown Point Drive, later identified as (XXX) and (XXXstated that the moped/scooter was his. Officer advised XXXto register the scooter before operating the vehicle on a public way. The scooter had a VIN tag affixed (VIN XXX FIO to add the sooter into MARK43",1
FC25003852,2025-07-20 21:00:00,,ROXBURY,2119,Stopped,Probable Cause, Body Worn Camera,Suv (sport Utility Vehicle),1,1,0,0,0,"Officers observed a disabled silver 4dr Toyota RAV4 (MA REG# XXXwith front end damage. The suspect identified himself as the operator of the vehicle and stated that he had had an accident in the tunnel near the airport. He stated MA State Troopers had taken a report, searched the vehicle, and provided a courtesy tow from the tunnel to a ""parking lot nearby."" He stated that from there he attempted to drive the vehicle home to Roxbury, but it stopped working and smoke was coming from the front. Officers contacted MA State Troopers who cohobated his story. His cousin arrived on scene and assisted in getting a private tow from the scene.   Body worn cameras activated.",0
FC25001848,2025-04-24 20:25:00,SARATOGA ST,EAST BOSTON,2128,Stopped,Probable Cause, Drugs,Passenger Car/ Automobile,1,0,1,0,1,Officers observed an unknown male enter MA REG XXX(silver Mercedes E430) at Maverick Square and the male was let out of the vehicle after a few seconds after a meaningless ride around the block. The unknown male entered Maverick train station and quickly got onto the train. Officers were unable to stop the male.   Officers called for a traffic stop of the Mercedes which made its way over to Saratoga Street. A traffic stop was conducted by a marked unit at XXXSaratoga Street. Occupant (XXX) was advised of his rights and was informed of officers' observations. XXXgave several evasive answers before being truthful and stated that he purchased a gram of marijuana for $20 from the male that exited the vehicle. XXXwas given a verbal warning and released from the scene.,1
FC25001441,2025-04-04 18:30:00,,BOSTON,2124,Stopped,Reasonable Suspicion , Body Worn Camera,Passenger Car/ Automobile,2,2,0,0,1,"T/S of MA REG XXXat Paxton and Blue Hill Ave for 90/18-A5-S1   Operator: XXXPrior F/A ), Robbery, ABDW)  Vehicle and XXX frisked to no avail  Verbal Warning issued  FIO to associate XXX with XXXand the vehicle  C111F (Cox/ D'addieco)",1
FC25006365,2025-12-05 01:05:00,,EAST BOSTON,2151,Stopped,Intel, Body Worn Camera,Passenger Car/ Automobile,1,1,0,0,1,"GK01D Forbes/ Biggio conducted t-stop on MA reg XXXat Crestway/Waldemar Ave  Operator XXX BOP consist of multiple Firearms, 94c, Kidnapping, armed robbery   Stated he had no license, and only a permit. He was removed from vehicle and frisked. He was issued a citation for driving wrong way down street.   FIO written to associate XXXwith vehicle",1
FC25000051,2025-01-03 23:25:00,,DORCHESTER,2124,Stopped,Probable Cause, Body Worn Camera,Passenger Car/ Automobile,1,1,0,0,1,"T/S around 23:25 on 01/03/25 at Blue Hill Ave and Paxton Street of gray 2011 Infiniti G25 (MA REG XXXfor window obstruction (90/9D) and plate violation (90/6).  When officers attempted to stop the vehicle for the aforementioned infractions, the operator continued to slowly roll down Blue Hill Ave until eventually pulling over after approximately 20 seconds.  Operator identified as XXX (DOB: XX/XX/XXXXXXXwas a passenger in a vehicle that fled from officers resulting in the firearm arrest of XXX on 02/07/23 (refer to 232010122).  Officers conducted a pat frisk of XXXand the vehicle during which time a large kitchen knife was recovered from the driver's side door.  Citation issued.  M.Foley/Sandoval/Williams",1
FC25004698,2025-08-30 02:45:00,WASHINGTON ST,DORCHESTER,2124,Stopped,Probable Cause," Warrant Arrest, Body Worn Camera",Suv (sport Utility Vehicle),1,0,1,0,1,"T/S of 2021 black Jeep Grand Cherokee (MA REG XXXfor 90/16 (improper operation of a M/V) at XXXWashington St, Dorchester.  Operator: XXX (Prior F/A, 94C Trafficking charges, Armed Robbery, and multiple A&B related offenses). XXXwas extremely nervous and attempted to exit M/V during officer's approach. XXXstated to officers on multiple occasions ""don't worry you got nothing to worry about and everything's clean."" Officers observed multiple loose baggies containing marijuana in plain view. A search of M/V yielded nothing of evidentiary value. M/V was later determined to be used without registered owners permission.  CJIS inquiry yielded active default felony warrant out of Brockton District court and XXXwas taken into custody for the warrant and VALS. During transport XXXkept requesting officers turn off their body worn camera's stating he could get officers, ""bricks of coke in 24 hours"", and further stated he had information to give to officers but refused to elaborate. XXXalso stated he now resides at XXXCoffey St, Dorchester.  FIOE for Intel/to associate XXXwith Address as well as documenting behavior.  H102A (D.Foley/Zammito)",1
FC25006184,2025-11-22 02:32:00,MORTON ST,DORCHESTER,2126,Stopped,Probable Cause, Body Worn Camera,Passenger Car/ Automobile,1,1,0,0,1,"T/S for VALS (Tints and Headlight out) on a 2009 gray Infiniti G37 MA REG: XXXat XXXMorton St.  Driver: XXX(DOB: XX/XX/XXXXArmed Robbery on BOP.  Front Passenger only gave a first name XXXWhile positioned at the vehicle officers observed the passenger to be showing signs of nervousness. Officers observed him to be breathing at a rapid rate with his chest rising and falling through his black bubble jacket and his hands covering his waistband. XXXwho was the driver, was very confrontational with officers throughout the stop. Based on observations and exit order was issued.  MV/Occupant's pat-frisked to no avail.   Warning issued MACCS system.  FIO'd to associate with MV.  CK02A (McPherson, Calabrese, O'Neill) C907 (Sgt. MacDonald).",1
FC25005035,2025-09-16 07:14:00,,MATTAPAN,2124,Stopped,Reasonable Suspicion , Gang,Passenger Car/ Automobile,2,2,0,0,0,"About 0714 hours on Tuesday, September 16th, 2025, Sgt. Det. DeVito (B982) stopped a black Honda HRV XXXon Morton Street near W. Main Street. The vehicle had been observed traveling in the left turn only continuing straight on Morton Street.  The operator,XXXDOB: XX/XX/XXXXadmitted his license was suspended. His passenger/girlfriend, XXX (DOB: XX/XX/XXXXhad an active license and took possession of the vehicle. XXXspoke to S/D DeVito outside of the vehicle and was cordial. He was advised not to drive until his license status is fixed.  XXXhas prior firearm arrests. Verbal warning given.",0
FC25002197,2025-05-08 11:20:00,BLUE HILL AVE,DORCHESTER,2124,Stopped,Probable Cause," Other Agency/Unit Notified, Body Worn Camera",Suv (sport Utility Vehicle),2,2,0,0,0,"T/S of MA REG: XXX2010 Black Honda Pilot, at XXXBlue Hill Ave for 90/20/B (no inspection sticker).  CJIS query reveals remark from New Bedford PD dated 04/28/25 for ""BOLO"".  Driver: XXX (DOB: XX/XX/XXXXminimal BOP  Owner/Passenger:XXX (DOB: XX/XX/XXXX New Bedford PD notified, vehicle is not wanted.  Citation mailed due to computer issue in cruiser.",0
FC25003368,2025-06-29 17:37:00,,BOSTON,2126,Stopped,Reasonable Suspicion , Body Worn Camera,Passenger Car/ Automobile,2,2,0,0,0,TS of MA Reg# XXXfor VALS (90:20 / 90:14B / 90:7) at Woolson Street and Sutton Street.  Registered Owner / Driver:XXX (94c / ABDW)  Passenger: XXX (No BOP)  Officers observed XXXwith his right shoe off and appeared to be attempting to manipulate an item under the seat. Officers observed plastic bags wedged between the driver's seat and the center console. Officers also smelled the odor of freshly burnt marijuana emanating from the vehicle.  Officers issued an exit order and conducted a pat frisk of the vehicle which revealed multiple small bags of marijuana which XXXstated was for personal use.   Written warning issued.   Both parties FIO'd and released.,0
FC25000480,2025-02-02 20:50:00,,BOSTON,2121,Stopped,Probable Cause, Body Worn Camera,Passenger Car/ Automobile,1,1,0,0,0,"TS of a 2019 black Audi A7 (MA REG XXXfor speeding (90/17) at Circuit Dr and Franklin Park Rd.   Op identified as XXX: multiple open f/a, discharge f/a, armed assault to murder  XXXwas accompanied by an unknown male passenger who refused to identify himself.  Officers observed the aforementioned vehicle traveling at a speed greater than reasonable on Franklin Park Rd. Officers took note of a 25mph posted speed limit sign that the vehicle drove past. Officers were traveling at 45mph to catch up to the vehicle and initiated a traffic stop.  XXXwas argumentative with officers throughout the entirety of the interaction. XXXbegan recording officers and stated that he was going no faster than 25mph.   XXXwas issued a uniform citation XXXfor speeding (90/17), license not in possession (90/11), failure to wear seatbelt (90/13A).  FIO for intel  C202F (Mulrean/Kane)",0
FC25001885,2025-04-25 21:54:00,NORFOLK ST,DORCHESTER,2124,Stopped,Probable Cause," Body Worn Camera, Gang",Passenger Car/ Automobile,4,4,0,0,2,"T/S for VALs (excessive tint) of a black Ford Fusion MA reg. XXXregistered to ""XXX Norfolk Street.   Operator: XXX// Prior F/A)  Front Pass:XXX Prior F/A)   Rear Pass: XXX (FIOs withXXXAss.)   XXXstated he had a permit, but did not have it on his person. No occupant of the vehicle had an active license. Occupants were removed and them and the vehicle were frisked yielding negative results. XXX// Prior F/A) arrived on scene and provided an active license. Officers allowed him to take custody of the vehicle.   XXXwas informed he needs to keep his permit on his person when operating a vehicle. Verbal warning issued for tint.   FIO'd to associate parties with vehicle.   CK01F/CK02F",1
FC25003507,2025-07-06 02:10:00,COLUMBIA RD,DORCHESTER,2125,Stopped,Probable Cause, Body Worn Camera,Passenger Car/ Automobile,2,0,0,2,2,"2:10 AM T/Stop of NH Temp. Reg XXX(Fail to Stop at Redlight 89/9) at Columbia Road/ 93S Onramp.   Op: XXX(No BOP)  Pass.: XXX (No BOP)  While talking with the occupants, Mr. XXXavoided eye contact with the officers and was observed to be breathing heavily with a rapid rise and fall of his chest. Mr. XXX was also carrying a fanny pack, which Officers are aware is commonly used to store illegal firearms. Officers also observed what appeared to be a firearm light rail light in the area of the center console.  Exit order given. Occupants and vehicle frisked for weapons to no avail. Officers did confirm that the light in question was in fact a laser with picatinny attachment for a firearm.  Warning issued for VALS.   FK01A (Walsh/Hill)",1
FC25000870,2025-03-03 18:02:00,HOLIDAY ST,DORCHESTER,2122,Stopped,Probable Cause, Body Worn Camera,Suv (sport Utility Vehicle),2,2,0,0,1,"About 6:02 PM, Monday, March 3, 2025, Officer D. Kennedy (H436), conducted a Traffic Stop (P250098875) on Ma Reg XXX(2023 Honda CR-V / Zipcar) in front of XXXHoliday St for Failure to Stop at Geneva Ave and Bowdoin St.   The operator gave the false name of XXX and could not verify his social security number or tattoos on Mark43. The operator said he was nervous and continued to give the false name. After giving the operator multiple chances to correct himself, the operator continued with the false name. Officer Kennedy gave an exit order and allowed the operator another chance. The operator said he had a suspended license and provided his social security, which CJIS revealed to be XXXX XXXand had a revoked license. The vehicle was pat frisked to negative findings. The renter (XXXXX / XXXarrived on the scene and took custody of the vehicle. XXXwas released from scene.  XXXhas open F/A, Discharging a F/A, & Assault with a Dangerous Weapon (Gun) on his B.O.P. BWC was activated.",1
FC25001571,2025-04-10 21:00:00,,DORCHESTER,2121,Stopped,Probable Cause, Body Worn Camera,Passenger Car/ Automobile,1,1,0,0,1,YVSF  TS Blue Hill Ave / Columbia Rd. MAREG XXXfor no inspection sticker.  Driver was the ownerXXX was cordial with officers and reported he now lives in Boston but recently lived in Cleveland. He reported he is a cook at Mass General Hospital and was going to Franklin Park to drive his hand-held scooter. He offered consent to search him and the vehicle. That was conducted without issue. XXXhas no Massachusetts criminal history but does have a criminal history for a firearm offense out of Cleveland (NCIC / III). Verbal warning to get vehicle inspected  VK10,1
FC25006241,2025-11-25 18:30:00,,BOSTON,2129,Stopped,Probable Cause, Body Worn Camera,Passenger Car/ Automobile,3,3,0,0,0,"At 6:30 PM on 11/25/25, the Officer stopped a grey, 2020 Nissan Altima (MA reg. XXXfor VALs on Polk Street at Medford Street. The following occupants were identified:  Driver: XXX(DOB XX/XX/XXXX- younger brother ofXXX no BOP. XXXwas (and is always) very friendly with the Officer. XXXstated the vehicle belongs to his father, which the Officer verified via CJIS. XXXstated he recently began working for his father, XXXSr., collecting trash.  Passenger: XXX(DOB XX/XX/XXXX- no BOP. XXXwas friendly with the Officer.   FIOE'd to associate the two to the vehicle.   Ostholthoff (AG02F)",0
FC25000670,2025-02-17 00:00:00,,DORCHESTER,2121,Stopped,Probable Cause, Body Worn Camera,Passenger Car/ Automobile,2,1,0,1,1,"T-Stop for Vals (90/17). While on patrol on Hamilton St, the officer observed observed a gray Kia Forte (MA XXX) traveling at a speed greater than reasonable up Hamilton St towards Bowdoin St. Prior to the vehicle pulling over at the corner of Bowdoin St & Eunice St, the officer observed the front passenger to duck down and then pop up once the vehicle stopped. Upon approach of the vehicle, Operator was identified as XXX) who did admit that she was speeding.  Front passenger's body was contoured and leaning up against the passenger door in manner that he was trying to conceal something. Exit order was given, front passenger gave the name XXX XX/XX/XXXXno bop. Officers observed an open container on the floor board of the front right passenger seat.   Should be noted that throughout the both operator and passenger exited the vehicle multiple times, filming officers and yelling at them. Due to CJIS crashing numerous times, XXXwas informed that a citation would be mailed to her.   FIO to associate both individuals w/ mv  H445F(Shimchak)",1
FC25000488,2025-02-03 17:30:00,HENRY STERLING SQ,SOUTH BOSTON,2127,Stopped,Reasonable Suspicion ,,Passenger Car/ Automobile,1,0,1,0,0,"On Monday, 02/03/202XXX at approximately XXX:30PM, Housing PO's observed MA REG XXXillegally parked and idling in front of XXX Sterling Sq in the McCormack Development.  A CJIS inquiry of MA REG XXXrevealed it to be Expired (since XX/XX/XXXXXX), registered toXXXout of the aforementioned address.   Mr. XXXexited XXX sterling Sq and was advised of the status of his registration. He stated he was not aware of the expiration; however, Officer Barbosa explained the process of renewing vehicle registration online and Mr. XXXstated he would do it immediately.   Officer Barbosa noticed the aforementioned vehicle was formally FIO'd (FC#24003327) withXXXXX and asked Mr. XXXabout his relationship to XXXMr. XXXcasually stated that he grew up playing basketball with XXXand does not associate with ""that crowd of guys."" XXXwas referred to as ""XXX.   Upon completion of this FIO the vehicle's status is back listed as Active.",0
FC25000528,2025-02-05 21:30:00,,ROXBURY,2121,Stopped,Intel,,Passenger Car/ Automobile,2,2,0,0,0,"In regards to an on-going investigation Officers conducted a traffic stop of NH Reg: XXX(2019 Blue Ford Edge) at Seaver St and Harold St.  It should be noted that this vehicle identically resembled that to a vehicle that was involved in a non-fatally shooting in District 11. Specifically the make, model, color, rims, and distinct inspection sticker of the vehicle. Images of the suspect vehicle were originally disseminated to Officers, by Sgt Det Merner, following the incident   Operator:XXX  Passenger:XXX   Both occupants were removed from the vehicle and pat frisked to no avail.  Sgt Det Merner was notified that this vehicle had been stopped. C11 Detective Haugh was also notified, and arrived on scene.  Prior to the vehicle being towed it should be noted that XXXbecame extremely volatile with Officers and was adamant about retrieving his backpack from the rear of the vehicle.   Vehicle was subsequently frozen pending a search warrant. Towed to Boston Police HQ and secured.  BK02F/BK03F (Bertocchi/O'Brien/McQuaid/Kerin)",0
FC25003087,2025-06-12 23:24:00,ARBORWAY & SOUTH ST,BOSTON,2130,Stopped,Probable Cause, Reveler,Passenger Car/ Automobile,3,0,3,0,0,"PO Jose M Diaz Jr (106748) R4580/BT55A at about 11:24PM on 6/12/2025 and at about 3:11AM on 6/13/2025 - BOLO initiated by the BT55A Event# P250274645  The following Event #'s also correspond to this FIOEXXX VFW PKWY Dollar Tree/Savers parking lot - District E5   * P250274536 - DISTRB - LMUSIC - DISTURBANCE - LOUD MUSICXXXVFW PKWY WR BSTN at 06/12/25 23:10:16  * P250274539 - DISTRB - LMUSIC - DISTURBANCE - LOUD MUSICXXX VFW PKWY WR BSTN at 06/12/25 23:12:13  * P250274546 - IVMV - INVESTIGATE MOTOR VEHICLEXXXVFW PKWY WR BSTN at 06/12/25 23:17:33  Arborway/Washington St - District E13   * P250274802 - IVMV - INVESTIGATE MOTOR VEHICLE XXXWASHINGTON ST JP BSTN: @MBTA STA-FOREST HILLS at 6/13/25 03:06:10  While en-route to work, operating his Personally Owned Vehicle (POV) Officer Diaz (R4580) observed a group of ""reveler"" vehicles proceed through a steady red light at VFW Pkwy, turning left onto Centre St. in West Roxbury, heading inbound towards the Faulkner Hospital. The light for Centre St. was already green when the group ran the steady red light. The Officer's attention was specifically drawn to the last two reveler vehicles to pass through the intersection, a BMW (MA Reg# XXX) and a Chrysler (MA Reg# XXXThe Officer did observe female passengers sticking out of the open windows on the BMW, hanging on to the moving vehicle as it went through the red light, and continued to drive up Centre St. The Off-Duty Officer now driving behind these two vehicles (BMW & Chrysler) was able to initiate a voice recording on his department issued cellphone and documented the two aforementioned plate numbers. The Officer did broadcast that a small group of revelers was on Centre St. possibly heading towards additional ""meet-up"" spots elsewhere in the city. Upon arrival at the District B2 station, post roll-call, the Officer generated a ""BOLO"" via NetViewer and had dispatch broadcast it (P250274645).  Later on in the shift, about 3:00AM, the B456A (O'Neal) spotted the Chrysler mentioned in the BOLO and was able to conduct a stop on the Arborway by Washington St. past Forest Hill Station. The Driver was identified as XXX(registered Co-Owner of the Chrysler with XXX. The two passengers of the Chrysler wereXXXAll parties associated with the Chrysler lived in Clinton, MA.  A CJIS inquiry of the BMW Plate# (XXX) revealed it was owned by one XXXMA.  As a result of the above listed observations, and conversation with the Chrysler Driver XXXthe following citations were issued;   * XXX(All Civil Infractions) for 89/9 Red Light Violation issued to XXX(Chrysler Driver)  * XXX(Written Warning) for 89/9 Red Light Violation issued to XXX(BMW Owner)  Additional citations or charges may follow if any CCTV footage of the incident is found, or the BMW Driver can be identified.",0
FC25001237,2025-03-24 18:41:00,BLUE HILL AVE,MATTAPAN,2126,Stopped,Probable Cause, Body Worn Camera,Passenger Car/ Automobile,2,1,0,1,1,TS of MA REG XXX(2012 Black Mercedes C-Class) at XXXBlue Hill Ave for Excessive Window Tint (MGL Ch 90 s9D). Operator was identified as XXX DOB XX/XX/XXXX(prior F/A & 94C on BOP). XXXstated to Officers that his License was currently Suspended which was confirmed via CJISWeb Inquiry as well.   XXXwas issued an Exit Order and Pat Frisked for weapons which yielded negative results. XXXwas allowed to contact the mother of his children XXX DOB XX/XX/XXXXin order for her to come and operate the vehicle due to XXXlicense status.   MA Uniform Citation XXXwas issued to XXXand mailed to him due to printer issues in the cruiser.   FIO'd for Intel  CK02F (Kennedy / R. Adams),1
FC25006414,2025-12-08 22:30:00,,BOSTON,2125,Stopped,Reasonable Suspicion ," Gang, Body Worn Camera",Suv (sport Utility Vehicle),4,4,0,0,4,T/S of MA REG XXXfor 90/9D at Howard Ave and Wayland  Operator: XXX (DOB: XX/XX/XXXXXXX (Prior F/A)  Front Passenger: XXX - Prior FA and Assault to Murder  Rear seat XX/XX/XXXX- A&BXXXXXX - Prior F/A  Officers observed the vehicle drive fromXXXarea on Humboldt Ave and continue to take a series of sudden turns in an attempt to avoid police detection.   Officers were aware there was a shot spotter activation in theXXXarea earlier in the shift and all parties above are rival gang members.  Rear seat passengers appeared to be avoiding eye contact and unresponsive to officers. Officers observed XXX to be actively shaking and struggling to speak when asked to exit the vehicle.  Vehicle and all parties frisked to no avail.  FIO to associate all parties and the vehicle  Cox/ D'addieco,1
FC25004897,2025-09-09 20:34:00,,BOSTON,2126,Stopped,Reasonable Suspicion , Body Worn Camera,Passenger Car/ Automobile,1,0,1,0,0,"Following a partial description of a domestic violence suspect leaving the immediate area of Norfolk Street and Morton Street, officers observed and stopped a red 2016 Nissan Altima (MA REG XXXbeing occupied byXXX XX/XX/XXXXAfter determining that XXXwas not the party of interest, he was released forthwith by officers on scene.",0
FC25005567,2025-10-16 01:20:00,,DORCHESTER,2121,Stopped,Reasonable Suspicion ," Body Worn Camera, Gang",Passenger Car/ Automobile,3,2,1,0,3,"10/16/25 about 1:20 AM  Following SSA at XXXWashington Street (I252087344) with the description of a white sedan leaving the scene, Officers observed MA Reg XXXon Bowdoin Street at Geneva Ave travelling in the opposite direction of Washington Street. Officers are aware this car has been utilized by XXX in the past due to a previous traffic stop made by Officer.  Officers initiated a traffic stop to perform a threshold inquiry.   Operator: XXX  Passenger: XXX, F/A)  Rear occupant: XXXt)  All occupants appeared nervous, were wearing face coverings, and had their hoods on. All occupants avoided conversation and eye contact with Officers.  Officers feared a firearm may be present in the vehicle. Officers issued an exit order and performed a pat frisk of all occupants and vehicle, to no avail.  The occupants were explained the reason for the stop and were released forthwith.  B201A (Smigielski/Zanini)",1
FC25002659,2025-05-27 00:00:00,,DORCHESTER,2125,Stopped,Reasonable Suspicion ," Gang, Body Worn Camera",Passenger Van,8,7,0,1,1,"YVSF Invest  VK1XXX/VK07  At about 1800 hours on 5/27/2025 officers assigned to the youth violence strike force patrolling the area of Uphams corner when they observed a large group gathered in the area of Dudley Street and Dudley Terrace, Dorchester.   Officers approached the group at which point multiple individuals exited out of their vehicles and secured them. Additionally, an unidentified individual walked into XXX Dudley ter.   Officers spoke toXXXXXand other individuals (all appearing to be very young in age/unidentified at this time). One of the younger individuals included a 10-year-old kid who revealed to Officers a roll of U.S. Currency to which XXXtold said kid to ""put it away ""   * XXX were also present but left the scene immediately traveling toward Monadnock Street near an idling motor vehicle.  During the interaction, the Officers conducted a pat frisk of a black minivan with a Rhode Island temporary paper registration XXXwhich was illegally parked and maintained canceled plates. XXX who was standing near the aforementioned vehicle informed Officers that he was the owner.  While doing so XXX entered into another motor vehicle and proceeded to drive away.  After the interaction, officers advised the individuals that they have to get that vehicle somehow to a driveway, which they agreed.  Verbal warning was issued for aforementioned violation.  Vehicle associated with aforementioned individuals.  FIO’d and released.",1
FC25006256,2025-11-26 00:00:00,THANE ST,BOSTON,2124,Stopped,Reasonable Suspicion ," Body Worn Camera, Gang",Passenger Car/ Automobile,3,2,1,0,3,"T/S of a gray Honda Accord bearing MA REG XXXfor speed greater than reasonable at XXXThane St, Dorchester.  Operator:XXX (DOB: XX/XX/XXXX Front Seat Passenger: XXX(DOB: XX/XX/XXXX// XXX  Rear Driver Side Passenger:XXX(DOB: XX/XX/XXXX//XXX// C F/A charges)  As Officers were patrolling the area of Washington St Officers observed MA REG XXXwhich is a known vehicle commonly operated by XXXgang members, coming from the area ofXXX where knownXXX gang members are known to congregate. XXXandXXX have an active feud going. As Officers observed this vehicle, the operator took note of Officers presence and took a right hand turn and sped up at a high rate of speed. The operator then took numerous turns as if he was aware of the Police presence and trying to evade them. Officers were able to catch up to the vehicle and conduct a stop at XXXThane St. When Officers stopped the vehicle, the operator XXX who is normally talkative with Officers remained silent during the traffic stop. The rear passenger (XXX) was also leaning forward with his left arm covering his waistband as if he was trying to conceal something. With these observations, coupled with the fact the operator asked Officers if they wanted him to step out so they could check him, officers conducted a pat frisk of all parties and the vehicle to no avail. Officers issued a verbal warning for the speed and they were released.  It should be noted XXX who has been stopped numerous times with XXXassociates, was wearing a black San Francisco 49ers hat. The San Francisco 49ers is a symbol used by the XXXgang. When asked about the hat, XXXstated, I’ve had this had since I was a kid.",1
FC25000881,2025-03-04 00:00:00,WARREN AVE,BOSTON,2116,Stopped,Reasonable Suspicion , Body Worn Camera,Passenger Car/ Automobile,2,2,0,0,0,T/S at XXXWarren Street on a KIA Forte (MA REG XXXfor failing to stop for a red light.  Op XXX XXX  Cordial throughout encounter verbal warning issued   FIO'd to associate with M/V   B102F (DeLuca/Donovan),0
FC25000460,2025-02-01 00:27:00,BLUE HILL AVE,DORCHESTER,2121,Stopped,Probable Cause, Body Worn Camera,Passenger Car/ Automobile,1,0,0,1,1,"Traffic stop for failure to stop at red light at Columbia Rd and Blue Hill Ave, Dorchester.  The officer was responding to an unrelated radio call about an MVA at Columbia Rd and Washington St, Dorchester (P250049413). The operator (later identified as XXX almost struck Officer Abanoor as the officer was returning to the cruiser.   The operator (XXX is an active member of XXX was cooperative initially but became reluctant when the officer issued an exit order for the officers' safety. XXXwas patted and frisked to no avail. XXXstated the vehicle, a 2017 black Audi A6 (MA REG: XXXbelonged to his girlfriend.  A verbal warning was issued.  FIOE'd associated to vehicle.  Officer Abanoor (B436A)",1
FC25005026,2025-09-09 23:05:00,WASHINGTON ST,DORCHESTER,2121,Stopped,Reasonable Suspicion , Body Worn Camera,Passenger Van,3,3,0,0,3,"T/S for VALS (speeding) of a white Ford Explorer MA reg. XXX.  Officers observed MA reg. XXX speeding by XXXWashington Street travelling towards Columbia Road. Officers conducted a U-turn and conducted a traffic stop at XXXWashington Street.   Operator:XXX (Prior F/A)  Front Passenger:XXX (Prior F/A // Wainwright St)  Rear Passenger: XXX (Prior F/A // Wainwright St)  Two unknown females were also rear passengers in the vehicle.  Due to officers on scene observations and the vehicle's proximity to Morse Street, officers gave an exit order to all occupants. Pat frisk of the occupants and the vehicle yielded negative results.   The occupants filmed and antagonized officers throughout the stop and XXX told officers that he had just recently beat all of his open cases.   Verbal warning issued. FIO'd and released  Layden / McCarty / Coyne / Turner",1
FC25000155,2025-01-10 22:23:00,MILDRED AVE,BOSTON,2126,Stopped,Probable Cause," Gang, Body Worn Camera",Passenger Car/ Automobile,2,1,0,1,1,"SS of MA REG XXX(2006 Gray Lexus IS) in the parking lot of the Mildred School located atXXX Mildred Ave, Mattapan. Officers observed MA REG XXXparked by the metal storage container within the Mildred School parking lot at approximately 10:23pm when the school has been closed and there are posted No Trespassing signs around the property.   A CJISWeb Inquiry showed MA REG XXXto be registered to a XXX DOB XX/XX/XXXX(prior 94c). Officers activated their emergency lights and conducted a Subject Stop. Within the vehicle were the following individuals:  1) Driver: XXXDOB XX/XX/XXXX-XXX Prior F/A, Assault to Murder and 94c charges on BOP  2) Front Passenger:XXXX (DOB XX/XX/XXXX- No BOP.   Both parties stated that they pulled into the Mildred to ""smoke"" as XXXlives across the street at XXXBabson St. Officers observed XXXto potentially be under the influence of marijuana by his behavior and speech patterns.   Based on Officers observations of XXXcondition, both parties were issued exit orders from the vehicle. XXXand his immediate area were pat frisked for weapons which yielded negative results. XXXwas confirmed to have an Active Driver's License via a CJISWeb Inquiry. XXXtook control of the vehicle. Both parties were advised that they could not be on school grounds and were FIO'd and Released.  FIO'd for Intel  CK02F (Kennedy / R. Adams)",1
FC25000563,2025-02-07 21:58:00,,DORCHESTER,2124,Stopped,Reasonable Suspicion , Body Worn Camera,Passenger Car/ Automobile,2,2,0,0,1,T stop Of Ma. Reg XXXat Washington St and Park St for (99D)  Opp Identified asXXX (DOB: XX/XX/XXXXXXX identified himself asXXXXX/XX/XXXX  Further inquiry revealed the passenger's name to be XXX (DOB: XX/XX/XXXXopen F/A.  Officers observed XXXto be moving around in an unnatural manner throughout the duration of the traffic stop. Officers also observed XXXto be breathing at an elevated rate. Due to the above observations as well as XXXattempting to conceal his true name to Officers. Officers conducted an exit order and a pat frisk of XXXresulting in negative findings.   Citation issued for the above violation.,1
FC25001192,2025-03-21 21:20:00,ELLINGTON ST,DORCHESTER,2121,Stopped,Probable Cause," Auto Investigator, Body Worn Camera",Passenger Car/ Automobile,4,3,1,0,4,S/S of a group of individuals congregating inside a Blue Hyundai Sonata with attached plates parked in front of XXXEllington Street.  Occupants identified as the followingXXX (DOB XX/XX/XXXX XXX(DOB XX/XX/XXXXXX (DOB XX/XX/XXXX(multiple prior F/A charges)XXX(DOB XX/XX/XXXX Parties were cordial with officers. XXXstated that he resides at XXXEllington Street with his girlfriendXXXOccupants frisked yielding negative results   BWC activated  CK01F M.Foley/Sandoval/Rodriguez,1
FC25001447,2025-04-05 02:48:00,STANLEY ST,DORCHESTER,2125,Stopped,Reasonable Suspicion , Body Worn Camera,Passenger Car/ Automobile,2,1,1,0,0,"About 2:48 AM on Saturday, 04/05/2025, Officer Gales observed Massachusetts Reg: XXXrun a red light intersection at Quincy Street and Columbia Road.     Following Officer Gales observing vehicle commit the above mentioned traffic violation (c89, s9) he did activate his lights and sirens on department cruiser #4219 and began to attempt to stop the motor vehicle on Quincy Street. Vehicle then sped up and went down Stanley Street where it was met with a dead end. Vehicle had been left unoccupied at XXXStanley street along with the front door of XXXStanley Street being open.     Officer Gales then observed two individuals identified as XXX (DOB: XX/XX/XXXXand XXX(DOB: XX/XX/XXXXcome from the rear of XXXStanley Street which is when Officer Gales then conducted a threshold inquiry of the individuals who then stated that Ms. XXXhad been operating the vehicle and had just pulled up to the above address. vehicle had been hot to the touch and a smell of burning rubber had ben resonating off of the vehicle during the encounter.     Both parties FIOED and released.",0
FC25003017,2025-06-12 00:53:00,GENERAL LAWRENCE J LOGAN WAY,SOUTH BOSTON,2127,Stopped,"Intel, Reasonable Suspicion ", Body Worn Camera,Passenger Car/ Automobile,1,1,0,0,0,"12:58 AM T-Stop of MA REG XXX(In relation to possible Robbery #I252047203) at XXXLogan Way.  A witness on scene stated he observed a gray Cadilac Sedan following the victim and then take off down Dorchester Ave. While still on scene the officer observed a Cadillac turn off of Dorchester Ave into the McCormack Housing Development.   OpXXX (Prior F/A, ABDW)  Mr. XXXstated he was looking for a parking spot and resided on McDonough Way. A CJIS inquiry confirmed his address to be XXXMcDonough Way. Mr. XXXtold the offices he observed the suspect in front of "" The office"" but he didn't interact with them. It should be noted there is a BHA office on Kemp Street, which is where the officers met the victim.  FIO'd to associate with the area and vehicle.   FK01A (Walsh/White)",0
FC25001508,2025-04-08 19:00:00,,BOSTON,2127,Stopped,Reasonable Suspicion , Body Worn Camera,Passenger Car/ Automobile,1,0,1,0,1,"TSTOP for VALS (No Front Plate) of MA XXXat Preble and old Colony.   Vehicle had 107 Inquires for shots fired BOLO Tonawanda Street C11.   Operator identified asXXX. Vehicle frisked due to prior knowledge and observations on scene. 94C paraphernalia on person and vehicle.   No weapons recovered.   Detective Sullivan notified of the stop and is further investigating.   FK01F (Fullam, Burke)",1
FC25006570,2025-12-21 01:57:00,PEACEVALE RD,DORCHESTER,2124,Stopped,Probable Cause," Gang, Body Worn Camera",Suv (sport Utility Vehicle),1,1,0,0,1,T/S of a blue 2005 Jeep Grand Cherokee MA-REG XXXfor trespassing in the Tech Boston parking lot.  Operator:XXX XX/XX/XXXX- Active XXX  Unidentified female passenger.  XXXstated he was coming from a holiday party and is living at XXXWhitman Street.  FIOE'D to link to vehicle and area.  Verbal Warning Issued.  CK02A (O'Neill/McPherson) CK01A (Ashe/Parlon),1
FC25001676,2025-04-14 19:30:00,GILMER ST,MATTAPAN,2126,Stopped,Probable Cause, Body Worn Camera,Passenger Car/ Automobile,1,1,0,0,1,"T/S for VALS (improper passing) in front ofXXXGilmer Street.   Vehicle continued to drive after officers activated their lights and sirens, passing multiple open spots. Vehicle finally came to a stop in front of the above address.   Operator: XXX (DOB XX/XX/XXXX/ Prior F/A)   Once stopped, XXXraised his hands to the roof of the car in a surrending manner. XXXwas visbily nervous and his voice was shakey when he spoke.   Officers issued an exit order and performed a pat frisk of XXXand the vehicle yielding negative results.   Written warning issued and mailed to XXX CK02F",1
FC25006548,2025-12-19 13:38:00,RUTHVEN ST,ROXBURY,2121,Stopped,Reasonable Suspicion , Body Worn Camera,Cargo Van,1,0,0,1,1,"R/C at 1:39 PM for breaking and entering into a motor vehicle/larceny from a motor vehicle at XXXRuthven Street, Roxbury   Witnesses stated that Mr.XXX was observed inside a locked 2024 Chevrolet Express Van with MA Reg XXXOfficers briefly detained Mr.XXXand conducted a pat frisk for weapons with negative results. Mr.XXXdenied being inside the vehicle and denied taking any property. A search of his belongings yielded negative results for any stolen items. No damage to the vehicle was observed on scene.  FIO'd for documentation purposes and to associate him to the area.   B101D (J. Patterson/ J. White)",1
FC25006096,2025-11-17 01:50:00,,DORCHESTER,2121,Stopped,Probable Cause," Body Worn Camera, Gang",Passenger Car/ Automobile,2,2,0,0,2,"Traffic stop 01:50 Geneva Ave / Columbia Rd for Window Tint / failed inspection sticker.  Officers conducted TS of BMW MA reg XXX(100+ inquiries regarding occupants with firearm history. rental company XXX  PA:XXX (prior F/As)  Officers immediately noted XXXto pretend to sleep with his hand tucked into his sweatshirt pocket. Officers also noted XXXto become wide eyed in a look of fear while talking with officers. Based off behavior seen by officers along with prior history of XXXand history of rental vehicles being used for criminal activity, officers conducted an exit order. XXXbecame very agitated and did not comply with officers commands until officers assisted him out of the vehicle. XXXalso began rolling up his window and declined to exit but eventually did without incident.  Both parties and vehicle frisked to no avail. Both parties argued and recorded officers throughout frisk.  verbal issued warning for the VALs.  C112A(Belanger/Fawkes) CK01(McPherson/Oneil)",1
FC25003816,2025-07-19 02:42:00,HAZELWOOD ST,ROXBURY,2119,Stopped,Reasonable Suspicion ," Gun, Body Worn Camera",Passenger Car/ Automobile,2,0,0,2,1,"On 2:42 AM while assigned to the B101A Officers conducted a T/S on MA REG: XXXfor VALS (90/17 Speeding) which resulted in the arrest of XXX  Operator: XXX(DOB: XX/XX/XXXX(Prior 94c Trafficking)   Passenger:XXX(DOB: XX/XX/XXXX(Prior 94c Trafficking)   Upon approaching the vehicle Officers observed a bottle of alcohol to be located in the glove box. Officers observed XXXto be slurring his words, have glossy eyes, and to be smelling like what Officers believe to be alcohol.  Officers then conducted an exit order, to which they located a green bag pack to be located directly behind the passenger seat. Upon frisking the bag pack Officers than were able to locate a Glock 19 with a Green Slide & Purple Handle, Serial Number XXXLarge Capacity Magazine Capable of holding 31 Rounds, 24 Rounds inside Magazine, 1 Round inside Chamber.   XXXwas placed under arrest and transported to Nashua Street Jail.  FIO for intel.   B101A (Benoit/Kimaiyo)",1
FC25000165,2025-01-11 17:50:00,BLUE HILL AVE,MATTAPAN,2126,Stopped,Probable Cause," Body Worn Camera, Other Agency/Unit Notified",Passenger Car/ Automobile,2,2,0,0,0,"Officers while on directed patrol in Mattapan Square pulled into a parking spot in front of Mattapan House of Pizza XXXBlue Hill Ave). As Officers pulled into the parking space, they observed a light skin female with orange hair sitting in the front passenger seat in the vehicle (MA REG XXXparked to right of their cruiser. This female matched the description of an individual from an Identification Wanted Poster (25-001) that was disseminated on 01/01/2025.  Officers observed MA REG XXX(2012 Yellow Toyota Camry) back out of it's parking spot and cut across multiple lanes without using their turn signal (MGL Ch 89 s9). Officers affected the traffic stop just past River St on Blue Hill Pkwy. The following individuals were identified in the vehcile:  1) Driver - XXX(DOB XX/XX/XXXXminimal BOP  2) Front Passenger - XXX(DOB XX/XX/XXXXMinimal BOP.   XXXwas observed to have orange hair  Verbal Warning for the Turn Signal violation. FIO'd for Intel Purposes  CK02F (Kennedy / R. Adams)",0
FC25001660,2025-04-15 02:00:00,,BOSTON,2121,Stopped,Reasonable Suspicion , Gang,Passenger Car/ Automobile,2,2,0,0,2,OFFICERS STOPPED MA REG XXX(EAN HOLDINGS RENTAL) FOR SPEEDING  OPERATOR- XXX (XXXAVE AND PRIOR FIREARM CHARGES)  PASSENGER- XXXPRIOR FIREARMS)  NEITHER OCCUPANTS HAD ACTIVE LICENSES. XXXSTATED RENTAL WAS HIS GIRLFRIENDS. GIRLFRIEND CAME TO LOCATION TO PICK UP CAR.  BK02A PICARELLO/OLEARY/MCCABE/BENT,1
FC25002212,2025-05-08 00:00:00,W SELDEN ST,MATTAPAN,2126,Stopped,Probable Cause, Body Worn Camera,Passenger Car/ Automobile,1,1,0,0,1,"T/S for VALS speeding (90/17) and failure to stop (89/9) for) NY XXXRental, at XXXW Selden Street for a 2024 white Nissan Sentra.   Officers were stopped at the red light at W Selden and Morton Street when they observed the aforementioned vehicle traveling at a speed greater than reasonable past Officers onto W Selden Street. Officers conducted a safe U-turn and observed the vehicle fail to stop at a stop sign at W Selden and Henrici Street. Officers then observed the vehicle pull into the driveway of XXXW Selden Street. Officers positioned their cruiser in front of the driveway and observed the operator exit his vehicle. The operator quickly distanced himself from the vehicle and locking it multiple times with his key fob. Operator was reluctant to provide Officers with his Drivers License and instead provided Officers with name and DOB. Operator was identified as XXX (DOB: XX/XX/XXXXwho has a listed address of XXXAmor Rd, Milton. XXXwas FIOE'd in the past with Lenox gang members. XXXclaimed to own the residence at XXXW Selden and was coming back home from grabbing dinner. XXXwas extremely confrontation and began recording and taunting Officers while on scene.   Pat Frisk of XXXperson yielding negative results for weapons.   XXXissued Uniform Citation XXXin hand.   CK01F/CK02F (Sandoval ,Foley, Fantaroni, Rodriguez)",1
FC25005690,2025-10-21 20:30:00,WALNUT AVE,BOSTON,2119,Stopped,Encounter, Body Worn Camera,Passenger Car/ Automobile,1,1,0,0,1,TS VALS - green Toyota Corolla (MA REG XXX  Operator identified as XXX   Upon TS operator seen fumbling around in front of vehicle. Upon officer's approach to the driver's side door the operator appeared visibly nervous and paranoid  Frisk for weapons of the subject and vehicle yielded negative results  Operator issued a Written Citation for 89/9 XXXStated vehicle registered to his wife.  BWC activated,1
FC25005112,2025-09-20 14:27:00,S CHARLAME TER,ROXBURY,2119,Stopped,Reasonable Suspicion , Body Worn Camera,Passenger Car/ Automobile,2,1,1,0,1,"PO Jose M Diaz Jr (106745) BT55D, 2:33PM on Saturday 9-20-2025, Subject Stop Assist outsideXXX S. Charlame Terrace, Roxbury. BWC activated.  911 Call for a Person with a Gun stemming from a road rage incident unfolding at Shawmut Ave & Malcolm X Blvd. Roxbury. 911 Caller statements as follows;   * 09/20/25 14:28:16 (pct05): CLR STS A MALE SUS POINTED GUN AT CLR AND MADE THREATS TO SHOOT CLR  * 09/20/25 14:28:36 (pct05): VEH DES: BLACK MERCEDES MA REG XXX(SUS VEH DES)  * 09/20/25 14:28:54 (pct05): MALE SUS DES: HISPANIC MALE/30'S YR/MEDIUM BUILT/5'7FT  * 09/20/25 14:29:11 (pdt03): DIRECTION?  * 09/20/25 14:29:24 (pct05): HAT(UNK COLOR HAT)/LIGHT BLUE JEAN JACKET/LIGHT BLUE JEANS/UNK COLOR SHOES  * 09/20/25 14:29:43 (pct05): CLR STS THE MALE SUS VEH WENT TOWARDS DALE ST  * 09/20/25 14:30:03 (pct05): GUN DES: BLACK HANDGUN (PUT IT IN RIGHT POCKET OF HIS JEANS)  * 09/20/25 14:30:42 (pct05): CLR STS HE IS NO LONGER AT THE ABV (CURRENTLY AT: 2565 WASHINGTON ST)---WAITING FOR OFFICERS  At about 2:33PM Officer Diaz (BT55D) joined the B692D (Aldridge) who had already stopped and detained the registered owner of the described suspect vehicle which was located parked in front ofXXX S. Charlame Ter. The B611D (Mason/Bouyer), BK01D (Bamford/Shinkwin), and several additional units also responded. It should be known that as the 911 caller described, a black handgun was displayed by the suspect driving the Black Mercedes bearing plate # XXXThis black handgun was allegedly in the Suspect's right pants pocket. A handgun small enough to fit inside a pants pocket could easily be hidden away within several known and unknown compartments and natural voids within a motor vehicle.   While on scene, Officer Diaz observed the Suspect (XXX) wearing a Coors Light baseball cap, light blue jean jacket, and light blue jeans. Officer Diaz also observed the Black 2010 Mercedes Benz E-Class Sedan (MA Reg# XXXparked in front of a posted ""Tow Zone No Stopping Anytime"" sign outsideXXX S Charlame Ter. As Officer Diaz walked past the Mercedes, he looked inside to see if there were any weapoons in plain view but none were seen. Officer diaz did observe a significant rip/tear on the leather like seat material on the driver seat bottom cushion, which allowed access to the seat cushion material underneath. Officer Diaz also observed a open glass ""Corona"" beer bottle with a small amount of liquid still in it, as well as a plastic cup marked ""Encore Casino"" also with a small amount of liquid within. Both of these open beverage containers were observed within the passenger compartment within reach of the driver's seat. Officer Diaz also observed a set of keys including a Mercedes key fob, on the front steps toXXX S Charlame Ter. An unidentified male party had been sitting on the front porch/stoop ofXXX S Charlame St throughout the encounter with XXX This male did engage XXXin conversation throughout, was seen entering and exiting the residence several times, and at no time did he show any interest in, nor did ever retrieve the Mercedes keys from the steps. Officer Diaz also observed an open liquor bottle on the fence in front ofXXX S Charlame St which Officer Aldrige reported having seen XXXdrinking from it while on the public sidewalk as Officer Aldridge approached and detained XXX  During the pat frisk for weapons conducted by Officers Aldridge (B692D) and Bamford (BK01D) no weapons were found. A container with controlled substances was located and seized by the Officers.   Once it was determined that no arrest would be taking place at this time, XXXwas released forthwith. Officer Diaz advised XXXagainst having open containers of alcoholic beverages within the passenger compartment of his vehicle (MGL 90/24I), and in order to de-escalate matters, Officer Diaz opted to mail XXXa parking violation for the aforementioned posted ""Tow Zone No Stopping Anytime"" violation observed.  It should be noted that Officer Diaz did previously issue XXX Mercedes (MA Reg# XXXa parking violation for the the same posted ""Tow Zone No Stopping Anytime"" on 7/5/2024 around 3:30AM in regards to a shots fired response on that street (CC# 242055092).",1
FC25005272,2025-09-29 19:20:00,,BOSTON,2129,Stopped,Reasonable Suspicion , Body Worn Camera,Passenger Car/ Automobile,1,1,0,0,0,"About 7:20PM officers conducted a traffic stop for VALS on a white Chevrolet Equniox (MA XXXat the intersection of Tufts Street and Walford Way, Charlestown.   Officers identified the driver as the following: XXX - History of charges to include armed robbery and murder attempt. XXXis known to associate with XXX, who has been the subject of multiple armed robberies to have taken place in Charlestown.   XXXstated to officers that the vehicle belongs to his ex-wife, XXX XXXstated that he lives at XXXBunker Hill St and was heading to the convenience store on Medford St with his female acquaintance XXX  BWC activated.   AK02F (Hiltunen/ Marchand)",0
FC25003478,2025-07-04 17:06:00,BLUE HILL AVE,ROXBURY,2119,Stopped,Reasonable Suspicion ,,Passenger Car/ Automobile,1,1,0,0,0,"About 1706 hours on Friday, July 4th, 2025, Sgt. Det. DeVito (B982) did a traffic stop at XXXBlue Hill Avenue, Roxbury. She observed a gray Ford Fusion XXXturn left onto Blue Hill Avenue cutting off another vehicle and almost causing a collision. When she approached the vehicle she saw the operator/owner,XXX (DOB: XX/XX/XXXXholding and looking down at his cell phoneXXX primarily spoke Spanish. He was wearing a Domino's uniform and explained he was using his GPS to make a delivery and apologized. He was verbally warned about the hands free law. Translation assistance provided with Google Translate.",0
FC25006380,2025-12-06 14:15:00,,BOSTON,2111,Stopped,Probable Cause, Body Worn Camera,Passenger Car/ Automobile,1,1,0,0,1,"T/S at Harrison & Beach on a Black 2011 Mercedes C300 (MA REG XXXfor failure to stop at a red light.  The vehicle took 1 block to stop and pull over when there were numerous places to stop. The operator,XXX(DOB XX/XX/XXXXrolled the windows down and smoke poured out of the windows. Officers requested a DL for the operator. At the same time Officers observed a large pocket knife in the driver side door panel and issued an exit order. XXXand the vehicle were frisked to no avail for additional weapons.  CJIS inquiry revealed open case for possession to distribute class A & B out of Natick.  Officers issued verbal warning for traffic violation.  FIOE completed to associate to vehicle.  AK01D Ganss / Ostholthoff",1
FC25000028,2025-01-02 19:30:00,MONSIGNOR DENNIS F. O'CALLAGHAN WAY,SOUTH BOSTON,2127,Stopped,Encounter,,Passenger Car/ Automobile,1,1,0,0,0,"On Thursday, 01/02/2025 at approximately 7:30 PM, Housing PO's observed Virginia REG XXXoutside XXXO'Callaghan Way in the McCormack Development with one male in the driver seat, slumped backwards. A CJIS inquiry of Virginia REG XXXrevealed it to be a rental out of EAN Holdings LLC with an expired registration since 11/30/2024.  Officers made contact with the operator,XXX and advised him of the status of the vehicleXXXprovided an updated rental agreement that provided proof of an active registration as well as his license. A CJIS inquiry of XXX showed an active License and negative results for warrants.   XXX was advised to move his vehicle as it was also parked next to a handicap sign, and he complied.   FIO to associate vehicle to subject and development.  Z433 (Barbosa) Z429 (Awad) Z434 (Iverson)",0
FC25004411,2025-08-13 10:37:00,BRUSH HILL ROAD,MILTON,2186,Stopped,Reasonable Suspicion ," Victim Shot, Body Worn Camera",Passenger Car/ Automobile,2,2,0,0,0,"About 10:37am on Wednesday, 08/13/2025, Milton PD stopped this above-described motor vehicle in regard to a BOLO broadcast that was made on Channel #4 for a blue BMW sedan, with no known registration, leaving the scene of a shooting at XXXFaraday Street, Hyde Park.   Further information was broadcasted on Channel #4 that the firearm involved in the shooting may have been passed on to the operator of that motor vehicle before it fled the scene on Faraday Street towards Truman Parkway.   An alert was made by an outside agency that indicated the motor vehicle may been involved in a motor vehicle accident in the area of River Street and Cummins Highway, shortly after the shooting, and a registration plate XXXwas .   Officers and City of Boston emergency response personnel responded to the location and was unable to locate any such crash at that time in that location.   Milton PD observed the motor vehicle in the parking lot area ofXXX Brush Hill Road in Milton, initiated a felony car stop and notified Boston Dispatch of what they had.   Boston Police units also responded to assist and a Field Interrogation and Observation (FIO) report was made on the two occupants in the motor vehicle and they were eventually free to leave. BWC was activated for this incident.",0
FC25000530,2025-02-05 22:50:00,NORFOLK ST,DORCHESTER,2124,Stopped,Intel, Body Worn Camera,Passenger Car/ Automobile,1,1,0,0,0,"T/S of a Gray Mazda (MAREG XXXfor speeding and marked lanes violation in the area of XXXNorfolk St, Dorchester. Driver was identified asXXX who is an active XXX with multiple F/A's on his BOP. Mr. XXXwas cordial with officers and stated that he has changed his ways and that he no longer acts how he used to.  FIOE to associate the driver with the vehicle. Verbal warning issued.  C111F (D'Addieco/Cox)",0
FC25004597,2025-08-23 00:00:00,,BOSTON,2121,Stopped,Probable Cause,,Passenger Car/ Automobile,2,0,1,1,1,"About 5:40 while on direct patrol in the area of Grove Hall for the Caribbean festival officers observed a Vehicle MA REG XXXtraveling down Georgia street which is a one-way street the wrong way (MGL c89 s10).   Officers conducted a traffic stop of the vehicle at Geneva and Normandy Street and identified the operator asXXXwho officers are aware does not have an active driver's license (MGL c90 s10). Officers issued XXXan exit order and conducted a pat frisk yielding negative results. XXXwas accompanied byXXX who was seated in the passenger seat, Officers subsequently issued XXXan exit order.  It was determined XXXhas an active drivers license and took custody of the vehicle.  XXXissued a verbal warning for both infractions.   B102F (Cooper) & B457F (Bertocchi)",1
FC25000618,2025-02-13 12:10:00,GENEVA AVE,BOSTON,2121,Stopped,Probable Cause,,Suv (sport Utility Vehicle),1,1,0,0,1,"Officers observed PA reg: XXXon Holiday Street turn onto Topliff Street, and then turn onto Geneva Avenue. Officers noted the vehicle's right rear brake light was not operable, and conducted a traffic stop at XXXGeneva Avenue. A CJIS query revealed the vehicle's registration was suspended in Pennsylvania.   Officers observed significant movement from the operator upon their approach, and immediately noted his hands were heavily trembling. Officers further noted a fanny pack between his hooded sweatshirt and his jacket.   The operator did not have his license in his possession, but identified himself as XXX. Given his nervousness and movements, Officers asked him for the keys while they were checking his license status. Though he handed them over, he was very hesitant to do so.   XXXreported the car belonged to someone named ""XXX."" Upon Officers asking for the registration, XXXreported it was not in the vehicle, When asked if he wouldn't mind checking the glove box, he confidently proclaimed it's not in there, and made no effort to check. When asked a second time, he again reported he knows it's not there.   Given all of the above, along with the very recent and very violent nature of recent incidents in the immediate area of this traffic stop, Officers removed XXXfrom the vehicle. A pat-frisk of the vehicle and his person revealed negative results. He was allowed to return the vehicle to his home one block over on Holliday Street, and put it in a driveway, and advised to get the brake light fixed.",1
FC25002621,2025-05-27 00:12:00,,BOSTON,2124,Stopped,Probable Cause, Body Worn Camera,Suv (sport Utility Vehicle),2,2,0,0,2,"TS at Blue Hill Ave and Arbutus Street of an Orange Jeep Wrangler XXX in relation to for BRIC ARMED ROBBERY BOLO (25-492)   Jeep was operated byXXXand passenger XXXBoth parties removed and frisked for weapons, yielding negative results.  Jeep was towed to BPD HQ for Evidence pending Search Warrant.   C111A (O'Brien and Jean)",1
FC25000752,2025-02-23 02:23:00,,ROXBURY,2215,Stopped,Probable Cause, Body Worn Camera,Passenger Car/ Automobile,1,1,0,0,0,PO Jose M Diaz Jr (106745) BT55A on 2/23/25 at 2:23AM CD15 (P250084331) BWC activated  T-Stop for speeding at Brookline Ave & Longwood (47 in a 25 - Lidar)  Written Warning issued to Driver XXX dob XX/XX/XXXXXXX operating Gray 2011 BMW 328 (MA Reg# XXX- Owner XXX dob XX/XX/XXXXDriver previously FIO'd operating this vehicle.  FIOE submitted to associate Driver with this vehicle due to prior firearms arraignment(s) on the BOP.,0
FC25006221,2025-11-24 00:00:00,,DORCHESTER,2124,Stopped,Probable Cause, Body Worn Camera,Suv (sport Utility Vehicle),1,1,0,0,1,"Traffic Stop Blue / Harvard 11/25/25 02:00  TS for expired license of the vehicle. When Officers approached the vehicle, they noticed another male party driving the vehicle. Officers were already aware of the possibility of male party XXXoperating due to recent CJIS remarks. Officers were aware XXXhad a suspended license and multiple F/As on BOP.  Exit order conducted. MV inventory conducted to no avail. Officers gave XXXa warning for operating with suspended license. A female friend who lived close by retrieved the vehicle.  FIO to associate XXXwith vehicle.  C112A (Belanger/Fawkes)",1
FC25001564,2025-04-10 13:36:00,HARVARD ST,CHARLESTOWN,2129,Stopped,Probable Cause, Body Worn Camera,Passenger Car/ Automobile,4,3,0,1,0,"Officers observed MA: XXXtraveling on Harvard Street with excessive window tint. The vehicle had been queried on CJIS 125 times and had recently been associated with two shoplifting incidents in the Seaport.  Officers conducted a traffic stop. The driver was identified as XXX front passenger as XXX and rear passenger asXXX stated that he rented the vehicle about one month ago.   XXXstated that his sister, XXX, had ""already been summonsed"" related to the shoplifting. XXXonly had a learner's permit and Officers instructed XXXto drive with his active license.  Adams/Harrington",0
FC25003889,2025-07-21 17:09:00,AMERICAN LEGION HWY,DORCHESTER,2124,Stopped,Probable Cause," Body Worn Camera, Moped",Moped,2,0,2,0,0,TS of MA REG XXX(Red 2024 TZTC Model ST Moped) at XXXAmerican Legion Hwy due to the Operator not wearing a helmet (MGL Ch 90 c1B). Operator was identified as:  XXX(DOB XX/XX/XXXX- Prior Trafficking Charges on BOP.  CJISWeb Inquiry showed the Moped to be Actively Registered to:  XXX (DOB XX/XX/XXXX- Open and Prior 94c on BOP including Dist Class A & Class B  XXXwas cordial with Officers and stated that XXXis his cousin. Officers issued a Verbal Warning for him not wearing a helmet.  FIO'd for Intel Purposes  C112F (Kennedy / Colon),0
FC25003485,2025-07-05 00:05:00,,SOUTH BOSTON,2127,Stopped,Reasonable Suspicion ,,Passenger Car/ Automobile,1,0,1,0,0,"About 0005 hours on Saturday, July 5th, 2025, Sgt. Det. DeVito (B982) stopped to investigate a motor vehicle on Southampton Street at Ellery Street. S/D DeVito observed a black Cadillac Escalade (MA Livery/XXX) pulled over on Southampton Street between Ellery Street and the highway on-ramp.   The operator, identified as XXX (DOB: XX/XX/XXXXwas pulled over next to a white female who appeared to be ""nodding off"" on the sidewalk. When asked what was going on, XXXsaid he was an Uber driver and the female was a fare who became sick while he was giving her a ride. He said he picked her up on Massachusetts Avenue, stopped at Dunkin Donuts, then she got out because she suddenly became sick. When asked for additional details about the Uber trip he was unable to provide them and when he said he stopped at Dunkin Donuts he held up a plain cup, that S/D DeVito knew was not a DD cup.   The female appeared to be under the influence of drugs. S/D DeVito asked the female if she needed EMS and she said no. When asked if that was her Uber, she said no, and she did not know the man and was trying to tell him to leave her alone. She did not elaborate on whether he said or did anything specifically. She said she was fine and walked away on her own.   S/D DeVito spoke to XXXfurther and, now positioned more closely at his driver's window, also observed his belt was undone as well as his pants button. XXXwas advised to refrain from stopping and speaking to females he did not know, and told to stay away from that area without legitimate business. He drove away and took a right toward the highway. XXXhad nothing on his BOP since 1998, but had ""Sexual Cond For Free"" and ""Indecent A&B on Child"" charges, which were both dismissed.",0
FC25000941,2025-03-08 17:15:00,,DORCHESTER,2121,Stopped,Probable Cause, Body Worn Camera,Passenger Car/ Automobile,1,1,0,0,1,T-Stop for Speed Greater than Reasonable on MICHIGAN REG XXX(Blue Nissan Rogue - Rental) at Erie St. and Merrill St.  Operator and sole occupant: XXX XX/XX/XXXX- prior F/A conviction and Open Distribution Class D & C charges.  XXXwas cordial with officers throughout the stop. He consented to a frisk of his person and the vehicle. XXXstated that he no longer partakes in criminal activity and strictly focuses on his health and family.  A verbal warning was issued for speed.  FIO'd to association with vehicle.  C111F(Coppinger/Cox),1
FC25000845,2025-03-02 00:46:00,DORCHESTER AVE,SOUTH BOSTON,2127,Stopped,Probable Cause, Body Worn Camera,Passenger Car/ Automobile,2,2,0,0,2,"12:46 AM T-Stop for VALS (Driving on the sidewalk) of MA REG XXXGray Honda HRV at XXXDorchester Ave.  Op: XXX (Prior F/A's, Armed Robber, 94c).  Pass.:XXX (Prior 94C)  Passengers and Vehicle frisked for weapons to no avail.   Verbal warning issued for VALS. FIO'd to associate with the vehicle and the area.   FK01A (Walsh/White)",1
FC25001048,2025-03-13 21:30:00,,BOSTON,2121,Stopped,Reasonable Suspicion ," Body Worn Camera, Gang",Suv (sport Utility Vehicle),2,2,0,0,0,"T/S Glenway st and Page st of MA REG XXXfor 90/34J, 90/20  Operator: XXXXXX - Open F/A  Passenger: XXX- No Bop  Verbal warning issued  FIO to associate XXXwith XXXand MV  C111F (Cox/ D'addieco)",0
FC25006017,2025-11-11 01:15:00,QUINCY ST,DORCHESTER,2125,Stopped,Probable Cause, Body Worn Camera,Passenger Car/ Automobile,1,1,0,0,1,"STOP: T/S for VAL's (failure to turn on headlights) of a blue 2013 Honda Civic (MA: XXXat XXXQuincy st, Dorchester MA. Vehicle is a rental.  OPERATOR:XXX (DOB: XX/XX/XXXXPrior F/A, ABDW, B&E. XXXis an XXX.  BEHAVIOR: XXXfidgeted with his hands during the interaction and stared straight ahead, not speaking much with officers. His chest was visibly rising and falling rapidly at an abnormally fast pace that could be seen through the sweatshirt he had on. He was on facetime with his significant other who asked ""you don't have anything on you, right?""  Multiple baggies containing marijuana were observed in plain view. Due to the baggies seen in plain view paired with XXXbody language/demeanor, his girlfriends dialogue, and XXXpast history with carrying firearms/dangerous weapons, XXXand the vehicle were frisked to no avail.  XXXwas issued a written warning for the VAL's  FIO to associate XXXwith the vehicle/document behavior.  BWC activated  H102A (Zammito/ D. Foley)",1
FC25002624,2025-05-27 11:34:00,GREENWOOD ST,DORCHESTER,2121,Stopped,Probable Cause," Gang, Body Worn Camera",Suv (sport Utility Vehicle),1,1,0,0,0,"TS of MA REG XXX(2018 Gray Alfa Romeo SUV) for Speeding (MGL Ch 90 s17) & Excessive Tint (MGL Ch 90 s9D) in front of XXXGreenwood St. Officers first observed MA REG XXXgoing at a high rate of speed on Erie Street, continue onto Fowler St and then Greenwood St where Officers were able to affect the traffic stop.  Operator was identified asXXXDOB XX/XX/XXXX- Prior ties to XXX Prior Guilty F/A on BOP and prior 94c. XXXwas initially argumentative with Officers. XXXcalmed down once Officers explained the reason for the stop.   XXXwas observed to be wearing a Milwaukee Brewers hat, which Officers are aware represents ties to XXX   Written Warning Issued to XXX FIO'd for Intel  C202D (Kennedy / Bruen)",0
FC25000271,2025-01-19 00:19:00,,ROXBURY,2118,Stopped,Probable Cause, Body Worn Camera,Suv (sport Utility Vehicle),1,1,0,0,1,"12:19AM T-Stop for VALS (Speeding 90/17 & Excessive Tint 90/9) of MA REG XXXBlack Jeep Grand Cherokee at Theodore Glynn Way and Newmarket Square.  Op:XXX(Prior F/A's, Assault to murder, 9XXXOfficers observed open container of marijuana in the cupholder as well asa strong odor of marijuana and smoke emanating from of the vehicle on approach. Officers observed a knife in XXXwaistband, frisked for other weapons to no avail.  Verbal warning issued for VALS.   FIO'd to associate with the vehicle and the area.   FK01A (Walsh/Hill)",1
FC25003415,2025-07-01 10:15:00,DORCHESTER AVE,DORCHESTER,2122,Stopped,"Intel, Reasonable Suspicion ", Body Worn Camera,Passenger Car/ Automobile,2,2,0,0,0,"TS of MA REG XXXat XXXDorchester Ave in regard to a MA State PD BOLO/ID Wanted for the vehicle.   Op identified asXXX (multiple FA offenses, trafficking 94c)  Passenger identified as XXXmultiple prior FA offenses)  Ma State PD notified (H-6)  HK01D (E. Foley/Taylor)",0
FC25003245,2025-06-24 21:11:00,WARREN ST,ROXBURY,2119,Stopped,Reasonable Suspicion , Body Worn Camera,Passenger Car/ Automobile,1,1,0,0,1,"Traffic stop for red light violation at Harrison Ave and Dudley st of a red Toyota Yaris (MA REG XXXThe vehicle initially pulled over, then proceeded to accelerate through the stop sign at Harrison and Warren streets. The vehicle then proceeded to continue through the next set of lights and eventually stop after the entrance to the Boys and Girls club on Warren street.  Officers observed the operator, identified as XXX(XXXPrior F/A charges). Mr. XXXappeared visibly nervous and was removed from the vehicle. Officers frisked XXXand removed a pocket knife. officers also frisked his vehicle with negative results.   Officers advised XXXto stop immediately when stopped by police.  Verbal warning issued.  BK03F OBRIEN/KERIN",1
FC25000724,2025-02-21 18:15:00,,ROXBURY,2119,Stopped,Reasonable Suspicion ," Body Worn Camera, Gang",Passenger Car/ Automobile,2,2,0,0,2,"T Stop for vals (illegal u-turn) at Dudley and Hampden streets.  Operator -XXX (Active Columbia Point, prior F/A- active around F/A)  Passenger XXX (Open F/A, suspected Columbia Point)  Due to numerous observations and the longstanding fued between Columbia Point and Orchard Park/Mt Pleasant associates, Both occupants were removed from the vehicle and frisked with negative results.  Verbal warning issued  Fio'd and released.  BK01F   OBRIEN/RYAN/MCQUAID",1
FC25000955,2025-03-10 02:45:00,,DORCHESTER,2121,Stopped,Probable Cause,,Passenger Car/ Automobile,2,1,1,0,1,"Traffic stop 02:35 Erie / Ellington St, Expired Reg.  Officers conducted TS of MA reg XXXWhite Chevy Cruz. OP: XXX   Pass: XXX (multiple F/As, Assault to murder)  Officers conducted exit order due to the vehicle's registration status. Officers conducted vehicle inventory. At this time, Officers spoke with Ms. XXXwho stated she could not afford to get another reg but will go Monday morning. Ms. XXXwas given a verbal warning and to not drive the vehicle until her registration was up to date.  C112A (Belanger/Fawkes)",1
FC25000414,2025-01-29 16:48:00,BOWDOIN AVE,DORCHESTER,2121,Stopped,Encounter,,Passenger Car/ Automobile,2,1,0,1,2,"Officers were canvassing the surrounding area of XXXBowdoin St, Dorchester after a SSA went off for 61 rounds. Officers were traveling down Bowdoin Ave, where they observed a silver Audi A4 with excessive tint idling at the corner of Mallon Rd. CJIS inquiry of MAREG XXXcame back to a 20XXXBlue BMW 550. Officers then conducted a u turn in an attempt to conduct a TS, when the silver Audi pulled over in front of XXXBowdoin Ave. As officers pulled behind the vehicle, the driver (XXX was already out of the vehicle and actively looking inside of his trunk. Officers got out of the vehicle and explained to Mr. XXXthe nature of stop. The passenger (XXX immediately exits the vehicle and attempts to distance himself from the vehicle. Mr. XXXwas hostile towards officers but ended up calming down as time went on.   All parties/vehicle was frisked to no avail. CJIS inquiry yields Mr. XXXhas an open FA charge on his BOP and Mr. XXXhas several A/B charges.  Mr. XXXshowed officers the valid license plate of the Audi and stated that he was going to leave the vehicle in a legal parking space  FIO to associate all parties with the vehicle and FIO for intel.  C111F(D'Addieco/Cox) C113F (Coppinger/Marcinkevicius)",1
FC25006482,2025-12-15 03:02:00,BERNARD ST,BOSTON,2124,Stopped,Probable Cause," Body Worn Camera, Gang",Passenger Car/ Automobile,1,0,1,0,0,"T/S for VAL (Defective break light) on a 2012 red Honda Civic MA REG: XXXat XXXBernard St.  Operator: XXX(DOB: XX/XX/XXXXXX, Prior F/As, Assault to Murder.  During T/S XXXwas calm and cordial with officers and stated he was coming from a baby shower and on his way home to Roslindale.   Verbal Warning issued.  FIO'd to associate with M/V.  CK01A (McPherson, O'Neill) CK02A (Ashe, Parlon).",0
FC25005374,2025-10-05 02:09:00,BLUE HILL AVE,ROXBURY,2121,Stopped,Probable Cause," Gang, Body Worn Camera",Passenger Car/ Automobile,2,1,1,0,1,"10/05/25 about 2:09 AM  T/S at XXXBlue Hill Ave MA Reg XXXfor excessive window tints (90/9D)  Operator: XXX(drugs, f/a, XXX)  Passenger: XXX  Both occupants appeared nervous. Mr. XXXwould not make eye contact with Officer, was breathing heavily, and having limited conversation and being evasive with Officer. Mr. XXXwas also driving very low in his seat and had both sun visors down despite it being 2 AM and completely dark out.  All these considered as well as Mr. XXXBOP an exit order was given to pat frisk the car and occupants for weapons for officer safety, to no avail.  Verbal warning issued for excessive tints.  B456A (Smigielski)",1
FC25002071,2025-05-04 13:54:00,,ROXBURY,2118,Stopped,Reasonable Suspicion ," Auto Investigator, Body Worn Camera",Passenger Car/ Automobile,1,0,1,0,0,"Officers assigned to the Mass and Cass walking beats observed a 2010 grey Toyota Camry parked in the bus lane next to the Mass Ave bus stop on the BMC side. Officers observed several people coming up to the passenger side window while it was rolled down. The vehicle pulled off after observing the officers. Officers followed the vehicle which made a U-turn at Harrison St. Officers observed the vehicle stop at the bus stop on the Roxbury side and a passenger get into the vehicle. Officers conducted a traffic stop and the suspect (XXX stated she was picking up her elderly father from BMC and officers observed the passenger to be about 80 years old with a cast on his foot.  A CJIS query of the suspect provided no criminal history or active warrants. The vehicle appeared to be clean with no visible signs of drug use, but the suspect did not have teeth.   Body worn cameras activated.",0
FC25005475,2025-10-10 21:00:00,,BOSTON,2119,Stopped,Reasonable Suspicion ," Body Worn Camera, Gang",Passenger Car/ Automobile,1,0,1,0,1,"About 9:00PM, on Friday, 10/10/2025, T/s at the intersection of Walnut & Townsend of MA REG XXXfor non-transparent windows (90/9D).   Operator identified as XXX).   No gang affiliation. However, numerous FIOE's with XXXmembers over the past several years.   BOP - Open F/A, Open Assault to Murder, Prior 94c & F/A Offenses.   Officers made contact withXXX and he immediately appeared to be breathing heavily. While speaking with officers he was avoiding eye contact and then abruptly began recording officers. Based off of officers' observations, XXXcriminal history, and the recent crime surrounding the Walnut Park area led to an exit order and pat frisk of XXX Nothing of evidentiary value recovered.  XXXwas educated on the MGL regarding the tint waiver and was given a verbal warning.   FIOE to assoc with motor vehicle.     B101F Kovaleski / Kadey",1
FC25000187,2025-01-12 17:45:00,CUMMINS HWY,MATTAPAN,2126,Stopped,Reasonable Suspicion ,,Suv (sport Utility Vehicle),1,1,0,0,1,"T/S of MA REG: XXX(2020 White Nissan Rogue) at XXXCummins Highway for red light violation (89/9) and excessive tint (90/9D).  Operator:XXX (Active Ashmont/Open F/A charges)   Officers observed XXXvehicle drive on the wrong side of the road and proceed through a red light at River St/Cummins Highway, appearing as though he was attempting to evade Officers. As Officers conducted the traffic stop and approached the vehicle XXXimmediately stated that his baby was about to be born and offered consent for Officers to search his vehicle. Officers found XXXdemeanor to be nervous and different from previous encounters with him where he is hostile and loud.   Due to observations made while on scene, XXXand the vehicle were pat-frisked for weapons to no avail. He appeared to be paranoid while outside the vehicle looking around repeatedly, and then screamed at an older male who he thought was filming him. He was issued written warning XXXand released.   CK01F/CK02F",1
FC25003072,2025-06-14 20:00:00,FERMOY HEIGHTS AVE,DORCHESTER,2124,Stopped,Reasonable Suspicion , Body Worn Camera,Passenger Car/ Automobile,1,1,0,0,1,"T/S of a white BMW 328 MA REG XXXfor unlicensed op at XXXFermoy Heights Ave, Dorchester.  While patrolling the area of Washington St. Officers observed 3 unidentified parties standing next to MA REG XXXon Eldon St. While approaching the group Officers observed one party open the rear door of the vehicle and put something in the back seat and the vehicle sped off towards Washington St. Officers attempted to conduct a traffic stop on the vehicle but lost sight of the vehicle immediately. About 10 min later Officers observed the vehicle at XXXFermoy Heights Ave, where the vehicle is registered to. The registered owner of the vehicle did not have an active license. T/S of the vehicle was conducted which revealed the operator (XXXwho also did not have an active driver's license. Due to previous observations officers conducted a pat frisk of the operator and the vehicle yielding negative results. Officers had a casual conversation with the operator and issued the operator a verbal warning and explained he could not operate a vehicle without a license. The vehicle was left legally parked at XXXFermoy Heights Ave.  C202F",1
FC25001213,2025-03-23 01:26:00,,BOSTON,2125,Stopped,Probable Cause, Body Worn Camera,Passenger Car/ Automobile,1,0,1,0,0,"T/S of MA XXXfor VALS (Red Light Violation) at intersection of Columbia Road / Hancock Street, Dorchester.   Officers spoke with operator XXX (ABDW / Assault to Kill / B/E / Unarmed Robbery / Class B) who was cordial throughout interaction. Verbal warning issued.   CJIS inquiry conducted indicates significant adult and juvenile criminal history with 134 total entries.   FIO to associate XXXwith vehicle and area.   HK01A (Leccese/Lewis)",0
FC25006555,2025-12-20 02:02:00,,DORCHESTER,2124,Stopped,Probable Cause," Gang, Body Worn Camera",Passenger Car/ Automobile,2,2,0,0,2,"About 2:02 AM on Saturday, 12/20/2025, Officers assigned to the District B-3 anti-crime unit conducted a traffic stop for no headlights/tail lights on a black 2006 Honda Accord bearing MA Reg. XXXin the area of Welles Avenue and Ocean Street, Dorchester.  Officers observed the vehicle operating on Washington Street with no lights on in the direction of Gallivan Boulevard. As Officers turned onto Washington Street they observed the vehicle increase its speed and turn onto Welles Avenue, seemingly in an effort to evade Officers. A traffic stop was initiated in the area of Welles Avenue and Ocean Street.  Operator identified as XXX (Prior F/A), rear passenger identified asXXX(Prior F/A, active XXX front passenger refused to identify. XXXwas immediately confrontational and yelled at Officers, refusing to provide his driver's license. Officers requested his license more than 10 times which XXXcontinued to refuse. An exit order was issued, and all three occupants were confrontational, refusing to submit to a pat frisk, and screaming at Officers not to frisk the vehicle. Occupants resisted being frisked and crowded Officers as they frisked the vehicle, leading to them being handcuffed for Officer safety. A pat frisk was conducted on the vehicle and occupants for fear of a weapon being present to no avail.   A number of loose panels leading to natural voids were located in the front passenger compartment of the vehicle, and the back seat was able was not affixed to the vehicle allowing it to be lifted up with very little effort.  Unidentified male frequently observed congregating with XXX associates however Mark43 inquiries in an effort to obtain his identity have yielded negative results.  Written warning issued for lights violation (MGL 90/7).  CK01A (Ashe/Belanger)",1
FC25003513,2025-07-06 17:16:00,BOWDOIN ST,DORCHESTER,2125,Stopped,Probable Cause, Body Worn Camera,Passenger Car/ Automobile,1,1,0,0,0,"TS for VALS (90/23) in the area of XXXBowdoin St. CJIS query of (MA REG XXXrevealed an expired registration as of 06/30/25. Officers identified the driver of the vehicle as (XXX D.O.B. XX/XX/XXXXXXX Prior F/A, Prior F/A Trafficking, and unlicensed sale of ammunition on BOP).   Officers made the following observations of XXXwhile on scene: Several indicators of extreme nervousness, including visibly shaking, uncontrollable hand tremors, and stuttering while attempting to answer basic questions. Furthermore, when officers issued an exit order, XXXinitially failed to comply. Eventually, officers were able to deescalate and XXXexited the vehicle on his own accord. Vehicle was pat frisked for weapons yielding negative results. XXXshowed officers paperwork in an effort to prove he had made a payment to renew his registration. Given the registration expired three business days prior the traffic stop (06/30/25), officers issued XXXa verbal warning.   FIO for documentation purposes. Millane/Swanson (H104F)",0
FC25001640,2025-04-14 00:00:00,,ROXBURY,2120,Stopped,Probable Cause," Body Worn Camera, Shots Fired",Passenger Car/ Automobile,2,2,0,0,1,"TS in relation of a Shot Spotter at XXXShawmut Street, on a 2015 Black Mercedes CLS (MA Reg XXXat Windsor Street and Shawmut Street.  Officers were informed that a black sedan fled down Shawmut Street towards Melnea Cass Blvd after shots were fired.   Operator Identified asXXXXX/XX/XXXX Passenger identified as XXX (XXX stated to Officers that they were on Shawmut Street and heard shots and drove away.XXX had no further information regarding the shots fired.   Based off ofXXX statements as well as the vehicle matching the description andXXX body language Officers conducted an exit order.XXX and XXXwere frisked to no avail as well as the vehicle to no avail.  FIOED for intel  B104F (Ryan & Gilmore)",1
FC25000869,2025-03-03 14:11:00,HEATH ST,JAMAICA PLAIN,2130,Stopped,Probable Cause,,Passenger Car/ Automobile,1,0,1,0,1,"About 2:10pm on Monday, March 3, 2025, Officer Stevens (Z425) and Clifton (Z435) on sighted a vehicle parked illegally at XXXHeath Street, Jamaica Plain.   Officers spoke with the driver XXX (D.O.B. XX/XX/XXXXwhom was found to have an expired license. An inventory search was conducted.  XXXultimately was advised he was not lawfully able to operate the motor vehicle further and would need to contact a third party to make transportation arrangements. Officers elected to not tow the motor vehicle once it was clear that XXXwould make other arrangements.",1
FC25000362,2025-01-25 10:50:00,CENTRE ST,JAMAICA PLAIN,2130,Stopped,Intel, Body Worn Camera,Passenger Car/ Automobile,2,1,1,0,0,"Officers while on direct patrol observed MA Reg XXX(2022 Black BMX X5 recently registered toXXX to be idling with the front passenger door open and individuals inside the vehicle to be asleep in front of XXXCentre Street.  Operator- XXXDOB: XX/XX/XXXX(49 on the BOP including Prior Trafficking, Assault to Murder, Discharging F/A, Open F/A).  Passenger- XXXXXX, Prior F/A).  Occupants were cordial & stated to officers that they were just tired and would be on their way back to XXXBickford Street.  FIOE to associate vehicle with occupants.  (J201D Guzman/Walsh)",0
FC25000819,2025-02-27 21:38:00,,SOUTH BOSTON,2127,Stopped,Probable Cause," Body Worn Camera, Gang",Passenger Car/ Automobile,2,2,0,0,0,T/S for VALs at Dorchester Avenue & W Fifth Street of MA Reg: XXXa 2023 gray Toyota Camry registered to EAN Holdings LLC.  Operator identified as XXX (DOB: XX/XX/XXXXXXXhas previous firearms charges from 2022/2021 (Guilty/Committed for 18 months).  Front right seat passenger identified as XXX(DOB: XX/XX/XXXXXXX is an active membeXXX.  Operator issued MA Uniform Citation XXXfor 89/9 Failure to Stop/Yield.  FIO’d to associate occupants to MV.  F101F (Healey/Alves),0
FC25000089,2025-01-02 15:29:00,,DORCHESTER,2124,Stopped,Reasonable Suspicion ," Gun, Drugs, Gang",Suv (sport Utility Vehicle),1,0,1,0,1,"Officers conducted a traffic stop for excessive tint on a 2011 yellow Ford Escape bearing MA registration XXXStratton St, which led to the firearm and narcotics arrest of the operator/owner XXX (ActiveXXXAssociate).   CK02D (O'Connor / Griffiths)",1
FC25003006,2025-06-11 20:45:00,,DORCHESTER,2125,Stopped,Probable Cause, Body Worn Camera,Suv (sport Utility Vehicle),2,2,0,0,1,"About 8:45 PM, on Wednesday, 06/11/2025, Officers Gilmore and Bertocchi in the B104F conducted a traffic stop on a red 2021 Jeep Grand Cherokee (MA REG: XXXat Dacia Street and Woodcliff Street.  Officers observed the Jeep take an illegal right hand turn onto Brookford Street from Judson Street travelling up the one way. Officers observed the Jeep begin the travel on Dacia Street where it failed to stop for two stop signs (Dewey St and Woodcliff St). Officers conducted a traffic stop and identified the driver as XXX Open F/A. XXXstated that the vehicle was a Turo rental and then changed his answer and stated that it was his ""cousin's"" vehicle. XXXstated that his cousin's name was XXXand did not know his last name. Officers conducted a CJIS query of the Jeep which produced positive results for the active registered owner as XXX- Multiple Prior F/A's. While speaking with Officers, XXXdemeanor shifted quickly and he stopped speaking with Officers. Officers asked XXXif he was okay to which he looked straight ahead in a worried stare and did not respond. XXXbegan to quickly scrolling on his phone stating that he had to make a phone call. Due to XXXbehavior, Officers feared XXXwas in possession of a weapon, Officers issued an exit order and conducted a pat frisk of XXXand the Jeep to no avail.  FIOed to associate XXXandXXXand M/V.  BWC Activated  B104F (Gilmore/Bertocchi)",1
FC25005435,2025-10-08 16:56:00,OLD COLONY AVE,SOUTH BOSTON,2127,Stopped,Probable Cause, Body Worn Camera,Suv (sport Utility Vehicle),1,1,0,0,0,"While on routine patrol Officer Daiute conducted a traffic stop of a Black Ford Edge (MA REG# XXXfor a marked lane violation at that occurred at Old Colony Ave and Preble Street. The vehicle was traveling south bound on Old Colony Ave. The operator of the vehicle was identified as, XXX (DOB: XX/XX/XXXX(XXX(prior F/A & 94C) . XXXwas cooperative with the officer on the traffic stop and stated that he was currently living atXXXSkyline Drive in Braintree.   The Officer saw that the registration sticker for the car was expired and that XXXhad been pulled over three times prior since 7/16/25 for the sticker violation. The Officer wrote Mass Uniform Citation XXXfor the inspection sticker and marked lane violation.",0
FC25002702,2025-05-30 01:05:00,,SOUTH BOSTON,2127,Stopped,Probable Cause, Body Worn Camera,Suv (sport Utility Vehicle),2,0,0,2,0,"Officers responded to a radio call for a panic alarm within an uber at Old Colony Ave & Gavin Way, South Boston. The vehicle in question was a gray Nissan Rogue bearing FL Reg: XXXOfficers located the vehicle and pulled it over safely at XXXOld Colony Ave. Officers spoke to the victim/passenger XX/XX/XXXXwho stated that her uber driver was bringing her to the Double Tree on Mt. Vernon St. XXXstated that while in route there, her driver brought her off the route several times stating things like ""I'm an evil person"" and would not stop the car when asked.   Officers spoke to the driver/suspect XXX XX/XX/XXXXwho stated he was going down side streets because that's the way his navigation was bringing him.  Officers gave XXXa courtesy ride to the Double Tree and released XXXfrom the scene with no further issue.  F112A (Halloran/Glavin)",0
FC25006054,2025-11-13 08:17:00,FRONTENAC ST,DORCHESTER,2126,Stopped,Reasonable Suspicion , Body Worn Camera,Passenger Car/ Automobile,2,2,0,0,1,"About 0817 hours on Thursday, November 13th, 2025, Sgt. Det. DeVito (B982) conducted a traffic stop of a gray 20XXXToyota Camry XXXSixt rental car) at XXXFrontenac Street. Sgt. Det. DeVito had observed the vehicle go through a red light on Blue Hill Avenue at Clarkwood Street then proceed to take the right onto Frontenac Street at a speed greater than reasonable given the rush hour traffic, posted and default speed limits, and presence of commuters and children in the area.  The operator, XXX(DOB: XX/XX/XXXXsaid she was trying to get Pampers at home for her kid who was at school wet without diapers. She was very animated, and kept saying it was the passenger's car. She acknowledged she went through the light for what she believed was an ""emergency"". She was asked for a license and registration and her and the passenger kept discussing the diapers and shuffling paperwork around. She then admitted her license was suspended, which was later confirmed.   C701 (Garvey/Shaw-Pattrerson) responded to assist (BWC). The driver and passenger both began smoking cigarettes. XXXwas removed from the vehicle and frisked. She voluntarily handed over a folding pocketknife she had on her person.  The passenger, XXX (DOB: XX/XX/XXXXsaid she had an active license and the rental car was hers.  Both individuals began discussing their open ""Distribution Class B"" charges with the officers without being questioned and said they were hanging with the wrong friend who got them caught up. XXXhas prior armed robbery and firearm charges.XXX has several recent shoplifting charges.  XXXwas given a verbal warning and advised she was subject to arrest if she drove again. They retrieved diapers andXXX took over driving. They return to court 11/25/25.",1
FC25004917,2025-09-10 18:55:00,,BOSTON,2121,Stopped,Reasonable Suspicion ," Gang, Body Worn Camera",Suv (sport Utility Vehicle),2,2,0,0,1,"T/S at Greenwood and Erie for 90/17, 90/24 and 90/18 of NY REG: XXX  Operator:XXX XX/XX/XXXX- No BOPXXXPassenger: XXXXX/XX/XXXX- No BOP   Officers observed above Motor vehicle affixed with heavy tint operating at a high rate of speed on Glenway Street towards Harvard Street. Officers activated their lights and sirens in order to conduct a traffic stop for above infraction. Positioned behind the vehicle officers observed the vehicle increase its speed. Officers observed the vehicle take an immediate left on to Fowler Street. Still with lights and Sirens activated the vehicle continued down Fowler Street failing to stop for the stop sign and taking a left onto Greenwood Street. At this moment Officers observed the driver partially roll down the driver side window, and throw a small, bagged item consistent with what appeared to be street level narcotics out of the window. Officers observed the vehicle finally come to a stop at Greenwood St and Erie Street.   Exit order and frisked conducted of both parties yielding negative findings.   Narcotics handler (Hicks) TD530) conducted a sweep of the area yielding negative findings.  Citation issued via MACCS and Mailed  FIO for intel  Cox/ Moore - Jenkins",1
FC25000213,2025-01-14 18:04:00,,BOSTON,2114,Stopped,Probable Cause, Body Worn Camera,Passenger Van,1,0,1,0,0,"About 6:04pm, on 01/14/25, traffic stop for VALs on a 2024 white Chrysler Pacifica (FL REG# XXXat New Chardon St. & Bulfinch Pl., Downtown.  Operator identified as XXX(DOB XX/XX/XXXXprior F/A, ADW-Shotgun out of East Boston District CourtXXXwas cordial with officers and openly stated that officers ""when you run me you're going to see a bunch of stuff but its in the past"".  In the passenger seat was an unidentified female.  Verbal warning issued.  AK15F (Marchand / Hiltunen)",0
FC25006107,2025-11-17 17:40:00,GREENDALE RD,MATTAPAN,2126,Stopped,Probable Cause," Gang, Body Worn Camera",Passenger Car/ Automobile,1,1,0,0,1,"T-Stop of (MA REG XXXat XXXGreendale Rd, Mattapan for 90/9D.   Opp identified as XXX(DOB XX/XX/XXXXXX St  Officers were aware that the night prior a victim was shot after a confrontation at Chez Vous roller skating rink, in the immediate area where a gray Infiniti with heavily tinted windows to be involved (252097432) and had fled to the above-mentioned area. Officers are also aware that XXXGreendale Rd is a known Norfolk St/ Morse St associate hangout.  Officers observed the above vehicle to be idling in front of XXXGreendale Rd, as they were traveling on Courtland St. Offices than observed the above vehicle immediately drive off as Officers turned onto Greendale Rd and come to an abrupt stop in front of XXXGreendale.   Officers conducted a traffic stop and identified the operator as XXX stated to officers that he knew he was going to get pulled over and wanted to hurry the process up. Officers observed a folding knife on Mr. XXXperson and when asked if they were any other weapons in the car he stated ""hes no longer in the game like that but sometimes it's hard to avoid when you live out here"". XXXgave officers consent to search the vehicle without being asked and stated, ""if he had anything on him, he wouldn't stop for police"". During the search officers observed a pair of black and lime green roller-skates in a black bag in the back seat.  citation issued for the above.   B3 Detective Notified.  Shetrawski / Fantaroni.",1
FC25004680,2025-08-29 03:05:00,GLENWAY STREET,BOSTON,2121,Stopped,Probable Cause, Body Worn Camera,Suv (sport Utility Vehicle),1,1,0,0,1,"T/S for VALS (Tints, No Front Plate) on a 2019 black Ford Ecosport MA REG: XXXat XXXGlenway St.  Operator:XXX (DOB: XX/XX/XXXXPrior F/As.  During stop while speaking with Mr. XXXstated to officers that they were making him nervous and when asked how he said because officers were using their flashlights. Officers observed Mr. XXXchest rising and falling at a rapid rate. Due to officer's observations an exit order was conducted.  MV/occupant pat-frisked to no avail. During frisk of vehicle officers observed a white powdery substance on the seat as well as cup holder.  Verbal Warning issued.  FIO'd to associate with vehicle.  CK02A (McPherson, Calabrese) C113A (O'Neill, Williamson)",1
FC25006403,2025-12-08 18:15:00,,BOSTON,2124,Stopped,Probable Cause, Body Worn Camera,Passenger Car/ Automobile,2,0,2,0,2,"T/S of a 2013 gray Ford Fusion (MA REG XXXat Blue Hill Ave and American Legion Hwy for excessive window tints (90/9D).  Op identified as XXXno BOP  Passenger identified as XXXlimited BOP  Upon approaching the vehicle, officers observed multiple open packages of marijuana as well as loose marijuana scattered around the vehicle. Officers also observed a large fanny pack style bag lodged between the operators left leg and the driver's side door. Officers also observed XXX to be visibly shaking while having difficulty retrieving his registration. Officers observed none of the passengers to be wearing a seatbelt. Upon requesting the passengers' identification, all parties became argumentative with officers. Rather than providing his identification as requested, XXXinstead responded by lighting a joint. Officers also observed XXXto be hunched over while in a seated position as if he were concealing an item in his waistband. At this time, XXX discarded a piece of trash outside of the driver's window directly in front of the officers. A pat frisk for weapons of all occupants as well the vehicle yielded negative results. Officers were unable to identify either female passenger.  XXX was issued a uniform citation and released. FIO for documentation.  C112F (Mulrean/Williams)",1
FC25006620,2025-12-26 00:00:00,HARVARD ST,DORCHESTER,2121,Stopped,Intel," Auto Investigator, Body Worn Camera",Suv (sport Utility Vehicle),1,0,1,0,0,"About 4:25pm on Friday, 12/26/25, Officers McLaughlin and Iacob conducted a traffic stop at XXXHarvard Street, Dorchester.  Officers were on a regular patrol on Washington Street and Talbot Avenue when they observed a grey Toyota Highlander XXXwith a broken right tail light.   Officers were aware from prior knowledge that the owner of the vehicle (XXX) has an open firearms case out of Stoughton. Officers pulled the car over at XXXHarvard Street and made contact with XXXwho was accompanied by two females who did not give their name.  XXXwas cooperative with officers and had an active/ license registration. Officers will mail citation XXXto the operator due to printer malfunction.",0
FC25001323,2025-03-27 22:14:00,,DORCHESTER,2122,Stopped,Probable Cause," Body Worn Camera, Gang",Passenger Car/ Automobile,1,0,1,0,0,"YVSF TS 0:13 PM Bowdoin St / Adams St.  Officers observed MAREG XXXignore the stop sign posted at this intersection. Officers observed the front headlight to be out and the vehicle to be tinted. It was unknown who or how many occupants were in the vehicle due to the tint.  The rear windshield was not tinted. As Officers approached the vehicle they saw the passengers silhouette hunch his body over as if he were placing something down. He arched his body far down towards the floor and snapped right back swiftly into a normal seated position. Officers made one another aware of this observation. The driver was registered owner XXX.  Officers observed the passenger to be XXX is known to officers before giving identification due to numerous interactions. Officers are aware of XXXfirearm and drug related history. XXXwas in the vehicle of specific officers firearm arrest of another suspect.   This immediate reach down upon police encounter was concerning to Officers especially because of XXXexcessive firearm history. officers observed a full black fanny pack style bag at XXXfeet. officers were in belief that XXXhad swiftly placed a firearm with that fanny pack at his feet due to his immediate dip on police encounter and swift snap back to a normal seated position.  Officers on scene were aware XXXhad an active arrest warrant just two days prior. due to the circumstances believing there was a firearm placed at XXXfeet they were unable to confirm or deny the warrant due to the safety concern.  During the exit order XXXreported he had just cleared the warrant up. Officers began pat frisking the fanny pack and immediate reaching distance of XXXand allowed XXXto remain seated in the drivers seat. XXXreferred to her as ""babe"" inferring a romantic relationship despite the 20 year age difference. XXXbegan challenging officers and sticking her phone recording in immediate officers face while he was conducting the pat frisk. Warning was given to XXXto give Officer space which she ignored. An exit order was issued to XXXto so officers could safely pat frisk XXXarea. No weapons were found but numerous individual bags of Marijuana were located in the Fanny pack. officers gave XXXa warning for the auto law violations.  VK10",0
FC25001384,2025-04-01 17:59:00,,BOSTON,2124,Stopped,Reasonable Suspicion , Gang,Suv (sport Utility Vehicle),2,2,0,0,2,"Traffic stop of AL REG: XXX(2025 Hyundai Tuscon Silver, Rental) at Norfolk St/Darlington St for excessive speed (90/17)  OperatorXXX (XXXextensive F/A history. Front passenger: unidentified heavy set black female with tattoo above left eye, who was uncooperative. Rear passenger: XXXopen ABDW & 94C charges  Officers initially observed XXXto be operating the motor vehicle and XXXto be in the front passenger seat. The vehicle then briefly stopped and parked at Norfolk/Mildred for no apparent reason, then continued to travel down Norfolk Street. When Officers stopped the vehicle XXXwas operating the vehicle, the female was in the front passenger seat, and XXXwas in the rear passenger seat.  Based on the shuffle of occupants/operators, prior F/A history, and other observations made on scene, Officers pat-frisked the occupants and vehicle for weapons, to no avail.   XXXwas placed under arrest for Operating MV w/ Suspended License mgl 90/23 (Citation#XXXXXXissued citation (# XXXfor speeding. XXXand the unknown female were then FIO'd and released.  CK01F/CK02F",1
FC25000500,2025-02-04 05:32:00,,EAST BOSTON,2128,Stopped,Reasonable Suspicion , Body Worn Camera,Passenger Car/ Automobile,1,1,0,0,0,Officer Guichard and Maldonado in G101F stopped MA REG XXXfor plate cover violation and window tint. Mr. XXXhas prior firearm charges. Mr. XXXprovided a window tint waiver Officers believe to be false but could not verify until Officers speak with the RMV.,0
FC25001151,2025-03-20 02:13:00,,DORCHESTER,2125,Stopped,Probable Cause, Body Worn Camera,Passenger Car/ Automobile,1,1,0,0,1,T/S For VALS- Failure to Stop at a Stop Sign  OP:XXX/Unlicensed Operator   Cordial throughout Interaction. Summons and Vehicle Towed  FIOE to associate activeXXXwith vehicle RI REG XXXstated he has has the vehicle for about two months and his child's mother rented it from Turo for him.   H103A Lima/Cook,1
FC25000926,2025-03-07 18:40:00,,DORCHESTER,2121,Stopped,Reasonable Suspicion , Body Worn Camera,Passenger Car/ Automobile,1,1,0,0,1,"About 6:40PM, on Friday, 03/07/2025, T/s of MA REG XXXfor non-transparent windows (90/9D) & failure to stop for stop sign (89/9).   Operator identified as registered owner XXXOfficers were made aware that there was a BOLO for XXXfor a possible firearm possession. In addition, officers were made aware that XXXinvolvement in a recent pistol whipping on 02/14/25 as well as armed robbery / kidnapping on 02/21/25.   Due to the above-mentioned incidents as well as officers' observations on scene, an exit order of XXXwas issued and pat frisk of his person and vehicle was conducted. Nothing of evidentiary value was recovered.   XXXwas compliant during the interaction. Citation issued.   FIOE'd and released.   Kovaleski / Kadey",1
FC25000796,2025-02-26 13:55:00,NORFOLK ST,MATTAPAN,2126,Stopped,Probable Cause," Body Worn Camera, Auto Investigator",Pickup Truck,3,3,0,0,1,"TS of MA REG: XXXat XXXNorfolk St. (Speeding - 90/17).  Operator identified as XXX (DOB: XX/XX/XXXXPassenger identified as XXX (DOB: XX/XX/XXXX XXXis registered toXXXXXX (DOB: XX/XX/XXXX Mr.XXX was placed under arrest for 90/23.  XXXmatches the description of an 'ID WANTED' bulletin for MVA Leaving Scene/Pedestrian Struck (I#: 252011426).  Mr.XXX stated that he has had the vehicle for ""about a week"", after the registered owner asked him to make repairs.  B3 Auto Investigator notified.",1
FC25003409,2025-07-01 00:45:00,,BOSTON,2121,Stopped,Probable Cause," Body Worn Camera, Gang",Passenger Car/ Automobile,2,2,0,0,0,T/S of a 2013 white Nissan Altima (MA REG XXXat Columbia Rd and Washington Street for failure to signal x2 (90/14B).  Op identified as XXXXXX multiple f/a on BOP.   Passenger identified as XXX (registered owner of the vehicle).  Both parties were cordial throughout the entirety of the stop. XXXwas issued a written warning for the aforementioned offense.   FIO'd to associate XXXwith the mv.  C425A (Mulrean),0
FC25000722,2025-02-19 12:00:00,THORNDIKE ST & WASHINGTON ST,BOSTON,2118,Stopped,Reasonable Suspicion , Body Worn Camera,Passenger Car/ Automobile,2,2,0,0,2,About 12:00PM on 02/19/2025 officers observed XXXfailing to yield to a pedestrian on a crosswalk at Washington Street and Ruggles Street. Officers observed the driver XXXand passenger XXXwalk out of the vehicle on Washington Street and Thorndike Street. Officers approached both parties and explained their reason for the stop. Officers issued a verbal warning for the violation.   BK01D (Centeio and Mason) assisted.,1
FC25003222,2025-06-23 02:07:00,DORCHESTER AVE,SOUTH BOSTON,2127,Stopped,Reasonable Suspicion , Body Worn Camera,Passenger Car/ Automobile,2,0,2,0,0,"While patrolling Dorchester Ave near Kemp St., due to rising concerns of prostitution in the area, Officers observed MA XXXparked in the lot at XXXDorchester Ave. The parking lot is known for frequent prostitute activity. Upon seeing the Officers, the vehicle drove out of the lot, heading toward Andrew Square. Traffic stop conducted at XXXDorchester AveXXX occupants. Driver (XXXNo criminal history. No warrants.   Passenger (XXX XXXmultiple possession charges on BOP. No warrants.  Officers separated the parties and asked what they were doing in the parking lot and how they knew one another. Both claimed they've known each other for 6 months and were just eating in the car when Officers arrived. Officers advised them that the parking lot is private property and to leave the area.   FIO'd for intel",0
FC25006585,2025-12-22 17:30:00,,BOSTON,2125,Stopped,Reasonable Suspicion , Body Worn Camera,Passenger Car/ Automobile,1,1,0,0,0,"About 5:30PM, on Monday, 12/22/2025, T/s of MA REG XXX(rental) at the intersection of Dudley St and Alexander St for red-light violation (89/9) and hands-free law (90/13b).   Operator identified as Mr.XXX. BOP includes prior ABDW & 94C violations. XXXwas displeased with officers' presence and requested officers' name and badge number which was promptly and respectfully provided.     BK02F Kovaleski / Kadey / Gannon / Gelinas",0
FC25002226,2025-05-10 00:53:00,,MATTAPAN,2126,Stopped,Probable Cause," Body Worn Camera, Other Agency/Unit Notified, Auto Investigator",Suv (sport Utility Vehicle),3,3,0,0,0,Officer while on directed patrol in the area of Blue Hill Ave and Landor Rd observed a group gathered around MA REG XXX (2011 Gray Buick Enclave) and MA REG XXX(2005 Black Honda Accord). The group was also observed to be drinking in public and to be playing loud music from MA REG XXX The following individuals were identified within this group:  1)XXX (DOB XX/XX/XXXX- prior violent crimes on BOP. MARK43 inquiry showed XXXto have had prior interactions with the B3 DCU primarily at XXXGilmer St.  2) XXX(DOB XX/XX/XXXX- prior F/A & 94c on BOP  3)XXXDOB XX/XX/XXXX- minimal prior BOP. XXXwas previously FIO'd with individuals who have prior 94c on their BOPs  MA REG XXX was ultimately towed due to it having a CANC Registration. All parties were then FIO'd and Released.  CG01A (Kennedy),0
FC25002836,2025-06-03 20:12:00,,JAMAICA PLAIN,2130,Stopped,Probable Cause, Body Worn Camera,Passenger Car/ Automobile,1,1,0,0,0,"8:12 PM T-Stop for VALS (Excessive Tint) on MA REG XXXGray Audi A6 at Forest Hills St/Glen Rd.  Vehicle was observed circling the area and side streets between Forest Hills St and Glen Rd.  OP identified as XXX(multiple F/A's, 94C, assault to kill). XXXwas calm and cordial throughout the duration of the stop, stated that he just bought the car with the tint already on. FIOE to associate with the area and new vehicle. Verbal warning issued.  J412F (Fawkes)",0
FC25002685,2025-05-27 19:30:00,HANCOCK ST,DORCHESTER,2125,Stopped,Reasonable Suspicion ," Body Worn Camera, Gang",Passenger Car/ Automobile,7,7,0,0,1,"YVSF invest   VK16/VK07  At about 7:30 PM officers assigned to the youth violence strike force observed a group of individuals gathered in the laundromat parking lot at XXXHancock St, Dorchester  Officers approached the individuals at which point many of the younger individuals began to walk in different directions leaving before being able to be identified. The majority of the group Remained on scene: XXX as well as numerous unidentified individuals some of which were in their early teens wearing hooded sweatshirts and Shiesty masks.  One of the individuals wearing a black jacket in a mask who went into the laundromat officers located and conducted a Pat frisk. Officers identified the individual as:  XXX XX/XX/XXXX There was nothing located on XXXor in the area at that time.   While on scene officers were also approached byXXX who arrived in MA reg XXX  The Officers canvased the areas of the parking lot and advised the individuals that they could not be trespassing or loitering. The individuals acknowledged agreeing to leave shortly after.   Vehicle associated with aforementioned individuals.  FIO’d and released.",1
FC25004851,2025-09-08 15:15:00,WELLES AVE,DORCHESTER,2124,Stopped,"Intel, Probable Cause", Body Worn Camera,Passenger Car/ Automobile,2,2,0,0,1,"About 2:11 PM, Monday, 09/08/2025,XXX was stopped for operating after a suspended license in Ma Reg XXX(Gray Infin SUV). XXXwas summoned and cited for the violation. XXXr) arrived on scene in Ma Reg XXX(Gray Nissan Alt) and took custody of the vehicle. Both parties have a history of F/A incidents; XXXhas one charge of discharging a F/A. For further see I# 252074865.  FIO completed for Intel and Officer Safety. (P.O. D. Kennedy / P.O. J. Pena)",1
FC25002948,2025-06-07 19:08:00,RIVER ST,MATTAPAN,2126,Stopped,Probable Cause," Body Worn Camera, Other Agency/Unit Notified, Gang",Suv (sport Utility Vehicle),3,3,0,0,0,Officers while on directed patrol in the Mattapan Square area observed Alabama Dealer PlateXXX affixed to an Orange 2010 Jeep Wrangler. Officers were aware that the Jeep Wrangler was used during a Robbery on 05/18/2025 and that B3 Detectives were still actively working to identify the occupants of the vehicle from the incident.   Officers conducted an investigatory stop of the vehicle at XXXRiver St with the following individuals being identified within:  1) Driver:XXX(DOB XX/XX/XXXX- minimal BOP  2) Front Passenger -XXX (DOB XX/XX/XXXX-XXX prior 94c on BOP  /23) Rear Passenger -XXX (DOB XX/XX/XXXXFlorida license provided. No other CJIS or NCIC hits.   Officers also observed lit marijuana within an ashtray in the center console. Verbal warning issued for the open container of marijuana.  FIO'd completed for Intel. B3 Detectives notified  C113F (Kennedy / R. Adams),0
FC25006602,2025-12-23 17:58:00,COLUMBIA RD,DORCHESTER,2125,Stopped,Probable Cause, Body Worn Camera,Passenger Car/ Automobile,1,1,0,0,0,"YVSF invest VK16/VK7  Traffic stop at XXXCOLUMBIA RD, DORCHESTER, MA 02125 for VALS (90/7 - lights violation) on MA REG# XXXDriver identified as XXX distribution Class D).  Mr. XXXwas cordial and stated he was on the home from work and additionally explained to Officers that he knew the light was out due to a prior motor vehicle accident. Mr. XXXwas given a verbal warning for the violation.   Fioed to associate with MV.",0
FC25000193,2025-01-13 11:12:00,,BOSTON,2108,Stopped,Reasonable Suspicion , Body Worn Camera,Passenger Car/ Automobile,1,1,0,0,0,"Officers observed a black 2014 Mercedez Benz E350 (Mass Reg: XXXtraveling at Summer and Arch Streets with two broken tail lights. The vehicle then crossed Washington Street in the Motor Vehicle Exclusion Zone.   Officers spoke to the Operator, XXX, and addressed the motor vehicle violations.   The Vehicle was registered toXXXand a CJIS inquiry revealed 51 inquiries with multiple operators.   XXXhad multiple firearms charges on his BOP and two open cases for Possession with intent to distribute.   FIOE to associate XXXwith the vehicle and the area.",0
FC25001727,2025-04-18 00:45:00,MASSACHUSETTS AVE,BOSTON,2118,Stopped,Probable Cause, Body Worn Camera,Scooter,1,0,1,0,0,While patrolling on Mass/Cass the officer observed a male standing next to a scooter parked on the sidewalk. Upon speaking with the male identified as XXX wearing (navy blue jacket black pants with a black Nike bag with gold lettering) stated he was looking for someone. A CJIS query revealed no active license and no registration for the scooter. XXXstated he worked at STK steak house in Boston.   It should be noted this area of Mass Ave is a continuous problem of drug use/sales.   The scooter was towed for no registration and XXXwas released without incident.,0
FC25005304,2025-10-01 13:55:00,WASHINGTON ST,DORCHESTER,2124,Stopped,Encounter, Body Worn Camera,Moped,1,0,0,1,0,"About 1:55 PM on Wednesday,10/1/25, Officers McTavish and Egan in the H705D preformed a Motor Vehicle Traffic Stop at XXXWashington Street, Dorchester.   Officers observed a blue moped without a license plate affixed to the rear of the vehicle.  Officers approached the driver, XXXDOB XX/XX/XXXXwho was retrieving gas from Fabian gas station at the above address, for a Blue Moped, VIN (XXX.  Officers informed XXXthat the vehicle must have a license plate attached in order to operate. XXXstated that he had purchased the vehicle two-three days ago and had the title at his home. XXXwas informed he has seven days from the date of purchase to register the vehicle. XXXstated he has yet to go to the RMV and will do so.  XXXwas advised that this vehicle was over 50 CCs and is considered a Motorcycle, to which he will need an active license to operate.",0
FC25004661,2025-08-27 17:30:00,WILLIAM F MCCLELLAN HWY & ADDISON ST,BOSTON,2128,Stopped,Probable Cause, Body Worn Camera,Passenger Car/ Automobile,1,0,1,0,0,"About 5:30 PM on Wednesday, 08/27/25, an officer performed a traffic stop of MA Reg XXXat McClellan Hwy and Addison St.  Operator:XXXDOB: XX/XX/XXXXBOP: Multiple FA violations, Poss class A, ABDW, Disorderly, Vandalism, and Tagging property.   Vehicle registered under XXX(DOB: XX/XX/XXXX  FIOE’d to associate M/V with individual.  GT55F(Nepomuceno-Mateo)",0
FC25005114,2025-09-21 04:14:00,LONSDALE ST,DORCHESTER,2124,Stopped,Probable Cause, Body Worn Camera,Passenger Car/ Automobile,3,3,0,0,1,"Officers responded to R/C for XXX Lonsdale Street, Dorchester for Grandmother/Grandson dispute for removingXXX(DOB: XX/XX/XXXXbut concerned he would drive his friends vehicle, identified as MA REG XXX 2015 BMW 535i, 4DR Sedan. Vehicle is actively registered to XXX XX/XX/XXXXVehicle was towed from XXXLonsdale due to blocking the driveway per request of XXX Grandmother, XXXwas highly intoxicated, uncooperative, increasingly tumultuous behavior toward officers\ throughout duration of the call. While transporting XXXo Roxbury, he was ranting to Officers that ""no where in the second amendment does it say a felon cant have gun"" and ""One thing about me is that I'm going to protect myself"".XXX(DOB:XX/XX/XXXXXXXActive XXXDistrict B2) BOP entries to include Multiple prior FIREARM charges, 94C (Class B) distribution, (Class D) possession, ABDW, AB.   XXX: (DOB: XXX  Active, verified XXXDistrict B2) BOP entries to include Numerous 94C (Class B) Distribution, Conspiracy to Distribute Class B, ABDW, AB, 209A, Trafficking Person for Sexual Service, VAL's.   Body Worn Camera Activated.  H102A (Flaherty/Fullam)",1
FC25000476,2025-02-02 12:50:00,COLUMBUS AVE,ROXBURY,2119,Stopped,Probable Cause, Body Worn Camera,Pickup Truck,1,1,0,0,0,"T- Stop at XXXColumbus Ave for Red light violation. Operator identified as XXX Issued citation for red light vio. Has 46 on BOP including ABDW, stolen property, larceny, firearms. Has multiple open cases out of Norfolk superior court for B+E, Firearms, ABDW. He also has criminal history in Texas, Illinois, and Louisiana.     Abrahamson",0
FC25004394,2025-08-13 00:48:00,,BOSTON,2124,Stopped,Probable Cause, Body Worn Camera,Passenger Car/ Automobile,2,2,0,0,2,"T/S for VAL (Tints) on a 2012 Gray Mercedes Benz E-Class MA REG: XXXat the intersection of Norfolk St. and Woodrow Ave.  Operator: XXX (DOB: XX/XX/XXXXHas been FIO'd with XXX Members in the past.  Front Seat Passenger: XXXDOB: XX/XX/XXXX Upon approach officers observed XXXto have his hands covering his waistband as well as breathing at a rapid rate to the point where officers could see his chest rising up and down through his sweatshirt. Both occupants were argumentative during the stop. Exit order was issued due to observations on scene.  MV and Occupants pat-frisked to no avail.  Verbal Warning issued.  FIO'd to associate occupants to MV.  CK01A (McPherson, O'Neill) C907 (MacDonald).",1
FC25000278,2025-01-11 14:00:00,,MATTAPAN,2126,Stopped,Probable Cause,,Passenger Car/ Automobile,1,1,0,0,0,"Officer observed MA: XXX(2021 Honda Accord, blue) operating on Harvard St at Walk Hill Street with excessively tinted windows and a license plate cover. The vehicle also resembled a car associated to a recent stabbing in Mattapan Square.  Traffic stop was conducted on Hazelton Street and the driver was identified as the registered owner, XXX wore a navy blue puffy coat with a hooded sweatshirt underneath, and a knit winter hat. XXXhas several previous FIO's with Orchard Park associates.   XXXwas given a warning for the motor vehicle infractions. B-3 Detectives notified.  C. Adams",0
FC25006459,2025-12-12 02:51:00,COLUMBIA RD,DORCHESTER,2121,Stopped,Probable Cause, Body Worn Camera,Passenger Car/ Automobile,3,2,1,0,0,"About 2:51AM on Friday, 12/12/2025, T/S on MA Reg. XXXfor no lights turned at XXXColumbia Road, Dorchester.  Operator- XXXFA, Manslaughter)  Passenger- XXX(94C, XXX)  Passenger- XXX (FA, ABPO)  All parties were cordial while recording officers during traffic stop of MA Reg. XXXstating that he was dropping both passengers home to unknown locations.   Warning for VAL's. FIO'd for association and Intel.   B201A (Lara/Dorsaivil)",0
FC25005234,2025-09-27 00:00:00,,DORCHESTER,2122,Stopped,Probable Cause, Body Worn Camera,Passenger Car/ Automobile,1,0,1,0,0,T/S for Vals of Ma.Reg XXXOperator identified as XXX has prior F/A charges out of Roxbury Court. XXXhostile towards officers during stop.   Ma.Reg XXXis a rental vehicle leased by Almanzar Auto Clinic.  Citation issued for Vals.  FIOE to associate XXXJr. with vehicle.,0
FC25001932,2025-04-29 02:24:00,,BOSTON,2115,Stopped,Probable Cause," Body Worn Camera, Gang",Passenger Car/ Automobile,1,1,0,0,1,"T Stop for speeding of gray Chevy Malibu (NJ Reg: XXXat intersection of Parker Street and Ruggles Street.  OperatorXXX multiple prior F/A, violent, drug offenses)   Officers initially observed the vehicle leave from Bromley Heath housing development after a gray Chevy sedan with out of state plates fled BPD officer t stop into the development. XXXpulled out of parking lot and left development at high rate of speed after marked BPD cruiser passed behind him. Continued down Terrace Street at a speed much higher than reasonable. XXXdenied being in Heath Street and stated he had been driving 20 MPH on Terrace.  Exit order issued, XXXand vehicle pat frisked. XXXwas argumentative with officers and repeatedly attempted to make phone calls to some sort of influential figure implying that they would punish officers for the traffic stop. XXXdeclined to provide address for citation so it was mailed to address listed on his license.  Multiple San Francisco Giants baseball hats observed in back seat of vehicle.  BK03A",1
FC25005563,2025-10-15 21:49:00,LINDEN ST,BRIGHTON,2134,Stopped,Reasonable Suspicion , Body Worn Camera,Passenger Car/ Automobile,1,1,0,0,0,"While the K102F (Lennon/Barbosa) were canvassing the area for the suspect regarding a radio call for XXX Pratt Street Apt XXX(Investigate Person - Suspicious Person), Officers were advised to set up a perimeter in the front and rear ofXXX Linden Street (Allston). As Officers arrived at this address to set up the perimeter, Officers did observe a dark skin, black male wearing all black exiting XXXLinden Street, who fit the description of the suspect. Officers then observed this individual get into MA REG XXXOfficers then stopped this individual identified asXXX(DOB XX/XX/XXXXThe K104F (Martinez/Peralta) arrived and assisted.  Officers informed XXXthe reason for him being stopped and he was cooperative. District 14 detectives arrived on scene, XXXwas detained. Detectives spoke with XXXand obtained his information, and then he was free to leave.  (Note: There have been several breaking and entering's in the GAP area, Gardner St./Ashford St./Pratt St.)  Body Worn Cameras activated.",0
FC25003455,2025-07-03 01:35:00,,DORCHESTER,2124,Stopped,Probable Cause,,Passenger Car/ Automobile,2,2,0,0,2,"About 1:30AM on Thursday, 7/3/25, Officer Forde in the C425A conducted a traffic stop at the intersection of Talbot Ave and New England Ave. The Officer observed a white Mercedes (MA REG XXXrun a red light at the intersection and continue onto Norwell Street. The Officer activated light sand sirens and conducted a traffic stop. The Officer conducted an exit order the driver (XXX and passenger (XXX after reading the remarks in CIJS (Possible F/A possession) on 6/29/25. Officers located a replica gun (BB-Gun) hidden under the driver seat. Mr. XXXstated that his son XXX) uses the vehicle and it my belong to him. Officers pat frisked the vehicle for weapons to no avail. A CJIS inquiry of all parties for warrants an restraining orders yield negative results.   Suspect was issued a verbal warning.   All parties were FIOEd, identified and released from the scene.",1
FC25006262,2025-11-27 02:28:00,WASHINGTON ST,DORCHESTER,2124,Stopped,Probable Cause," Gun, Body Worn Camera",Passenger Car/ Automobile,1,1,0,0,1,"T/S for VAL (Speeding) on a 2016 White Honda Accord MA REG: XXXat XXXWashington St.  OperatorXXXDOB: XX/XX/XXXX While officers were approaching the vehicle they observed an illegal firearm in the glovebox in plain view. XXXwas placed under arrest and transported to B3.  Citation issued MACCs system.  CK02A (McPherson, O'Neill) C907 (MacDonald).",1
FC25000846,2025-03-02 02:00:00,W BROADWAY,SOUTH BOSTON,2127,Stopped,Probable Cause," Warrant Arrest, Body Worn Camera",Passenger Car/ Automobile,4,0,3,1,2,"2:00 AM T-Stop for VALS (Speed Greater Than 90/17) of MA REG XXXWhite Infiniti G37 at XXXW Broadway.   Op: XXXPass.:XXXNone of the passenger were wearing seatbelts, XXXand XXXinitially refused to identify. CJIS Inquiry of XXXand XXXrevealed active warrants, both arrested on warrants.  Verbal warning issued for VALS. FIO'd to associate with the vehicle and the area.   FK01A (Walsh/White)",1
FC25005614,2025-10-16 17:55:00,GOODALE RD,MATTAPAN,2126,Stopped,Reasonable Suspicion , Drugs,Suv (sport Utility Vehicle),1,1,0,0,1,Members of the B-3 DCU were conducting an investigation at an address which will be omitted due to an ongoing drug investigation. Officers observed XXX arrive at the omitted address in MA REG: XXX Ms. XXX was observed entering and exiting the omitted address within 5 minutes and then entered the motor vehicle and left the area. Officers followed the vehicle to XXXGoodale Rd.  Sgt Det Champagnie conducted a traffic stop at this location. Officers approached the m/v and spoke with Ms. XXX. She was forthcoming and stated to Officers that she had just finished smoking what she bought. Officers requested the assistance from a female officer to assist with a Code 28. Officers from B-3 conducted a code 28 which yielded negative findings.   Ms. XXX was FIO'd and released.,1
FC25000047,2025-01-03 18:30:00,,BOSTON,2127,Stopped,Reasonable Suspicion ," Drugs, Body Worn Camera",Passenger Car/ Automobile,1,1,0,0,1,"XXX stopped in the area of Old Colony / Devine way in regards to 94c invest.   Exit order issued due to surveillance observations, observations during the stop, and untruthfulness. Officers have previously arrested XXXfor PWI B.   Large amount of USC in multiple denominations located on XXXperson.   Officers did not recover any 94c product from XXX  XXXmoney was returned and he was FIOE's and released.   V822 (Dodd) FK01F (Kelly, Burke)",1
FC25002665,2025-05-28 20:46:00,WASHINGTON ST,DORCHESTER,2121,Stopped,Probable Cause, Body Worn Camera,Passenger Car/ Automobile,1,1,0,0,1,"T/S for VALS (LIGHTS VIOLATION, MV * C90 §7) MA REG XXXat XXXWashington ST Dorchester.  Operator/Subject 1 XXX(Open F/A charges & Open 94c)  Operator was cordial with Officers.  CJIS Inquiry yielded a suspended License. Exit order was issued vehicle was inventoried to no avail.  FIO to associate the operator with vehicle   BWC activated   (H103F) D.Greaves/A.Iacob",1
FC25002574,2025-05-24 17:35:00,,BOSTON,2121,Stopped,Probable Cause, Body Worn Camera,Passenger Car/ Automobile,1,0,1,0,0,T/S on Ma Reg: XXXat the intersection of Glenway & Page St for Failure to stop at a stop sign (89/9).  Operator was identified as XXXactiveXXXPrior F/A and 94c on Bop)  XXXwas cordial with officers thought the entirety of the stop  Verbal warning was issued for the infraction   FIOE to associate XXXwith M/V  CT55F (Bailey),0
FC25001459,2025-04-06 03:09:00,,DORCHESTER,2124,Stopped,Probable Cause," Body Worn Camera, Gang",Passenger Car/ Automobile,3,3,0,0,3,About 0310 on Sunday 04/06/2025 Officers observed MA PAN XXXon a black 2016 Mercedes-Benz E-Class traveling in bound on Blue Hill Ave. The speed was estimated to be about 40 MPH in a posted 25 MPH zone (90/17). Officers imitated the stop on Talbot at Nightingale.  The operator was identified asXXX XXXPrior F/A's). The front passenger was identified asXXX(Prior F/A's). The rear passenger was identified asXXX (Prior F/A's).  XXXstated he did not have an active license. A CJIS query revealed XXXhad a revoked status (90/23). An exit order was given. A pat frisk of the person yielded negative results. The car was inventoried nothing was revealed nor removed.   XXXtook possession of the vehicle.   XXXwas summonsed for the above offenses.   Parlon/Ashe (CK02A),1
FC25005385,2025-10-05 18:05:00,CRAWFORD ST,ROXBURY,2121,Stopped,Reasonable Suspicion ," Gang, Body Worn Camera",Passenger Car/ Automobile,2,2,0,0,2,"TS for VALS (fail to stop at stop sign) MA REG: XXXat XXXCrawford Street, Roxbury  Op:XXX (DOB: XX/XX/XXXXXX Prior F/As, Prior Home Invasion  Front PassXXX (DOB: XX/XX/XXXXOpen ABPO, Prior 94C  Officers observed both parties to be moving around the vehicle while approaching the vehicle. Both parties appeared to be nervous and avoiding eye contact with the Officers. Both parties were confrontational and began to record the Officers. XXXwas wearing a fanny pack which he only opened slightly to provide his ID to the Officers. Officers issued an exit order and pat frisked both parties/vehicle which resulted in negative results.  Verbal warning issued. FIO to document behavior and associate with MV.  BK02F (Kadey/ Kovaleski/ Gelinas)",1
FC25001559,2025-04-10 18:12:00,PARKER STREET,JAMAICA PLAIN,2130,Stopped,Probable Cause, Body Worn Camera,Passenger Car/ Automobile,2,0,2,0,0,"Officers observed XXX (DOB XX/XX/XXXXentering a Gray Acura Sedan (MA REG XXXat the JP Oil Gas Station at XXXCentre St.   Officers are familiar with XXXand believed that he may have an outstanding warrant. Officers conducted a CJIS inquiry of XXXwhich revealed a misdemeanor straight warrant out of Roxbury District Court for Failure to Stop for Police (CH.90S25) and M/V Use Without Authority (CH.90S24) issued on 03/12/25 by the Honorable JudgeXXX.   Officers are aware that XXXresides at XXXParker St and made their way to that address where they located him operating MA REG XXXwith XXX (DOB XX/XX/XXXXin the front passenger seat.   Officers issued and exit order to XXXwho complied and also provided officers with his driver's license. Officers verified the information on XXXdriver's license matched the information on the warrant.   XXXstated that he had been in Puerto Rico for the past several months with his ailing father and only come back to Massachusetts 3 days ago. XXXstated that he was on his way to his sister's house in Malden because his father had actually passed away yesterday.   XXXstated that he was not aware that he had an outstanding warrant. XXXstated that he would go to court tomorrow and clear the warrant.  Due to the passing of his father, his recent return to the state, and the fact that he was unaware of the warrant officers advised XXXthat he needed to clear the warrant tomorrow and they would give him an opportunity to do so.   J201F Walsh/Asuncion",0
FC25005389,2025-10-06 00:51:00,WALNUT AVE,JAMAICA PLAIN,2119,Stopped,Probable Cause, Body Worn Camera,Passenger Car/ Automobile,1,0,1,0,1,"T/S for VAL (Tints) on a black 2018 Chevrolet Malibu MA REG: XXXat XXXWalnut Ave.  OperatorXXXDOB: XX/XX/XXXXPrior F/As.  While positioned at the vehicle officers observed XXX to be breathing at a rapid rate to the point where you could see his chest rising and falling through his sweatshirt. Also, officers could observe a bulge in the front pocket of the sweatshirt. Due to officer's observations an exit order was issued.  Occupant and MV pat-frisked to no avail.  FIO'd to associate XXX to MV.  Verbal Warning issued.  CK01A (McPherson, O'Neill) CG01A (Williams).",1
FC25005462,2025-10-09 20:30:00,GENERAL LAWRENCE J LOGAN WAY,SOUTH BOSTON,2127,Stopped,Reasonable Suspicion , Gang,Suv (sport Utility Vehicle),3,3,0,0,1,"On Thursday, October 9th, 2025, at approximately 8:30PM, Housing PO's stopped XXXr at XXXLogan Way in the Mary Ellen McCormack Development. Officers are aware of the resident and management complaints regarding trespassing and firearm activity at this location; specially involving XXX.  As officers approached, a male, later identified as XXXXXXexited his vehicle and alerted XXXto the officer's presence and that we were approaching the door. XXXwas sitting in MA REG XXXregistered to him,  XXXwas stopped and frisked for weapons due to the ongoing firearm investigation into him and the address, yielding negative results. Officers observed a group of females and XXXsmoking inside the hallway and advised them of the several signs stating No Trespassing and No Smoking in the hallway.  XXXself-identified as XXXuncle and XXXidentified XXXas his younger cousin.  FIO for Intel.  Z433 (Barbosa) Z437 (Wirkkala)",1
FC25006650,2025-12-29 18:15:00,,BOSTON,2121,Stopped,Reasonable Suspicion ," Body Worn Camera, Gang",Passenger Car/ Automobile,1,1,0,0,1,"About 6:15PM, on Monday, 12/29/2025, T/s of MA REG XXXat the intersection of Blue Hill Ave & Seaver St for non-transparent windows (90/9D).   Operator identified as active XXXassociate XXXBOP - Prior Guilty F/a, Prior Guilty Dist 94C. XXXis currently on 5 Year Federal Probation for Wire Fraud.   XXXrefused to make eye contact with officers and was abnormally breathing heavily. Stop conducted in close proximity to XXXrivalXXX Due to above mentioned, exit order issued frisk of XXX& vehicle conducted. Nothing of evidenitary value recovered.   Verbal warning for 90/9D.   FIOE'd to associate with M/v.     BK02F (Kovaleski / Kadey / Gannon / Gelinas)",1
FC25006578,2025-12-22 02:13:00,,BOSTON,2121,Stopped,Probable Cause," Body Worn Camera, Gang",Passenger Car/ Automobile,1,1,0,0,0,"T/S of a 2009 black Nissan Altima (MA REG XXXfor VALS (89/9) at the intersection of Washington St and Eire St.  Operator/Subject: XXX XX/XX/XXXX-XXX(Multiple F/A's, and A&B offenses on BOP). XXXwas cordial and conversational with officers throughout interaction and stated he was coming from a gas station in the area Blue Hill Ave. XXXwas wearing a black Nike hooded sweatshirt with black jogger sweatpants.  Officers also observed damage to driver's side mirror which XXXstated occurred at an unknown date/time while the vehicle was parked. Verbal warning issued for equipment violation. Written warning issued for 89/9.  FIOE to document behavior/Damage to M/V.  H111A (D.Foley/Zammito)",0
FC25001485,2025-04-07 18:18:00,BAIRD ST,DORCHESTER,2124,Stopped,Probable Cause," Body Worn Camera, Gang",Passenger Car/ Automobile,2,2,0,0,0,T-Stop on Black Honda Accord (MA REG XXXat XXXBaird Street for Equipment Violation and Suspended License.  Operator and sole occupant was XXX (DOB: XX/XX/XXXXXXX stated she did not know her license was suspended. XXX was issued exit order and had a friend XXXXXX) take possession of the vehicle.  While conducting the investigation XXX - Prior F/A) arrived on scene and began taunting officers.   XXX was issued citation and summonsed to Dorchester Court.   FIO'd to associate both parties.   C112F (Coppinger/Araujo),0
FC25001139,2025-03-19 00:00:00,,BOSTON,2124,Stopped,Reasonable Suspicion ," Juvenile, Moped, Body Worn Camera",Scooter,2,2,0,0,0,SS (Moped)   Officers observed two males traveling on a moped without helmets on Bowdoin Street. The individuals then exited the scooter and began pushing it to the corner of Bowdoin St. and Bowdoin Ave.   Officers stopped subject 1 (XXX and Subject 2 (XXX at the corner of the aforementioned intersection.   Both parties were cordial and calm throughout the interaction and stated that they were borrowing the scooter XXXfrom a friend.   CJIS and Mark43 inquiries yielded negative results for the vehicle being stolen or reported stolen.   Both parties were released forthwith.   H102D (Horan/Millane),0
FC25001642,2025-04-14 00:00:00,WASHINGTON ST,BOSTON,2118,Stopped,Reasonable Suspicion , Body Worn Camera,Passenger Car/ Automobile,1,0,0,1,1,"About 8:18 pm, Officers observed MA Reg XXXtraveling on Washington St with window tints. XXXon this violation the Officers activated their emergency blue lights and effected a motor vehicle stop in front of XXXWashington St.   Operating the motor vehicle wasXXX DOB XX/XX/XXXXUpon approach he stated that he did not have a license and that he only had a permit. Officers knew that anyone operating with a permit needs a licensed driver in the passenger seat. Based on this Officers exited XXXThey informed him that this was a violation and Officers began a motor vehicle inventory.   During the inventory Officers observed many loose panels. In fact Officers saw that the radio panel was so loose that it came off easily. When Officers informed XXXof this, he stated that the mechanics had broken it when they were installing the new radio to his car.   To not impose further hardships on XXXOfficers asked if he could call his mother to come and pick him and the motor vehicle up. XXXstated that he could and he thanked Officers.   XXXFIOED and released. FIO also completed to document the damage that the vehicle already had.",1
FC25004043,2025-07-26 17:35:00,E COTTAGE ST,BOSTON,2125,Stopped,Reasonable Suspicion , Body Worn Camera,Suv (sport Utility Vehicle),1,0,1,0,0,"TS for VALS (fail to stop for stop sign / excessive tints) MA REG: XXXat XXXEast Cottage Street, Roxbury  Op:XXXDOB: XX/XX/XXXXPrior F/A, Guilty Trafficking Class B  XXXwas confrontational during the TS due to tint violation. Tints determined to be 18% to which he changed his demeanor. Verbal warning issued.  BK02F (Kadey/Gannon/Gelinas/Deluca)",0
FC25003099,2025-06-16 08:10:00,CALLENDER ST,DORCHESTER,2124,Stopped,Reasonable Suspicion ," Body Worn Camera, Drugs",Passenger Car/ Automobile,4,2,2,0,0,"Officers were on direct patrol monitoring drug activity in the area of Callender Street. Officers observed several individuals hanging outside XXXCallender Street as well as near a vehicle parked out front (MA: XXX  Officers observed a male leave the address and walk into Franklin Field where he was joined by a female. Officers spoke to both individuals.   The female identified herself asXXX. She was found to have multiple warrants but was visibly suffering from the affects of drug abuse and was advised to go to court to clear them on her own. XXXstated she lives at XXXCallender Street.   The male was wearing a mask and refused to provide his name or other information. He was later identified as XXX has long criminal history including several gun and drug charges.   Officers later observed MA: XXXcircling Callender Street and Franklin Field. A traffic stop was conducted for excessive tint. The operator was the registered owner, XXXXXhas prior charges for trafficking, distribution, and conspiracy. The passenger was XXXwas highly intoxicated and has prior charges for drug and gun possession. XXXwas given a warning for the window tint.  Adams/Harrington",0
FC25004287,2025-08-07 10:20:00,PARKER ST,JAMAICA PLAIN,2130,Stopped,Reasonable Suspicion , Gang,Passenger Car/ Automobile,1,0,1,0,1,"XXX (Prior F/A, XXX) stopped by XXXParker Street inside of MA REG XXXA CJIS inquiry showed the vehicle to have an expired registration.  The officers inventoried the M/V but ultimately issued a verbal warning to XXXas he was currently working as a BHA employee over at the Alice Taylor development.   Z901 (Stevens)",1
FC25006481,2025-12-15 01:00:00,BLUE HILL AVE,DORCHESTER,2124,Stopped,Probable Cause, Body Worn Camera,Passenger Car/ Automobile,1,1,0,0,1,"T/S on for VALs (Inspection Sticker) on white 2001 Honda Accord XXX Driver: XXXXX/XX/XXXXPrior FA charges.  When asked for license and registration, he was able to provide registration but stated he did not have his license. When ask if it could possibly be in the vehicle, he was overtly deliberate with his movements and stated that it may be. He then reached directly into his pocket where his license was.  Due to his nervous demeanor and movements, officers conducted an exit order of the individual to which he complied. Vehicle and person was frisked to no avail. Mr. XXXwas released forthwith.  Verbal warning issued.  C113 (Mello/Carrafiello)",1
FC25000126,2025-01-08 18:06:00,,BOSTON,2124,Stopped,Reasonable Suspicion , Body Worn Camera,Passenger Car/ Automobile,2,2,0,0,0,"T/S of MA Reg XXXfor lights violation (90/7) at the intersection of American Legion and Franklyn Hill Ave. The Operator was identified as XXX (Active XXX), and the front passenger was XXX (registered owner). The Operator said that they were coming from the movies. The Operator and Passenger were cordial with the Officers during the interaction. The Operator said that the passenger is his current girlfriend.  Written warning issued.  FIO to associate the Operator to the motor vehicle and the registered owner.  Araujo/Fantaroni",0
FC25002577,2025-05-24 21:10:00,,BOSTON,2111,Stopped,Probable Cause, Body Worn Camera,Passenger Car/ Automobile,3,3,0,0,3,"TS VALS Kingston & Avenue De Lafayette 9:10PM Saturday 5/24/25  Officers observed a green Ford Taurus parked (Unoccupied) at Summer and Arch Street. CJIS query yielded 187 recent inquiries with multiple remarks about a home invasion in Malden in April 2025. Officers requested dispatch to notify Malden if the vehicle is still wanted. Officers soon located a BRIC flyer stating (XXX DOB: XX/XX/XXXXXXX DOB: XX/XX/XXXXwere both arrested for F/A offenses shortly after the vehicle was located. CJIS query yielded both XXXand XXXhad multiple active felony straight warrants.  Officers observed 3 unknown individuals enter the vehicle and continue down Kingston Street towards Essex. Officers conducted a TS for (excessive tint, crosswalk violation). The following occupants were positioned as follows:   Driver:XXX DOB: XX/XX/XXXX Front passengerXXX DOB: XX/XX/XXXX Back right passenger: XXXDOB: XX/XX/XXXX(Multiple F/A on BOP)  XXXand XXXnot located in vehicle.  XXXclinched his left elbow to his waistband and positioned himself in an unnatural position with his legs extended towards the left side if the backseat. XXXadditionally was visibly shaking. Upper body, hands, and legs were visibly shaking. Fearing the presence of a weapon inside the vehicle, officers issued an exit order and frisked the occupants and interior of the vehicle yielding negative results.   Verbal warning issued.  AK01F/ AK02F (Entwistle, Rooney, Gabriel, Kania)",1
FC25004023,2025-07-26 02:38:00,,BOSTON,2111,Stopped,Encounter, Body Worn Camera,Passenger Car/ Automobile,2,0,2,0,0,"About 2:38am on July 26, 2025 Officers conducted a traffic stop on a 2015 BMW M4 (MA: XXXat Mason and West Street, Boston.  OperatorXXX was swerving from side to side on the one lane roadway.   Passenger XXX was not wearing a seatbelt.   Officers conducted SFST's on the operator due to clues on scene. driver showed no signs of intoxication through the SFST's.   XXXstated he was sober and after SFST's agreed to let passenger XXXdrive them home due to the driver stating he was tired.",0
FC25000524,2025-02-05 00:00:00,COLUMBIA RD,BOSTON,2121,Stopped,Probable Cause," Gang, Body Worn Camera",Passenger Car/ Automobile,3,2,0,1,2,TS at for Revoked Insurance at XXXColumbia Road on a 2017 gray Volkswagen Jetta (MA Reg XXX Operator identified asXXX(Prior F/A)  Front PassengerXXX  Rear Passenger XXXXXXolations)  All parties removed from the vehicle and the driver and rear passenger were frisked for weapons to no avail.  Due to there being two children in the back seat Officers then followed the vehicle back to XXXresidence.  FIOED to associate with MV.  B104F (Ryan & Gilmore),1
FC25000671,2025-02-18 01:36:00,,BOSTON,2111,Stopped,Reasonable Suspicion , Body Worn Camera,Passenger Car/ Automobile,3,2,0,1,1,"About 1:36am on February 18, 2025 Officers conducted a Traffic Stop at Summer and Arch Streets, Boston.   Officers stopped a 2006 Acura TL (Mass Reg: XXX) registered to XXX. BOP: multiple B&E and unarmed robbery.  Operator was XXX had multiple B&E and a recent conviction for Armed Robbery out of Suffolk Superior (Docket#: XXX  Passenger was XXX XXXhad multiple armed robberies and firearms charges on his BOP.  XXXwas extremely nervous and pinned his right arm to his chest. XXXwas removed and frisked to no avail.  Officers observed a opened alcohol bottle in plain view in the center console.  XXXand XXXwere cordial but extremely nervous throughout the stop. XXXstated they were coming from a party at XXXTremont Street above the Burger King.   Officers issued citations to both parties for seat belt violations and open containers.   FIOE to associate.",1
FC25006315,2025-12-02 02:23:00,NORFOLK ST,MATTAPAN,2126,Stopped,Probable Cause, Body Worn Camera,Passenger Car/ Automobile,1,0,0,1,1,"Officers stopped 2016 black BMW X3 (NCREG XXXfor VALs (speeding) at XXXNorfolk.  Vehicle drove past officers at a high rate of speed on Norfolk Avenue heading towards Morton Street. The vehicle turned left down a side street and a right heading back towards Morton Street where officers were able to catch up to the vehicle. The vehicle took a left on Norfolk at a lot slower speed which prompted officers to activate their emergency lights to conduct the traffic stop.  The driver: XXX XX/XX/XXXX(multiple FA charges) was cordial and respectful with officers.  As officers ask for Mr. XXXidentification, he began to clutch his waistband as he began reaching around the vehicle in search of his license as well as he had a large bulge in the front of his sweatshirt pocket. Due to the movements of Mr. XXXofficers conducted an exit order. Officers pat frisked Mr. XXXand his vehicle to no avail.  Mr. XXXwas released forthwith. FIO'd for intel and connection to vehicle.  Verbal warning issued.  C113A (Mello & Carrafiello)",1
FC25003027,2025-06-12 01:45:00,,BOSTON,2119,Stopped,Probable Cause," Gang, Body Worn Camera",Passenger Car/ Automobile,2,1,0,1,2,"OFFICERS STOPPED MAXXX FOR VALS (SUSPENDED LICENSE) AT ROXBURY AND MALCOM X BLVD  OPERATOR/OWNER - XXX, PRIOR F/A)  PASSENGER - CARLOS XXX(MIN BOP)    PARTIES REMOVED FROM VEHICLE AND FRISKED DUE TO OBSERVATIONS DURING INTERACTION AND XXXLICENSE BEING SUSPENDED. XXXWAS FOUND TO BE IN POSSESION OF A FIREARM. ONCE LOCATED, XXXDECIDED TO TELL OFFICERS HE HAD AN ACTIVE LTC. OFFICERS CONFIRMED LTC TO BE ACTIVE.  XXXWAS ALLOWED TO DRIVE M/V AWAY FROM SCENE. VERBAL WARNING FOR VALS.     BK01A (BENT/MCCABE/DUNN/MCBRIEN)  B432A (PIC)",1
FC25005426,2025-10-08 00:27:00,,BOSTON,2119,Stopped,Probable Cause," Auto Investigator, Gang, Gun, Body Worn Camera, Drugs",Passenger Car/ Automobile,1,1,0,0,0,"Traffic Stop at Hampden Street and Melnea BLVD on a Black Honda CR-V bearing MA REG XXXThe operator was traveling at a high rate of speed. Upon further investigation the Officer learnt that the vehicle had Heavy Dark Window Tint and an expired inspection sticker. The Officer conducted a CJIS inquiry on the license plate and learnt that the vehicle is registered to a XXX DOB XX/XX/XXXXXXX with prior Drug and Firearm offenses.  XXXwas cordial during the traffic stop encounter and stated that he was on his way to visit his girlfriend.  The purpose for this FIO is for intel, to associate XXXwith this vehicle and in the Newmarket area.",0
FC25005242,2025-09-27 17:27:00,MOUNT PLEASANT AVE,ROXBURY,2119,Stopped,Reasonable Suspicion ," Body Worn Camera, Gang",Passenger Car/ Automobile,2,2,0,0,0,"About 5:30PM, on Saturday, 09/27/2025, T/s of MA REG XXXat XXXMt Pleasant Ave for crosswalk violation (89/11).   Operator identified as XXX (XXX). BOP - Vals, 94C.   No front seat passenger.   Rear seat passenger identified as XXX. BOP - Open Trafficking 94C, Prior 94C, Prior F/a.  Both parties very cordial with officers and stated they were waiting outside for a friend. XXXinformed officers the registered owner of the vehicle is his girlfriend.     FIOE'd to assoc with M/V    BK03F (Kovaleski / McQuaid / K. Ryan)",0
FC25006652,2025-12-29 21:56:00,CRAWFORD ST,ROXBURY,2121,Stopped,Probable Cause,,Suv (sport Utility Vehicle),2,2,0,0,0,"YVSF invest VK07  Traffic Stop for VALS (90/17 - speeding) XXXCRAWFORD ST, ROXBURY, MA 02121 on NJ REG# XXX Operator identified as XXX (XXX. prior F/A) passenger identified as XXX(Prior 94C). Both parties were cordial with officers throughout the duration of the stop and verbalized they understood why the stop was occurring. Verbal warning issued for the VALS.   Fioed to associate with MV.",0
FC25001929,2025-04-28 22:05:00,,BOSTON,2129,Stopped,Reasonable Suspicion , Body Worn Camera,Passenger Car/ Automobile,1,1,0,0,0,"About 10:05PM on Monday 04/287/2025, Officers conducted a traffic stop for VALS on a 2013 Black Honda Accord (MA REG: XXXat the intersection of Chelsea St and Warren St, Charlestown.   Officers identified the following individual:XXX- Guilty conviction for F/A out of Suffolk Superior and history of 94C.   XXXstated to officers that he's from Warren Gardens in Roxbury and that he was in Charlestown because his mother just moved into the new housing building on Corey St.  BWC activated   AK01F (Hiltunen/ Marchand)",0
FC25005806,2025-10-28 20:28:00,ADAMS ST,BOSTON,2122,Stopped,Probable Cause, Body Worn Camera,Passenger Car/ Automobile,2,1,0,1,2,"YVSF TS 8:28 PM Adams St / Juliet St  Officers observed MAREG#XXXpulled on the side of the road, completely blocking the intersection of Juliet St and Adams St. The vehicle was not in a parking spot, but was horizontally blocking Juliet St.  Officers stopped the vehicle for obstructing. The car was registered to XXX"". Officers approached the vehicle and identified the driver as XXXnd the passenger as XXX.  Officers observed burnt Marijuana ""roaches"" in the console of the vehicle. Both men reported being under 21. Officers observed a pillow-sized bag consistent with designer marijuana packaging in the back seat of the car. The officer observed a slightly smaller bag that was similar to XXXfeet. His arms were uncomfortably hunched as he sat over the bag, which was slightly open. This posture obscured the Officer's view. He showed Officer a ""crave"" smoking device and reported it was just nicotine and not THC. The officer asked if there was any Marijuana in the vehicle, to which they stated no, which was untrue. When the Officer returned to the car, the burnt marijuana roaches were discarded.XXX' hunched-over posture never changed. Officers believed that the packaging they were observing was consistent with street-level drug distribution, coupled with the vehicle being pulled over in the middle of a street for no apparent reason.  Officers removed the occupants from the vehicle and observed numerous packaged bags of marijuana. With the belief of street-level drug distribution and the posture XXXwas sitting, they were frisked for weapons while they stood roadside. There were crumpled 20$ bills filling the bags as well. Officers informed the men that they did have probable cause that they were distributing Marijuana for sale. Both men have zero criminal history and were informed/warned that they could be arrested and were advised to stop their behavior. They were given a verbal warning for the obstruction and Marijuana.",1
FC25000326,2025-01-22 17:05:00,,BOSTON,2124,Stopped,Probable Cause," Gang, Gun",Passenger Car/ Automobile,4,4,0,0,4,"Traffic stop of a 2008 Honda Civic (MAREG# XXXfor canceled registration in the area of Thane St and Athelwold St. OP wasXXX (DOB: XX/XX/XXXXXXX who stated he had just bought the car. Front Pass was XXX(DOB: XX/XX/XXXXNo Bop. Back Passenger driver side wasXXXDOB: XX/XX/XXXXXXX prior F/A, 94C, and Armed Robbery. Back Passenger Pass side was XXXopen F/A. Officers observed XXXlegs and hands to be shaking and when asked about weapons XXXand XXXquickly interjected no while the other two passengers remained silent. Parties removed from the vehicle and frisked for weapons, XXXattempted to prevent officers from frisking him by stepping away and pushing officers hands away from his waistband area. Two firearms located on XXXperson in two separate areas. Both guns were un-holstered and in separate layers of clothing on his person. XXXdid present officers with an active LTC after officers demanded it. Both F/A's were registered to XXXIt should be noted back seat passenger,XXXsweat pants were down slightly above his knees, while his second pair of sweatpants were up high with the rope tied tightly, a trend officers commonly see to carry illegal streel level firearms. Officers informed XXXto properly register his M/V. Officers informed XXXthe dangers of carrying F/A's with no holster. FIOED for intel.   Coyne/Turner/McDonough",1
FC25003851,2025-07-20 20:42:00,,BOSTON,2124,Stopped,Reasonable Suspicion , Body Worn Camera,Passenger Car/ Automobile,1,1,0,0,1,"Tstop of a white BMW 330 XXXat the intersection of Washington Street and Brent Street for speeding.  Upon the officers attempting to conduct the traffic stop, the operatorXXXquickly pulled over his vehicle and hastily went into the convenient store at the corner of Washington Street and Brent Street.   The officers then approached the vehicle to see if there were any occupants still inside to which there were none. The officers then approached the store to speak with the operator, and were met by him at the door as he was exiting the store. The officers then informed him that they were conducting a traffic stop.  The operator immediately became hostile towards officers, refusing to provide his documentation right away. The operator eventually gave the officers his license and registration. As the operator was retrieving his registration, he opened the passenger side door and then aggressively slammed the door to his vehicle almost striking Officer Marcinkevicius in the arm, preventing him from seeing inside of the vehicle.  Due to the observations mentioned above, the operator's hostility during the traffic stop, and his attempt to prevent officers from seeing inside of the vehicle, the officers detained the operator and placed him into handcuffs. Even while the operator was in handcuffs he continued to attempt to move away from officers. The operator also yelled for a random pedestrian to record the traffic stop and get involved on his behalf.  The officers then conducted a pat-frisk of the operator and the vehicle yielding negative results.  Citation issued via MACCS to be mailed to the operator due to the cruiser printer not working.  FIO for documentation  C701 & C702 (Walsh / Marcinkevicius)",1
FC25000868,2025-03-03 13:22:00,TEMPLE PL,BOSTON,2111,Stopped,Probable Cause, Body Worn Camera,Passenger Car/ Automobile,1,1,0,0,0,"T-stop for VALS Temple Place (Revoked Registration) 2011 Green BMW 328XI MA REG XXX Operator:XXX DOB XX/XX/XXXXPrior F/A, Rape, ABPO.  Subject remained cordial with Officers during interaction.  Vehicle towed/ Inventory Search Completed/ Nothing removed from vehicle  Operator Summonsed for Unregistered/ Uninsured MV  A705D Pressley, A708D Goodwin",0
FC25002671,2025-05-29 00:30:00,,DORCHESTER,2124,Stopped,Probable Cause," Body Worn Camera, Gang",Passenger Car/ Automobile,3,3,0,0,1,"Traffic Stop 12:30 AM, Stratton St / Lucerne. Speeding (90/17)  Officers noted Gray 2013 Ford Fusion (MA Reg XXXregistered to XXX) speeding on Blue Hill Ave and take a left onto Westview St.  Driver: XXX. Officers noted a fanny pack in passenger seat with Mr. XXXseen glancing at it throughout the stop. Based off this observation and the vehicle slow rolling officers conducted exit order / frisk. a knife was found on Mr. XXXperson.   Mr. XXXgiven verbal warning for speeding and released. XXX on scene recording and was warned to no interfere.  C112A(Belanger/Fawkes)",1
FC25006655,2025-12-29 23:15:00,,BOSTON,2124,Stopped,Probable Cause, Body Worn Camera,Passenger Car/ Automobile,2,2,0,0,2,"T/S of a black 2022 Genesis G70 (MA REG XXXfor excessive window tints (90/9D) at Blue Hill Ave and Talbot Ave.  Operator:XXX: murder (NG), ABDW (firearm), multiple f/a  Front passenger: XXX: armed assault to murder, multiple f/a including discharging  Both parties initially stated that they were on their way home, then later stated that they were going to get food. XXX was initially cordial but then began recording officers and both parties were questioning the validity of the traffic stop. Officers observed XXX to be speaking on the phone with someone while keeping his left arm pinned to his midsection area in an unnatural manner throughout the entirety of the stop. Based on the observations mentioned and both parties' history around firearms, officers conducted an exit order as well as a pat frisk of both parties and mv to no avail.   XXX was issued a written warning for the window tints.  FIO for documentation  C111F (Mulrean/Williams)",1
FC25002991,2025-06-10 19:20:00,,BOSTON,2124,Stopped,Reasonable Suspicion , Shots Fired,Passenger Car/ Automobile,1,1,0,0,1,Officers observed a 2016 white Ford Fusion (MAREG# XXXparked in the area of Havelock St and Morton St. Officers were aware the vehicle was BOLOed in relation to shots fired the night prior on Orlando St (See I252046575). Officers approached the vehicle and identified the operator as XXX (DOB: XX/XX/XXXXprior guilty F/A and open Armed robbery on probation out of Suffolk Superior until 2027. XXXstated the vehicle is his rental and that he was in possession of it the night prior. During frisk of the vehicle officers noticed the vehicle had a strong odor of bleach. B3 detectives notified FIOED and released.   Coyne/Turner/Adams/Kennedy,1
FC25006246,2025-11-20 00:47:00,DR. MICHAEL GAVIN WAY,SOUTH BOSTON,2127,Stopped,Probable Cause, Body Worn Camera,Passenger Car/ Automobile,2,0,1,1,2,"12:47 AM T/S of MA Reg XXX(Gray Nissan Sentra) for operating without headlights (90/7) at Gavin Way/O'Callaghan Way.   Officers observed the vehicle driving in the vicinity of XXXLogan Way at a slow rate of speed with its headlights turned off. Upon noticing the officer's vehicle, the operator turned the headlights on and took off at a high rate of speed.   Op: XXX (No BOP)  Pass: XXX (No BOP)  Throughout the whole traffic Stop, XXXwas confrontational with officers. XXXwas visibly shaking and kept his left hand pinned to his side/waistband. Officers also observed a fanny pack at XXXfeet which he attempted to discard under the seat.  Exit order given and occupants frisked for weapons to no avail.   FIO'd to associate with the area.   FK01A (Walsh/Banton)",1
FC25006645,2025-12-29 02:45:00,,DORCHESTER,2124,Stopped,Probable Cause, Body Worn Camera,Passenger Car/ Automobile,1,1,0,0,1,"Traffic Stop 12/29/25, 01:00 Southern Ave / Washington St.   Officers conducted a Traffic stop for Fail to Stop at stop sign (89,9) of 2012 Black Audi Q5 (MA reg XXXBlack Inc Rental)  Operator: XXXassociate, multiple F/As)  CJIS revealed a suspended license on XXX was removed from the vehicle. Vehicle inventory conducted. Mr. XXXstated he was driving home which was few streets away. Officers told XXXto go home and not drive the vehicle.   Verbal warning issued for VALS  C112A (Belanger/Fawkes)",1
FC25004550,2025-08-21 02:09:00,DORCHESTER AVE,DORCHESTER,2125,Stopped,Probable Cause, Body Worn Camera,Suv (sport Utility Vehicle),3,3,0,0,0,T/S for VALS at the intersection of Dorchester Ave and Savin Hill Ave.  OP:XXX XX/XX/XXXXF/A on BOP  Front Passenger: XX/XX/XXXXA/B on Pregnant Vic  Rear Passenger:XXX DOB: XX/XX/XXXXMultiple F/A on BOP   All parties issued a Citation  FIOE'D to associate parties with rental car MA REG XXX H103A Lima/Nunes,0
FC25004251,2025-08-06 01:30:00,MAGNOLIA ST,DORCHESTER,2125,Stopped,Probable Cause," Body Worn Camera, Gun",Passenger Car/ Automobile,1,1,0,0,0,"T/S for broken headlight and speed greater than reasonable of a gray 2008 Chevy Malibu.  OperatorXXXDOB: XX/XX/XXXXlengthy criminal record to include firearms, kidnapping and resisting arrest  XXXwas initially confrontational and yelled that he was going home and was just stopped by state police 5 minutes ago for the same thing and was issued a ticket. XXXshowed officers the citation given by MSP and eventually calmed down. XXXwas with a female occupant and they were on their way home with take out food.  Officers gave XXXa verbal warning and advised he slow down and get the headlight fixed.  FIO to document behavior.  H102A (ZAMMITO / D. FOLEY)",0
FC25001752,2025-04-17 09:45:00,BLUE HILL AVE,DORCHESTER,2121,Stopped,Reasonable Suspicion , Body Worn Camera,Passenger Car/ Automobile,2,1,0,1,0,T/S MA Reg# XXXof 2005 Silver Honda Accord at XXXBlue Hill Ave for attached plates. Vehicle matching description from Aggravated Assault (252026756).  Operator XXX(DOB XX/XX/XXXX Vehicle Owner -XXX XX/XX/XXXXarrived on-scene with proper documentation for vehicle.  B2 Detectives notified. Photographs of both parties provided.  FIO to associate parties with vehicle.,0
FC25003448,2025-07-02 21:45:00,,DORCHESTER,2121,Stopped,Probable Cause," Gun, Body Worn Camera, Drugs",Passenger Car/ Automobile,1,0,0,1,0,Traffic Stop at Stanwood Street and Normandy Street on a white Honda Accord (MA REG XXXfor a stop sign violation.  Operator - XXXopen F/A and 94c)  Subject was cordial with officers and apologized for the infraction   Verbal warning issued and FIO to document subject with vehicle  B102F (DeLuca/Donovan),0
FC25000228,2025-01-15 23:15:00,COLUMBIA RD,DORCHESTER,2121,Stopped,Probable Cause, Body Worn Camera,Passenger Car/ Automobile,1,1,0,0,1,"TS of a 2005 yellow Honda Accord (MA REG XXXfor multiple parking violations at XXXColumbia Rd.  Op identified as XXX open f/a  XXXwas accompanied by two other male individuals who refused to identify themselves. As officers approached the vehicle, all parties became verbally aggressive with officers and questioned the validity of the stop. As officers attempted to deescalate the situation, all parties grew even more hostile and began to verbally berate officers. At one point, the rear seat passenger threatened to physically assault officers. Based on observations made on-scene along with XXXhistory of f/a, officers were in fear that there may be a weapon in the car.  All parties were removed from the vehicle and frisked for weapons to no avail.  XXXwas issued a parking citation.  C113F (Mulrean/Williams)",1
FC25001856,2025-04-25 01:33:00,BLUE HILL AVE,DORCHESTER,2124,Stopped,Probable Cause, Body Worn Camera,Passenger Car/ Automobile,2,2,0,0,2,"about 1:33 AM on 04/25/2025 officers observed a black 2025 Honda Accord bearing MA PAN XXXtraveling inbound on Blue Hill Ave. The plate came back to a red Ford Taurus. Officers stopped it in the area of XXXBlue Hill Ave.  Operator was identifiedasXXXprior F/A).  Passenger was identified as XXX was able to provide paperwork of the recent purchase. XXXdoes not have an active license. (90.10). An exit order was issued, parties frisked and the vehicle was inventoried to no avail. XXXwas summoned for the above. A licensed operator arrived on scene and took possession of the vehicle.   C112A (Parlon/Williams)",1
FC25006220,2025-11-24 00:45:00,SEAVER ST,BOSTON,2121,Stopped,Probable Cause, Body Worn Camera,Passenger Car/ Automobile,4,3,0,1,4,"Traffic stop 90/17 XXXSeaver St 01:30 11/24/25  Officers conducted traffic stop of 2014 brown Nissan Altima MA reg XXXVehicle slow rolled before coming to a complete stop. Officers noticed movement from 2 of the passengers while vehicle was slow rolling. Once stopped officers identified:  OP:XXX   Front PA XXX   Rear PA XXXRear PA XXXBoth XXXand XXXhad their faces covered with ""shiestys"". Based off all observations officers made, an exit order was conducted. Officers frisked the vehicle and found a Glock style BB gun with extended magazine located in the rear middle seat arm rest. Officers cuffed all parties until it was determined it was a BB gun.   Should be noted all parties involved did not express that the item found was in fact a BB gun. Parties involved were all nervous until they were told the it was a BB gun.   All parites released. Verbal for speeding  C112 (Belanger/Fawkes)",1
FC25006658,2025-12-29 03:00:00,,BOSTON,2121,Stopped,Probable Cause," Gang, Body Worn Camera",Passenger Car/ Automobile,1,1,0,0,0,"T/S for VAL (Tints) on a gray 2010 Honda Accord Crosstour MA-REG XXXat Washington Street and Bowdoin Ave.  Operator:XXX XX/XX/XXXX- activeXXX (No BOP) wearing black sweatshirt with XXXwritten in white across the chest.  Passenger: Unidentified black male wearing all black clothing (hand & neck tattoos).  XXXwas cordial with officers while unidentified male was argumentative throughout the stop. XXXstated they were heading to a ""friends"" house in the area.  Verbal warning issued.  FIOE'd to associate with vehicle.  CK02A (O'Neill/McPherson) C907 (MacDonald)",0
FC25005465,2025-10-10 01:09:00,BOWDOIN ST,DORCHESTER,2122,Stopped,Reasonable Suspicion , Body Worn Camera,Passenger Car/ Automobile,1,1,0,0,1,"S/S XXXBowdoin of MA Reg XXXgray 2023 BMW M3.  Prior to the stop officers observed the passenger XX/XX/XXXX- Prior F/A) running towards the BMW pinning his waistband, as well as being hypervigilant to a marked BPD cruiser with its blue lights on.   Officers conducted the stop due to the officers' observations believing XXXwas armed with a weapon specifically a firearm.   The unknown operator, XXXand the vehicle were frisked with negative results.  Both parties released forthwith.  FIOE to link XXXto vehicle.  CK02A (O'Neill/McPherson/Calabrese) C901 (Sgt. McDonough)",1
FC25001449,2025-04-05 04:47:00,BLUE HILL AVE,DORCHESTER,2121,Stopped,Probable Cause," Reveler, Body Worn Camera, Gang",Passenger Car/ Automobile,3,2,1,0,3,"About 4:47 AM on Saturday, 04/05/2025, Officers assigned to District B-3 while addressing multiple 911 calls and community complaints of revelers in the area of American Legion Highway and Blue Hill Avenue conducted a traffic stop on MA Reg. XXXgray colored 2017 Honda Accord, for expired registration in the area of XXXBlue Hill Avenue.  Driver identified asXXX(DOB XX/XX/XXXX Rear right passenger identified asXXXDOB XX/XX/XXXX- XXXprior F/A)  Rear middle passenger identified as XXX  Multiple other passengers in the refused to identify.  During the stop, XXXwas constantly moving and adjusting himself and pinning the rear passenger side door despite multiple requests to stop moving. Exit order was issued due to expired registration and occupants' behavior.   XXXrolled up the vehicle's windows and took almost a full minute to exit the vehicle and attempted to bypass a pat frisk of her person, including shielding her purse and pulling away from Officers. XXXwas placed in cuffs for fear she was attempting to conceal a weapon or illicit items, however a frisk of her person and purse yielded negatives results and she was promptly removed from handcuffs.  A frisk of all other occupants and vehicle yielded negative results.  Vehicle was towed by Akiki & Sons, citation for offenses issued to XXX FIOE to associate vehicle with occupants.  C112A (Ashe/O'Neill)",1
FC25005699,2025-10-21 00:00:00,,BOSTON,2121,Stopped,Probable Cause, Gang,Passenger Car/ Automobile,2,2,0,0,1,"T stop of a white Nissan Altima (RIReg# XXXfor defective tail light in the area of Hewins St and Erie St. Officers were familiar with this vehicle, as they had recently seen it in the area of Almont Park, during which timeXXX members had been congregating around it with doors open on one occasion, and on a separate occasion the vehicle had evasively lost officers while operating in the area of Morton St and Blue Hill Ave. This motor vehicle is also a rental vehicle with stick on tints applied to only the sides and not rear. Officers originally observed the vehicle operating on Washington St and upon passing officers unmarked cruiser the vehicle took an immediate turn down Erie St before coming to Hewins St and stopping prior to officers activating their lights and sirens. Officers approached the vehicle and observed who they immediately knew to be XXX (DOB: XX/XX/XXXXPrior guilty F/A and open F/A, operating and a female passenger later identified asXXX (DOB: XX/XX/XXXXOfficers informed the parties the reason for the stop to which XXXstated it was a rental and argued the validity of the stop. XXXthen exited the vehicle and began yelling at officers stating they had arrested her brother at Almont Park. Officers were then aware that her brother was XXXwho officers had arrested with a firearm amongXXX members. XXXbegan to walk around the car and act erratic while XXXcontinued to argue to validity of the stop. Due to XXXerratic behavior, and officers belief that it was an attempt to distract them from both XXXand the vehicle, officers knowledge of XXXfirearm history, familiarity with the vehicle associating withXXX members and its past evasiveness, the vehicle once again attempting to evasively stop prior to officers being able to perform a traffic stop, and the immediate area being in XXX which theXXX has a violent and deadly feud, officers believed XXXto be armed and dangerous specifically with a firearm. XXXwas removed from the vehicle and frisked for weapons with negative results. XXXacted erratically throughout the entire stop while threatening officers. XXXwas advised to return the rental vehicle as the rear tail light was defective and issued a warning. FIOED for intel and documentation.   Coyne/Turner/Rodriguez/McCarty",1
FC25001026,2025-03-12 19:00:00,SPENCER ST,DORCHESTER,2124,Stopped,Encounter, Body Worn Camera,Passenger Car/ Automobile,1,1,0,0,1,"TS of a Gray Kia Forte MAREG XXXfor headlight violation (MGL 85/15) at XXXSpencer St. The driver, who was later identified as (XXX whose an active Mt. Plesant associate immediately exited the driver's seat as soon as officers pulled behind his vehicle. Officers gave the driver several commands to get back into the vehicle to which he refused to do so. As the driver was verbally combative with officers, he kept looking at the vehicle as if something was inside of it. Officers conducted a pat risk of the vehicle and the driver of possible weapons to no avail.  As officers explained the reasoning for their actions, the driver began to calm down and understood what was going on.  FIOE to associate the driver with the vehicle.  C111F (D'Addieco/Cox)",1
FC25000332,2025-01-23 15:20:00,COLONEL MICHAEL J. MCDONOUGH WAY,SOUTH BOSTON,2127,Stopped,Probable Cause, Gang,Passenger Car/ Automobile,4,4,0,0,1,"YVSF intel - VK23  While on directed patrol of the Mary Ellen McCormack Housing Development, Officers observed Heath Street Gang memberXXXengaging with the operator of MA reg: XXXlater observed to beXXXa well known traveling Newport cigarette salesman with over 150 lifetime arraignments)XXXhas a significant history of drug trafficking and firearm-related offenses, including open cases for trafficking cocaine and fentanyl. Officers noted some of the men around him, including XXXwere known drug users. XXXwas recently served at this same location with a Trespass Notice from the Boston Housing Police Department. This notice carries over for all BHA property across the city, and not just this development.  XXXacknowledged the notice to officers, and immediately offered up consent for officers to search his person (negative results). XXXwas advised he was subject to arrest if he continued to be in common areas within the development. FIO'd and released.",1
FC25003007,2025-06-11 20:45:00,FLORIDA ST,DORCHESTER,2124,Stopped,Reasonable Suspicion , Body Worn Camera,Scooter,1,0,0,1,1,"SS (Scooter Stop) NO HELMET.   Officers StoppedXXX XX/XX/XXXX(no BOP) operating a XXXCC black Flywing Scooter without helmet. XXXimmediately attempted to flee from officers after being questioned about helmet.   After being detained, XXXsaid he was borrowing scooter from a friend (VINXXXCJIS and Mark43 inquiries showed negative results for scooter being stolen/reported stolen.  XXXwas released forthwith.  H104F(McLaughlin/Horan).",1
FC25006533,2025-12-17 22:30:00,RUGGLES ST,BOSTON,2120,Stopped,Reasonable Suspicion , Body Worn Camera,Suv (sport Utility Vehicle),1,1,0,0,1,"TS for MA-REGXXXor tints and no inspection sticker following a r/c for a person shot (252106360), officers identified the operator as XXX XX/XX/XXXXmultiple firearms on his bop. XXXwas observed by officers to be wearing, grey jeans, black bubble jacket with a small white triangle on the breast of the jacket and black and white basketball sneakers. Detective Toomey emailed officers a still photo of the suspect fleeing the scene, the suspect can be seen wearing light colored jeans, black bubble jacket and black and white basketball sneakers. Due to the fact the suspect matched the description of the suspect emailed to officers, and the fact the suspect vehicle was observed circling the area where the victim was located, officers issued the driver an exit order and pat frisked his person as well as the front seat of his vehicle to no avail.  BK02F Gannon, Gelinas and Bertocchi.",1
FC25002167,2025-05-06 19:00:00,WELLES AVE,DORCHESTER,2124,Stopped,Probable Cause," Body Worn Camera, Gang",Passenger Car/ Automobile,3,3,0,0,3,About 1900 hours officers stopped MA Reg XXXon Joseph street at Wells for no headlights during inclement weather. Spoke to the driver XXXwho had a suspended license and the other occupants (front seat XXX back seat XXX who also did not have a license. Occupants were removed from the vehicle and officers conducted a pat frisk to no avail. The vehicle was searched with no results. During this time the registered owner arrived and took custody of the vehicle and XXXwas given a verbal warning.,1
FC25004331,2025-08-08 21:55:00,ARCH ST,BOSTON,2110,Stopped,Probable Cause, Body Worn Camera,Passenger Car/ Automobile,1,0,1,0,0,"Officers observed a Black 2018 Acura TLX (MA REG XXXparked illegally across the street from the garage entrance of XXXArch Street. Officers observed the vehicle running and at least one person in the vehicle.  Officers circled the block a series of times over 5 minutes and saw the vehicle later had its lights turned off.  Officers investigated the illegally parked motor vehicle and identified the driver as XXX (DOB XX/XX/XXXXOfficers informed XXXthat he was parked in a tow zone which he replied ""I just parked here, this is where I like to chill after work."" Officers inquired on where XXXworks which he stated he works for the T. Officers observed XXXto be wearing a T lanyard and a high-vis vest on his passenger seat.  It should be noted that Officers frequently observe this vehicle to be parked directly next to the T station located at Franklin & Washington Street. XXXwas parked less than a block over in a secluded area where there is light foot traffic. This area around the DTX area is known for drug related activity.  XXXhas an open case for trafficking & poss w/ intent to distribute. XXXalso has a long history of other 94c offenses and F/A offenses.  FIOE completed to document interaction.  A103F Ganss / McDonough",0
FC25001236,2025-03-24 18:30:00,,BOSTON,2122,Stopped,Probable Cause," Body Worn Camera, Gun",Passenger Car/ Automobile,1,0,1,0,1,"T/S in relation to I#252023142  Officers were aware that at approx 1:37 PM a 911 Caller stated a Hispanic female in a White Mercedes (MA REG XXXpointed a firearm at her during a road rage incident.   Officers observed the aforementioned m/v traveling down Leedsville Street. Officers stopped the m/v in the area of Dorchester Ave and Leedsville Street.  Op identified as the registered owner (XXX) XXXhas an active MA LTC issued out of Brockton and one registered firearm.  XXXstated she was in fact involved in a road rage incident, but denied ever brandishing a firearm. XXXfurther stated her registered firearm is in storage in Texas. Vehicle and occupant frisked to no avail.   FIO completed per request of the H809 (Detective Downing)  H102F (Garvey/Boyle)",1
FC25006114,2025-11-18 02:52:00,,ROXBURY,2119,Stopped,Probable Cause," Gang, Body Worn Camera",Passenger Car/ Automobile,1,1,0,0,0,"About 2:52 am Officers conducted a traffic stop on Mass Reg: XXXa 2022 gray Honda Accord for failure to stop at a red light (89/9) Operator later identified as XXXXX(Prior F/A, Prior 94C) upon speaking with XXXofficers explained the reason for the stop. XXXwas cordial with Officers and stated he was going to work for the night. XXXstated that the vehicle belongs to his mother. Officers issued a verbal warning for the violation.   Body worn cameras activated   For Intel purposes.   Dorsainvil/Lara B201A",0
FC25003023,2025-06-12 11:15:00,,BOSTON,2119,Stopped,Reasonable Suspicion ," Body Worn Camera, Gang",Passenger Car/ Automobile,1,1,0,0,0,T/S for VALS (90/17)(90/14b) on White Mercedes Benz (MA REG: XXX at XXXWarren Street which resulted in a verbal warning.  Operator:XXX (DOB: XX/XX/XXXXXX prior F/A's and 94C).  Passenger: Unidentified Female   XXXstated to Officers that he does not want to speak with Officers and that he just wanted to get his ticket. XXXwas cordial with Officers throughout the entirety of the traffic stop. The unidentified Female in the passenger seat attempted numerous times to argue with Officers.  FIOE for intel.  B103D (DeLeon Jr/Mason),0
FC25004649,2025-08-27 02:51:00,,BOSTON,2118,Stopped,Probable Cause, Body Worn Camera,Passenger Car/ Automobile,2,2,0,0,1,T/S at Mass Ave and Harrison Ave of a Grey Honda Civic bearing MA XXX Operator identified asXXXand passenger identified as XXXM/V BOLOed for involvement in an armed robbery for a firearm a week prior (8/18/25).  XXXhas an extensive BOP for firearms/ drugs/ Ch90/ and various other violent offenses.  XXXhas an OUI/resisting on her BOP.  M/V was inventoried and towed from the scene. Nothing of note found in the vehicle.  XXXwas Arrested for VALs. Throughout the booking process continued to threaten to assault police.  XXXwas FIOed and released.  D201A (Mallers/Khoshabjian),1
FC25001742,2025-04-19 03:19:00,,DORCHESTER,2122,Stopped,Probable Cause, Body Worn Camera,Passenger Car/ Automobile,1,0,1,0,1,"T/S of 2020 black Tesla Model S (MA REG XXXfor VALS (Unregistered M/V, Unlicensed Operation) at the intersection of Adams St and Centre St, Boston.  OperatorXXX (Bop to include: Trafficking Cocaine 100G or more, Trafficking Cocaine 36G or more, Possession to Distribute Class B, Possession to Distribute Class D, Carrying Dangerous Weapon, and multiple Unlicensed/Insurance violations.  XXXwas confrontational and passive aggressive with officers throughout stop. XXXinitially refused to let officers inventory glove box of vehicle. XXXeventually allowed officers access and provided code to glove box. Glove box code:2014.  Vehicle inventory conducted. Multiple loose panels and compartments located throughout vehicle. Nothing of evidentiary value located inside vehicle. Vehicle towed from scene. XXXto be summonsed to Dorchester court for the violations. Criminal Citation issued to XXX H102A (D. Foley/Zammito)",1
FC25003541,2025-07-07 21:26:00,,DORCHESTER,2121,Stopped,Probable Cause," Body Worn Camera, Gang",Passenger Car/ Automobile,2,2,0,0,2,"About 9:26 PM on Monday, 7/7/2025 Officers observed MA reg. XXXpass them at a high rate of speed in the lane left of officers and turn left from Columbia Road on Washington Street. Officers performed a traffic stop and observed the driver to be XXX (Active XXXPrior F/A) and the passenger to beXXX(Prior Armed Robbery and Armed Assault to Rob).   Officers observed XXXo be staring straight forward, not speaking to officers, and to have labored breathing with heavy chest rises and falls. The passenger was asked if he was in possession of a weapon to which he did not provide a verbal answer, but shook his head no. XXXstated to officers that they were going to Chilicates in the Mission Hill area. Officers believed that the passenger could be in possession of a weapon due to his behavior of avoiding officers and the operators past BOP charges for possession of a firearm and performed an exit order. The driver, passenger and vehicle were pat frisked to no avail. XXXwas also apologizing to officers for his speeding.  Officers mailed a uniform motor vehicle citation due to the printer in Boston Police Cruiser #4210 not functioning.  BK02F (Gelinas/Gannon/Kadey)",1
FC25001716,2025-04-17 17:30:00,,DORCHESTER,2121,Stopped,Reasonable Suspicion ," Other Agency/Unit Notified, Body Worn Camera",Passenger Car/ Automobile,1,0,1,0,1,At 3:55pm on today's date (04/17/2025) a picture of MA REG XXXwas disseminated to District B3 from B3 Detectives looking for a stop and FIO of occupants of this vehicle in relation to involvement with I252021652. Officers observed MA Reg XXXoperating inbound on Blue Hill Ave while at the intersection of Blue Hill Ave and American Legion Hwy. Officers were then able to conduct an investigatory stop of MA REG XXX(2015 Gray Honda CRV) at the intersection of Blue Hill Ave and Wales St.   The driver was identified as:XXX (DOB XX/XX/XXXX-XXXproduced a Florida License (License # F-XXX A CJISWeb Inquiry verified an active license forXXXout of Florida.XXXalso has a MA ID XXX B3 Detectives were notified. Lt Det Fitzgerald (CA81) and Det Dick (C803) responded to the stop.   CK02F (Kennedy / R. Adams),1
FC25001388,2025-04-01 00:00:00,,BOSTON,2110,Stopped,Probable Cause, Body Worn Camera,Passenger Car/ Automobile,1,1,0,0,0,T/S VALS at Summer & Arch - MA REG- XXXRed/Maroon Ford Fusion  Operator / Owner identified as XXX(DOB XX/XX/XXXXOpen charges out of Suffolk Superior Court for Firearms charges (Docket # XXXXXstated he works at XXXSummer Street.  Operator given a verbal warning.  FIO for intel / associate driver with vehicle.   Sheil / Mello,0
FC25004860,2025-09-08 19:12:00,,DORCHESTER,2121,Stopped,Reasonable Suspicion ," Body Worn Camera, Auto Investigator",Suv (sport Utility Vehicle),2,2,0,0,0,"TS (Attached Plates)  Officers stopped a black Jeep Grand Cherokee bearing MA Dealer Plate XXXwhich were actively registered to a different vehicle.  Officers spoke with the operator who identified himself as XXX prior F/A's, Discharging FA, ABDW to wit FA)XXXwas informed that the plates did not match the vehicle to which he stated he just bought it from an auction and then stated he could drive any vehicle with Dealer plates. Officers observed the VIN to be obscured on the windshield as well as what appeared to be an additional MA REG sitting face down on the passenger floor panel. Officers issued an exit order due to the car needing to be towed to which XXXwas initially resistant until other officers arrived on scene. Officers located MA REG XXXinside of the vehicle while conducting an inventory which was registered to XXXand the Jeep. XXXquestioned the validity of the tow several times to which he eventually left the scene without incidentXXXfacetimed his associate XXX who stated that his dealership NEU Motors had recently bought the vehicle from XXXand that NEU Motors owned the Dealer plate XXXwhich contradicted the initial story provided by XXX.  H101F Corcoran/Horan",0
FC25004806,2025-09-04 17:45:00,DEVINE WAY,BOSTON,2127,Stopped,Probable Cause," Juvenile, Body Worn Camera",Suv (sport Utility Vehicle),4,4,0,0,4,Traffic stop for VALs (wrong way on one way) at XXXDevine Way of Honda C-RV (MA Reg XXXOperator identified as XXXopen 94/C). Front passenger identified as XXX (multiple open f/a). Rear passengers identified asXXX. Officers observed multiple individually packaged bags of marijuana scattered throughout the vehicle as well as burnt marijuana cigarettes in middle console. Officers were aware XXXand XXXare juveniles from past interactions. All parties were removed from the vehicle. XXXand XXXfound to be in possession of USC / Marijuana.  Officers advised all parties of Marijuana laws and issued a verbal warning to XXXfor the one way violation.   FIOE and released.,1
FC25004255,2025-08-06 03:06:00,COLUMBIA RD,DORCHESTER,2125,Stopped,Encounter, Body Worn Camera,Passenger Car/ Automobile,4,4,0,0,4,"Traffic stop for defective headlight at XXXColumbia Rd, Dorchester with a 2023 gray Honda Civic (MA reg XXXOccupants wereXXX (driver), XXX(front passenger), XXX(rear right passenger), andXXX (rear driver's side passenger).  XXXkept reaching under his leg as if to reach for a weapon and began visibly shaking. Exit order conducted on all occupants. No weapons seen.  This FIOE is to associate the occupants with the motor vehicle.  FK01A (Hill/Walsh)",1
FC25006489,2025-12-15 15:30:00,ALLSTATE RD,BOSTON,2125,Stopped,Probable Cause," Gun, Body Worn Camera, Warrant Arrest",Passenger Car/ Automobile,2,2,0,0,1,"State Police D Troop Firearm Investigation, active warrant for XXX. Subject was stopped by MSP in the parking garage of South Bay mall. XXX was unlawfully in possession of a Glock 43 firearm and arrested by MSP. MA REG XXXwas being operated by XXXgirlfriend. FIO to link the vehicle to XXX VD13 Moran",1
FC25005194,2025-09-25 01:30:00,BEACH ST,BOSTON,2111,Stopped,Probable Cause,,Passenger Car/ Automobile,1,0,1,0,0,"While conducting a CD19 at the XXXBeach Street parking lot due to community complaints, Officers Patterson and Donlon in the H111A observed a Gray Toyota Corolla (MA XXXparked in the rear of the second lot off of Freeport St.   It should be noted the gate to the lot was open when officers entered the lot.   Officers spoke to Mr. XXX, who is the registered owner of the vehicle. Mr. XXXwas sleeping in the driver's seat of the vehicle when officers approached. Mr. XXXstated he was homeless and has parked his vehicle in this lot on multiple different occasions to sleep at night.  Mr. XXXdid stated that in the past few weeks, when he has parked in the lot, he has seen suspicious activity from other people in that parking lot.   Officers advised Mr. XXXof different resources in which the city provides in order to assist with his living situation. Officers also explained to Mr. XXXhe would not be allowed to park in the lot and should vacate. Mr. XXXleft the lot without incident.",0
FC25004730,2025-09-01 15:32:00,BALFOUR ST,DORCHESTER,2125,Stopped,Reasonable Suspicion , Gang,Passenger Car/ Automobile,4,3,0,1,1,"YVSF intel - VK23  Officers observed MA reg: XXXon Quincy Street driving toward Wayland Street. Officers were aware this was a vehicle often driven by XXX, and knew it to be registered toXXX(suspended license). The vehicle had illegal tint and a totally smashed driver's sideview mirror. Officers conducted a traffic stop as the vehicle turned onto Balfour Street. The operator was identified as XXX(suspended license, open carjacking). XXXwas removed from the vehicle and detained.  During an inventory search prior to towing the vehicle, XXXclaimed the vehicle was his cousin's, and pointed toward a group of XXX gathered around the front entrance to XXXBalfour Street (including XXX claimed control of the vehicle; however, also had a suspended license. XXXproduced an active license (NH), and took custody of the vehicle.   XXXwas advised against driving further and was released.",1
FC25006244,2025-11-25 18:00:00,,BOSTON,2119,Stopped,Reasonable Suspicion , Body Worn Camera,Passenger Car/ Automobile,1,0,1,0,1,"Traffic stop for speeding at XXXstreet and Norfolk streets of MA temp tag XXX  Operator identified as Mr. XXX (Murder, Armed assault, 94C offenses on BOP). It was discovered that the vehicle was also expired.   Mr. XXXwas removed from the vehicle and frisked for weapons as was the vehicle with negative results. XXXstated to the officers that he was currently on Parole and had just left a meeting with his Parole officer.  Mr. XXXwas able to provide paperwork to his vehicle and stated he had not been issued plates for the vehicle yet and was advised not to operate the vehicle until it was properly registered.  verbal warning issued.   BK03F OBRIEN/MCQUAID/GANNON/GELINAS",1
FC25005697,2025-10-21 21:18:00,BARRY ST,BOSTON,2125,Stopped,Probable Cause, Body Worn Camera,Passenger Car/ Automobile,2,1,0,1,0,T/S of MA Reg XXXat XXXBarry St for VALS (90/20 and 90/7). Op identified as XXX (Prior 94C and ABDW). Passenger identified asXXX (Multiple prior F/A and Discharging a F/A). Both parties were cordial with Officers.  Verbal warning issued for VALS  FIOE to associate parties with the vehicle  H425F (Ruane / Dineen),0
FC25000123,2025-01-08 20:18:00,STRATTON ST,BOSTON,2124,Stopped,Reasonable Suspicion , Body Worn Camera,Passenger Car/ Automobile,1,1,0,0,0,"T/S of MD Reg XXX(third party rental) for speeding (90/17) in front of XXXStratton Street, Dorchester. The Operator, identified as XXX DOB: XX/XX/XXXXXXX), was extremely angry because she was late to pick up her child in the Franklyn Hill Complex. The Operator said she uses this motor vehicle because she does not have another.  Written warning issued.  FIO to associate the Operator to the motor vehicle and area.  Araujo/Fantaroni",0
FC25000872,2025-03-03 21:17:00,CUMMINS HWY,MATTAPAN,2126,Stopped,Probable Cause," Body Worn Camera, Other Agency/Unit Notified, Auto Investigator",Passenger Car/ Automobile,2,2,0,0,2,TS of MA REG XXX(2013 White BMW Convertible) at XXXCummins Hwy for Attached Plates (MGL Ch 90 s23) and Unregister MV (MGL Ch 90 s9).  Operator was identified as XXXDOB XX/XX/XXXX(41 hits on BOP including prior 94c)  Front Passenger identified asXXX DOB XX/XX/XXXX(subject of multiple prior Person with a Gun calls including one in the Mattapan Square area where 2 firearms were recovered)  Both XXXand XXXwere issued exit orders from the vehicle and pat frisked for weapons which yielded negative results.  XXXwas issued Citation XXXon scene and subsequently summonsed for the VALs with MA REG XXXbeing towed.  FIO completed to document the relationship between XXXand XXX C660F (Kennedy),1
FC25000387,2025-01-27 14:37:00,HYDE PARK AVE,HYDE PARK,2136,Stopped,"Intel, Probable Cause"," Juvenile, School, Gun, Body Worn Camera",Suv (sport Utility Vehicle),2,2,0,0,1,"About 2:38pm on January 27, 2025, Officers in the L202D, along with assisting units, L101D, LT55D, L411D, L412D, responded to a radio call for a FIGHT at XXXMETROPOLITAN AVE HP BSTN: @SCH-ANOTHER COURSE TO COLLEGE. E-18 Patrol Supervisor on scene. Officers requested Boston School Police over channel 4.   Officers were then notified via radio that an individual driving a Jeep, partial plate XXXhad driven by some of the students and flashed a gun.   Officers intersected this motor vehicle dark gray Jeep, MA Reg. XXXin the area of Hyde Park Avenue and Collins Street, Hyde Park, MA.   Operator identified as XXX) frisked and yield tan BB-gun . And front passenger seat identified as XXX(MA Lic. XXXBB-Gun logged by E-18 Detectives. FIOEd and released on scene. Additional information on 1.1. Both subjects were queried through CJIS.",1
FC25004582,2025-08-21 22:45:00,AMORY AVE,ROXBURY,2119,Stopped,Reasonable Suspicion , Body Worn Camera,Suv (sport Utility Vehicle),3,3,0,0,3,"About 10:45 pm, on Thursday, 08/22/25, while on uniformed patrol officers responded to a ShotSpotter Activation at XXXAcademy Rd, Roxbury.   Officers were informed prior to the shooting a black SUV had been driving up and down Columbus Ave with their headlights off, driving down the middle bus lane. While searching the area for potential suspects, officers observed a black Nissan Rogue bearing RI/REG: XXXrunning unoccupied.   Let it be known that B2 detectives went over the Channel 3 broadcasting that they observed 3 males run across Columbus Ave after the ShotSpotter had activated.   Officers then observed 3 individuals enter the vehicle, due to the vehicle being in close proximity of the shooting officers then activated their blue lights and initiated a stop. Due to the occupants being possibly armed and dangerous, officers issued an exit order, and all parties were frisked to no avail.   Officers ID'd all occupants being XXX (Prior firearms and assault to murder),XXX (Prior firearms and armed robbery), andXXX  FIO'd for intel and released.   B103F (Patten/Cooper)",1
FC25003486,2025-07-03 15:00:00,HOMES AVE,DORCHESTER,2122,Stopped,Probable Cause, Body Worn Camera,Passenger Car/ Automobile,1,1,0,0,1,"YVSF TS 7-3-25 15:31 in the area ofXXXHomes Ave for excessive window tint and the registered owner to have a non-renewable expired license.  Officers observed XXXin violation of the VALS mentioned above. Officers stopped the vehicle in the area ofXXXHomes Ave. Officers asked the registered owner and sole occupant, Mr. XXX, to exit the car because he was unable to operate a motor vehicle legally. XXXstated he did not want to come out of the car. Officers gave multiple verbal commands for XXXto step out of the vehicle willfully, which he refused. He began making a phone call. Officers escorted XXXout of the car, and he began resisting by tensing his arms away from officers. Officers detained XXXin handcuffs. XXXmother arrived on the scene and called a licensed driver, who was able to take custody of the vehicle. (XXX.   XXXwas issued a verbal warning for driving with an expired license. He was issued a written warning for not having a registration in his possession and 17% window tints that were measured.",1
FC25003784,2025-07-13 00:00:00,,DORCHESTER,2124,Stopped,Reasonable Suspicion , Body Worn Camera,Passenger Car/ Automobile,2,1,1,0,1,"R/C for a person with a gun at XXXTalbot Ave.  Caller stated a black male wearing a white t-shirt grabbed his waistband like he had a gun when the caller asked them to turn their music down then entered a red sedan.   Upon arrival, officers observed a red Honda Accord MA reg. XXXcompleting a U-turn and parking in the intersection of Talbot Ave and Helen St. Officers observed the driver to be a black male wearing a white t-shirt.   Officers activated their lights and stopped the vehicle.   Operator: XXX (DOB XX/XX/XXXX// Prior Armed Robberies)   Officers frisked XXXand his vehicle to no avail. XXX // Prior F/A) was on scene recording officers and challenging them.   XXX advised of the nature of the call and told to leave the area.   Layden/McCarty",1
FC25000144,2025-01-10 11:24:00,GENEVA AVE,DORCHESTER,2121,Stopped,Probable Cause, Body Worn Camera,Passenger Car/ Automobile,2,2,0,0,0,"While on patrol in the area of Geneva Avenue, Officers M. Horan and D. Kennedy conducted a traffic stop of a black 2012 Nissan Sentra (MA/REG XXXfor a failure to yield/stop (89/9) at a redlight at the intersection of Geneva Avenue and Olney Street (P250014741)  Officer Horan made contact with the operator of the motor vehicle, XXX (DOB XX/XX/XXXXwhile Officer D. Kennedy made contact with the passenger,XXX (DOB XX/XX/XXXXHe was attempting to conceal his face with a ski mask by continually pulling it above his nose.  A CJIS inquiry revealed XXXto have home invasion, firearms charges and breaking and entering chargers on his BOP.  FIO completed for intel.",0
FC25005969,2025-11-07 00:00:00,,BOSTON,2126,Stopped,Reasonable Suspicion , Body Worn Camera,Passenger Car/ Automobile,3,3,0,0,0,"Traffic Stop for failure to stop at a red light at Morton Street and West Selden Street.   Vehicle: 2025 Black Nissan Sentra (Maine Reg, XXX Operator: XXX(DOB, XX/XX/XXXXprior firearms charges.  Front Passenger:XXXOB, XX/XX/XXXXPrior possession of controlled substance.   Rear Passenger :XXX XX/XX/XXXXprior firearms charges.   Verbal warning issued.  C660F (Santana & Coppinger)",0
FC25006251,2025-11-26 12:00:00,,BOSTON,2124,Stopped,Reasonable Suspicion ,,Suv (sport Utility Vehicle),2,1,0,1,2,"Officers conducted a traffic stop for improper U-turn on Washington St and Wheatland Ave, in front of Dorchester District Court on a 2024 gray Dodge Durango bearing FL registration XXX  Officers while inside of Dorchester District Court observed this vehicle stop at Wheatland Ave and Washington St and XXX XX/XX/XXXX// open firearm violations) exit the vehicle and have a brief conversation with an unknown male outside at the corner of Wheatland Ave and Washington St. XXXproceeded into the courthouse and the unknown party walked toward Dunlap St. Officers continued to monitor the operator of the vehicle, later identified as XXX XXXXX/XX/XXXX// previous firearm convictions), who exited the driver side and positioned himself at the open passenger side door. Officers observed the XXX XXXto be on the phone and very hypervigilant of his surroundings, continuously monitoring the vehicle and foot traffic in the front of Dorchester District Court.   Officers inside the court requested assistance in monitoring the vehicle, due to a large presenceXXXnside of Dorchester District Court and fearing there may be violence that stems from them encountering rival gang associates.  Officers then observed XXX re-enter the rear passenger side of the vehicle, and it conduct an illegal U-Turn in front of Dorchester District Court toward Park St. Officers conducted a traffic stop for the violations, and observed XXX to be very nervous of his surroundings while being stopped, making reference if Officers seeing a moped that drove by their location.   Based on the above, the occupants were removed from the vehicle and frisked yielding negative results.   MA Uniform Citation Issued XXXImproper Turn.   CK02D (O'Connor/Griffiths) & CK01F (Coyne)",1
FC25003825,2025-07-19 17:20:00,CLIFTON ST,ROXBURY,2119,Stopped,Reasonable Suspicion , Body Worn Camera,Passenger Car/ Automobile,2,2,0,0,2,"About 5:20 PM on Saturday, 7/19/2025 Officers performed a traffic stop for failure to stop at a stop sign on MA reg. XXXand observed the driver to be XXX(prior F/A)and the front seat passenger to be XXX (prior ABPO). XXXand XXXwere observed to be breathing heavily while ignoring officer's questions. XXXwas observed to be avoiding eye contact and turning a phone charger in what appeared to be an attempt to calm himself while in the presence of officers. Officers also observed both occupants to be moving around the car prior to exiting their cruiser. Officers believing the occupants could be armed performed an exit ordered and pat frisked both occupants and the vehicle to negative results. Occupants released with a written warning. warning mailed to XXXdue to printer not functioning in cruiser.  BK02F (Kadey/Gelinas) B104F (Gilmore/ Bertocchi)",1
FC25003136,2025-06-18 02:44:00,,SOUTH BOSTON,2127,Stopped,Probable Cause,,Passenger Car/ Automobile,4,4,0,0,0,"2:44AM T/Stop of MA Reg XXX(No Front Plate 90/6) at L St/ E Broadway.   Op:XXX (prior 94c)   Pass. XXX(Prior A&B, B&E Night)  *XXXont plate by MSP.   It should be noted officers did observe a Portland Trailblazers hat on the rear of the vehicle, which is commonly associated with XXX None of the occupants have active association with XXX   Verbal warning for VALS. FIO'd to associate with the vehicle and the area.   FK01A (Walsh/Hill)",0
FC25000465,2025-02-01 00:00:00,,ROXBURY,2119,Stopped,Probable Cause, Body Worn Camera,Suv (sport Utility Vehicle),1,1,0,0,1,"Traffic Stop on 02/01/25 for expired inspection sticker on 2010 gray Mercedes-Benz El-class SUV at Massachusetts Ave/Peirson St, Roxbury.  Driver/sole occupant XXX stated officers made him feel nervous and stated officers should search the vehicle. A CJIS inquiry also revealed a suspended license. Exit order issued. Suspect and motor vehicle searched. Suspect was notified to get license in order. Motor vehicle was parked in legal parking spot.  This FIOE is to associate the suspect with the motor vehicle.  FK01A (Hill/Walsh)",1
FC25001378,2025-04-01 00:00:00,,DORCHESTER,2125,Stopped,Reasonable Suspicion ," Drugs, Body Worn Camera, Gun, Gang",Suv (sport Utility Vehicle),1,0,0,1,1,"T/S at Mascoma Street and Quincy Street on a black Toyota SUV (MA REG XXXfor speed greater than reasonable.   Op - XXX(Active VNF / Prior F/A)  Officers observed the vehicle speeding, approaching, then going through the light at the intersection of Quincy Street and Blue Hill Ave. Officers activated the lights in order to conduct a traffic stop, the subject slow rolled the vehicle approximately 150 feet before coming to a complete stop. The subject was irate from the beginning of the interaction, his hands were trembling when giving his license and the muscles in his face were twitching seemingly uncontrollably. Due to the above observations above officers issued an exit order and a pat frisk of the subject. Officers felt a large bulge in the subject's pocket which was a large sum on money. Pat frisk of the vehicle also yielded negative results.  Verbal warning issued for speeding violation  FIO to document interaction   B103F (DeLuca/Donovan)",1
FC25000190,2025-01-13 02:11:00,,SOUTH BOSTON,2127,Stopped,Probable Cause, Body Worn Camera,Passenger Car/ Automobile,3,1,1,1,1,"2:11AM T-Stop for VALS (Speeding 90/17) of MA REG XXXGray Toyota Camry at Old Colony Ave and O'Callahan Way.  OpXXX(No BOP)  Passenger (s):    *XXXNo BOP)  *XXX(Prior F/A)  All parties were verbally confrontational with officers during the stop, stating they were just stopped earlier in the night. Mr. XXXwas frisked for weapons to no avail.   Verbal warning issued for VALS.   FIO'd to associate with the vehicle and the area.   FK01A (Walsh/Hill)",1
FC25005877,2025-11-02 16:00:00,ELDON ST,BOSTON,2121,Stopped,Reasonable Suspicion , Body Worn Camera,Passenger Car/ Automobile,1,1,0,0,1,"T/S of 2020 Gray BMW 330XI bearing MA REG XXXfor (90/6) (90D/9D) at XXXEldon Street. CJIS inquiry revealed 131 entries with multiple remarks requesting an FIO of the operator from MA state police.  Operator: XXX - Prior F/A, Open F/A and ABDW.  Due to observations operator and vehicle frisked to no avail.   FIO for intel  Cox/ D'addieco",1
FC25002807,2025-06-02 13:41:00,,ROXBURY,2119,Stopped,Probable Cause, Gang,Suv (sport Utility Vehicle),5,5,0,0,3,"YVSF intel - VK23  Officers observed MA reg: XXXidling at the intersection of Roxbury Street and Washington Street. This vehicle is known to be registered toXXX. A CJIS check of the vehicle revealed its registration was revoked due to lack of insurance. Officers drove by the vehicle and observed that XXXbrother of XXX and XXX was the operator.   A traffic stop was conducted without incident. Immediately upon the vehicle being stopped, XXX walked over and attempted to call officers over to them, in what was believed to be a distraction attempt.   The front passenger of the vehicle was observed to be XXX(open gun), and the rear passenger was observed to beXXX(DYS comitted). As XXXopened the glove compartment, a large bag of marijuana (over an ounce) fell out, followed shortly by a digital scale and a box of sandwhich bags.   Given the clear evidence of marijuana distribution, XXXand his companions were removed from the vehicle without incident. A search of the vehicle for further evidence of drug distribution yielded negative results. XXXwas advised to informXXX to insure his vehicle, and refrain from distributing marijuana. All were FIO'd and released.",1
FC25005955,2025-11-06 20:31:00,ALPHA RD,DORCHESTER,2124,Stopped,Probable Cause, Body Worn Camera,Passenger Car/ Automobile,1,0,0,1,1,"Officers were on patrol and observed 2014 White Hyndai sedan (MA REG: XXXpull over onto the side of the road on Bowdoin Street and wait for Officers emergency vehicle to pass by.  Officers observed the vehicle again on Greenbrier Street and the operator began to drive at increased rate of speed until he took a left on Alpha Road and pulled over again without Officers activating their lights and sirens.   Officers performed a CJIS inquiry of the vehicle which revealed attached plates and a revoked registration for the vehicle.  Officers then conducted a traffic stop of the vehicle to which the operator identified himself asXXX (Prior F/A on BOP). Officers inquired to where the suspected was travelling to which he stated he was heading home to Euclid Street from getting food. Officers knew that the route Mr. XXXwas in the opposite direction of his destination that he told Officers about. Officers also asked Mr. XXXfor a registration to which he stated he didn't have one and refused to look for one possibly located inside of the vehicle. Officers also noticed a fanny pack around the suspect and the suspect appeared to be trying to conceal it from Officers.   An exit ordered was issued and Officers conducted a pat frisk of Mr. XXXfor weapons to no avail. Officers then conducted a inventory search of the vehicle prior to a tow, which yielded negative results for any items of value.   The suspect was summonsed to Dorchester District court for VALS.  FIOE to document suspect behavior and associate him with the abv vehicle.  H102F (T. Dineen and Ruane).",1
FC25006662,2025-12-29 10:13:00,,BOSTON,2108,Stopped,Reasonable Suspicion , Body Worn Camera,Passenger Car/ Automobile,1,1,0,0,1,"On 12/29/25 at approximately 10:13 am, Officers stopped MA reg XXXfor an illegal u turn violation in the area of Tremont st and Cambridge St.   Operating the motor vehicle was the registered ownerXXX (DOB XXXhad multiple narcotics and FA violations on the BOP. CJIS Web query of the motor vehicle stated that the registration was SUSPENDED. Based on the results of CJIS Web Officers exited XXXand began an inventory for a tow.   XXXexplained to Officers that the reason it was suspended was due to failure to pay child support, but he had just paid it. XXXshowed Officers an email receipt stating that he had paid. To not further burden XXXwith financial hardships, Officers told XXXto immediately contact the registry of motor vehicles so that his registration would no longer be suspended. XXXwas asked to leave the vehicle parked until the issue with the registry was resolved.   XXXwas released and FIO completed to document the encounter",1
FC25001308,2025-03-27 20:38:00,STUART ST,BOSTON,2116,Stopped,Probable Cause," Body Worn Camera, Gang",Passenger Car/ Automobile,1,0,1,0,1,"YVSF TS XXXStuart St 8:38PM  Officers observed MA REG XXXswitch lanes without a signal in an unsafe manner at this location. This location is highly congested with traffic. Officers stopped the vehicle and made contact with the driver. The driver wasXXX memberXXXbegan the stop confrontation. Officers informed him that his license was suspended and that he was subject to arrest. Officers did place XXXinto handcuffs. Immediately, XXXbehavior was de-escalated. He was adamant and reasonable that he had no idea his license status was suspended. He informed the officers that he was currently working. To avoid financial hardship and due to XXXde-escalated behavior, he was released from handcuffs. He stated he understood Officers. Officers advised XXXto have someone else drive the car until his license was squared away, which he acknowledged.  XXXwas wearing XXXs"" sweatpants, which is the known record label of multiple members of theXXX Officers inquired with XXXabout ""XXX (XXX), and XXXacknowledged that XXXwas ""doing well.""  VK10",1
FC25001272,2025-03-26 12:30:00,WASHINGTON ST,BOSTON,2111,Stopped,Probable Cause, Body Worn Camera,Passenger Car/ Automobile,1,1,0,0,0,"At 12:30 PM on 3/26/25, Officers stopped a grey, 2012 Honda Accord (MA reg. XXXfor VALs (heavy tint) at XXXWashington Street by Tufts Medical Center.   Operator identified as owner, XXX (DOB XX/XX/XXXX- prior class b distribution charges out of Dorchester, firearm charge out of Dorchester, multiple VALs out of Dorchester, Quincy and Brockton, and prior class b distribution convictions out of Boston.  XXXstated he currently works at MIT (Facilities) and has been there for fifteen years.   Officers had observed XXXprior to the stop driving around Chinatown.  FIOE'd to associate XXXto vehicle and downtown Boston.   Ostholthoff/McCullough (AK01D)",0
