fc_num,contact_date,street,city,zip,circumstance,basis,key_situations,vehicle_type,n_people,n_black,n_white,n_other,n_frisked,narrative,was_frisked
FC24005077,2024-12-27 18:15:00.0000000,,DORCHESTER,2125,Stopped,Reasonable Suspicion ,Body Worn Camera,Passenger Car/ Automobile,2,1,1,0,1,"TS for VALS (speeding / defective headlight) MA REG: XXXat the intersection at Hancock Street and Wheelock Ave, Dorchester

Op: XXX(DOB: XX/XX/XXXXOpen Armed Robbery (Firearm)

Front Pass:XXX (DOB: XX/XX/XXXX
Officers observed the following recent CJIS remarks:

XXX
Officers observed XXXexit the vehicle and walk into Boston Pizza & Grill in an attempt to avoid the Officers. Officers were able to detain XXXand get his identification. XXXwas pat frisked to no avail. XXXstated he just got the vehicle from his brother XXX XXXwas confrontational and argumentative on scene. Officers conducted a pat frisk of the MV which resulted in negative results. CJIS inquiry revealed XXXand XXXdid not have an active DL. The vehicle was legally parked and both parties were released from the scene.

MSP and Milford Police were notified.

BK01F/BK02F (Kadey/Kovaleski/Gannon/Gelinas)",1
FC21000606,2021-02-23 17:45:00,COLUMBIA RD,DORCHESTER,2125,Stopped,Probable Cause,,Passenger Car/ Automobile,1,1,0,0,1,"On 02/23/2021 officers initiated M/V stop of a 2002 black BMW XXX(MA REG: XXXat the intersection of Columbia Rd and Bird St. Occupant identified as XXX (DOB: XX/XX/XXXXwho has past F/A and 94C charges out of Georgia. XXXalso had suspended license. M/V frisked to no avail.

XXXto be summonsed out of Dorchester District Court.

H103F (O. Russell/Foley)",1
FC23002997,2023-06-13 01:00:00.0000000,,DORCHESTER,2124,Stopped,Probable Cause, Body Worn Camera,Passenger Car/ Automobile,1,1,0,0,0,"Tstop for VALS (excessive window tint) of MA REG: XXXat Geneva Ave & Dakota St, Dorchester.

Op identified asXXX Prior F/A's - Active Mission associate).

Op was calm & cordial throughout stop.

Written Citation issued to owner of the vehicle for excessive window tint.

FIO'D to associate occupant with m/v.

H435A (Champagnie).",0
FC23005431,2023-11-16 18:52:00.0000000,BLUE HILL AVE,DORCHESTER,2126,Stopped,Probable Cause, Body Worn Camera,Passenger Car/ Automobile,3,2,1,0,1,"T/S Black Mercades E-Class (NH REG XXXfor failure to signal (90/14B) at Blue Hill Avenue and Morton Street.

Operator identified as XXX XX/XX/XXXXprior F/A's. 

Front passenger identified as XXX XX/XX/XXXXPrior ammunition charge on 11/04/23.

Rear passenger identified asXXX XX/XX/XXXXMultiple prior F/A's and has been observed with Mission Hill gang members XXXand XXX.

XXXwas observed pinning a fanny pack between his left upper arm and chest.

Officers observed that the seat in front of XXXwas pushed all the way back covering the lower half of his body and he refused to make eye contact with officers as he continuously scrolled through his phone.

Occupants removed, XXXand the vehicle were frisked yielding negative results. 

Officers allowedXXX to operate the vehicle after verifying he possessed a valid driver's license.

All three occupants were cordial throughout the stop.

XXX cited for suspended operation of MV.

C654F/C655F M.Foley/Murray",1
FC22000544,2022-02-14 00:00:00,,BOSTON,2111,Stopped,Probable Cause,,Passenger Car/ Automobile,1,1,0,0,1,"TS for VALS MA REG: XXXat Essex and Oxford Street. (Heavy Tint) (No front plate)

Operator - XXX DOB: XX/XX/XXXX(Wendover Associate)

Multiple Firearms on BOP.

XXXrefused to lower the passengers side window of the vehicle and cracked the drivers side window. Officers were unable to fully observe if any other occupants were in the rear of the vehicle. XXXprovided officers with an active license but was extremely confrontational during the stop. 

For Officer safety Officers ordered XXXout of the vehicle. He locked all the doors and initially refused to step out of the car. Multiple units arrived on scene and XXXwas safely removed and placed in cuffs pending investigation.

Officers conducted a pat frisk of the interior of the vehicle yielding negative results.

Massachusetts Uniform citation issued on scene. XXX
AK01A (Entwistle/Rooney)",1
FC20004238,2020-08-17 08:42:00,GREENWICH ST,ROXBURY,2120,Stopped,Probable Cause," Body Worn Camera, Gang",Passenger Car/ Automobile,1,1,0,0,1,"08/17/2020 8:42AM Officer conducted TS for NJREG#XXX at 9 Greenwich St.

Active Primary Lenox Gang member (XXX) driving rental NJREG#XXX, no license. XXX) robbery and F/A charges on BOP. FIO'd numerous times in this area for drug and F/A activity (Lenox Project Development) 

Suspect to be charged in Rox. District court. 

D411D Fullam R",1
FC21003817,2021-09-27 19:35:00,DEWOLF ST,BOSTON,2125,Stopped,Probable Cause,,Passenger Car/ Automobile,2,0,0,2,2,"T/S for VALs (failure to use turn signal) of MA REG XXXat Hancock Street and Dewolf Street.

CJIS 'recent inquiries section' listed above vehicle as a suspect vehicle in relation to a shooting that took place in Lawrence on North Parish Rd. on 08/28/2021.

Driver/owner identified as XXX Passenger Identified asXXX.

Occupants and vehicle frisked for weapons to no avail. Officers located a natural void behind the back-middle seat cup holder area as well as the rear passenger door panel. 

XXXstated he heard about a shooting in Lawrence further stating ""it was a car that looked like this but it wasn't mine"" Officers inquired where he heard about the vehicle description to which he replied his friends told him.

Lawrence PD/Detectives notified during stop. 

FIO'd and released.

HK01F (Foley/O. Russell)",1
FC21004196,2021-10-27 20:17:00,COTTAGE ST,EAST BOSTON,2128,Stopped,Probable Cause,,Passenger Car/ Automobile,1,1,0,0,1,"About 8:17 pm on Wednesday, October 27th, 2021, Officers Doran and Pels, while riding through the rear of XXXCottage Street observed a tinted Gray sedan parked inside a school parking lot. a query through CJIS showed that the MV, XXXwas registered to XXX, Active Maverick street member with past firearm charges. as officer approached the MV, Officer Pels observed a knife in between XXXandXXX, another active Maverick Street Gang Member. The knife was found to be a spring loaded knife. 

Officers issued an exit order. 

No other weapons were found inside the motor vehicle or on the parties.

XXX will be summonsed to East Boston District Court for Possession of a Dangerous Weapon(I#212078495)",1
FC21000329,2021-02-02 23:25:00,FRANKLIN HILL AVE,DORCHESTER,2124,Stopped,Probable Cause,,Passenger Car/ Automobile,2,1,1,0,0,"About 11:25 PM, on Tuesday 02/03/2021, Officer Wheeler conducted a traffic stop of MA Reg. XXXfor VALS (excessive tint) in the area of 37 Franklin Hill Avenue.

Operator / owner identified as XXX (DOB: XX/XX/XXXXprior F/A) who advised that he has a certification from the RMV for the window tints but he did not have it in his possession.

Passenger identified as XXX (DOB: XX/XX/XXXXXXX has a limited BOP but was stopped by the E5 Drug Unit in April of 2020 after a call for shots fired at Healy Field. 

Verbal warning given for window tints. Parties FIO'd & released.",0
FC20002795,2020-05-22 21:50:00,MARKET ST,BRIGHTON,2135,Stopped,Reasonable Suspicion ,,Pickup Truck,1,0,1,0,0,"At about 9:50 pm on Friday May 22, 2020, Sgt. Geoghegan observed a white GMC pick-up truck, MA XXX, on Chestnut Hill Ave, with a new looking red scooter in the bed of the truck along with two motorcycle ramps. Due to the recent uptick in scooter thefts in the Allston-Brighton area, a motor vehicle stop was conducted to inquire about the ownership of the scooter.

Sgt. Geoghegan met with the operator of the truck, XXX XX/XX/XXXXand asked if he was the owner of the scooter and he stated that he was not the owner. XXXadded that he just picked up the scooter from his friend, XXX XXX and he was going to perform some repairs at his shop in Waltham. Sgt. Geoghegan asked XXXif he had the keys and he produced the scooter keys and confirmed they were for the scooter in the bed of the truck.

XXXis the owner ofXXX in Waltham and works on and tows scooters, motorcycles, mopeds, and dirt bikes. He stated that he frequently gets ""trade-ins"" from people at his shop without seeking proof of ownership. He was advised that he should be verifying ownership from anyone seeking service, trade-ins, or tows.

XXXhas 1 on BOP for A&B and 3 juvenile entries for poss. class D, leaving scene prop., carrying dangerous weapon, and an lengthy driver history.",0
FC24001867,2024-04-30 22:26:00.0000000,NORTHAMPTON ST,ROXBURY,2118,Stopped,Reasonable Suspicion ,Body Worn Camera,Passenger Car/ Automobile,1,1,0,0,0,"R/C for a fight in progress between a male and female at XXXHarrison Avenue. 

Officers observed a black male later identified asXXX (DOB XX/XX/XXXXoperating a black Nissan Sentra (MA REG XXXat XXXNorthampton Street. XXX, 80 entries on BOP, multiple f/a.

XXXand the vehicle matched the description of one of the parties involved in the fight. Officers conducted a traffic stop outside of XXXNorthampton. XXXstated that he was with a female but that they were not involved in a fight and that he did not know her name. When asked about his relationship with the female he stated that he, ""didn't know"" if they were in a dating relationship. Officers were unable to locate the victim or identify her. XXXwas released and FIO'd for intel purposes.

D205F (Mulrean/Williams)",0
FC21003540,2021-09-10 11:20:00,HORADAN WAY,BOSTON,2120,Stopped,"Probable Cause, Reasonable Suspicion ",,Suv (sport Utility Vehicle),5,5,0,0,5,"Youth Violence Strike Force Invest.

Officers encountered a group at the rear of 9A Horadan Way by the staircase and wheel chair ramp of the building. Officers were equipped with the knowledge that the District B-2 Community Service Office has received numerous citizens complaints regarding this area. The group was smoking Marijuana. Officers encountered the group members who consisted of XXX, XXX XXX,XXXand,XXX. A firearm was recovered in the area near this group (Reference I#212064536). This investigation is active and still ongoing.",1
FC21003843,2021-09-29 16:57:00,,DORCHESTER,2124,Stopped,Reasonable Suspicion ,,Passenger Car/ Automobile,1,0,1,0,0,"Officers responded to a R/C for possible Lewd and Lascivious behavior at Fellsway Street and Milton Street, Dorchester. Witnesses stated that the Suspect XXX appeared to be masturbating in his parked vehicle (MA reg. XXXXXXstated that he was a private contractor doing work for the MBTA. XXXstated that he had urinated himself and was attempting to dry off. XXXleft the area without incident. (I212070283).

HK01F (Woods/Russell)",0
FC25004341,2025-08-09 13:44:00,MOUNT EVERETT ST,DORCHESTER,2125,Stopped,Reasonable Suspicion ," Moped, Body Worn Camera",Moped,1,0,1,0,0,"About 1:44 Am, Saturday, August 9, 2025, Officer Q. Nguyen/Officer D. Kennedy (HK01D) stopped the subject in the rear of XXXMt Everett St, for operating a XXXon a public way without an affixed plate.   The subject was released with the XXXPhotos of XXXwas added to FIOe",0
FC23001040,2023-02-25 00:00:00.0000000,FISHER AVE,ROXBURY,2120,Stopped,Reasonable Suspicion ," Body Worn Camera, Gang",Passenger Car/ Automobile,2,2,0,0,2,"T stop at hayden and fisher ave following a shotspotter incident within the Heath street development of XXX
Operator XXX (Active Mission, prior F/A)

Passenger - XXX (Active Mision, prior f/a)

Both occupants removed and frisked with negative results. It should be known upon seeing the officers vehicle the above vehicle came to a stop on Hayden, and slowly reversed back down Hayden before pulling up to Fisher Ave. Officers canvassed the immediate area and located 2 discarded blue latex gloves sitting on top of the snow.

It should also be known that XXX was extremely calm and compliant with officers, which is unusual behavior compared to past interactions.

Both occupants stated that they were coming from their friends house.XXX currently resides at XXXLawn street.

BK01F/BK02F OBRIEN/CUBARNEY/KERRIGAN/BERTOCCHI",1
FC22001196,2022-03-30 01:05:00,,BOSTON,2118,Stopped,Probable Cause,,Passenger Car/ Automobile,4,4,0,0,0,"Officers Keenan and LaRosa (DK01A) conducted a motor vehicle stop for VALs at the corner of Melnea Cass Boulevard and Tremont Street. Officers observed a yellow/tan Honda Accord bearing Massachusetts Registration XXXwith no inspection sticker.

Officers observed XXX (DOB XX/XX/XXXXdriving the vehicle. Officers observed the registered owner of the vehicle XXXXX/XX/XXXXin the front passenger seat. Officers observed XXX XX/XX/XXXXin the rear passenger seat. XXXcurrently has a suspended license and an open case for possession of a firearm without a license. XXXalso has an extensive BOP with multiple possession of a firearm without a license charges. 

Officers determined due to multiple factors including license status that no individual was able to drive the vehicle away from the scene. XXXthen called his friend XXXXX/XX/XXXXto come pick up the car. XXXhas an active license and is currently on probation in Suffolk Juvenile Court. XXXhas several charges of Unarmed Robbery on his BOP.",0
FC23002307,2023-05-05 00:00:00.0000000,FARRINGTON AVE,BRIGHTON,2134,Stopped,Reasonable Suspicion ,,Suv (sport Utility Vehicle),1,1,0,0,1,"On Friday, May 5th, 2023, members of the D14 DCU, under the direct supervision of Sgt. Det. DeLeon, were conducting drug observations in the area of XXX Farrington Avenue, Allston. Officers are familiar with this area from past drug incidents, arrests, search warrants and multiple community complaints for drug activity. 

Officers observed a black male (later identified as XXX), wearing a black hooded sweatshirt and grey sweatpants walking in the direction of XXX Farrington Avenue. Officers observed XXX to appear to be speaking into his phone and looking towards the front door of XXX Farrington Avenue. XXX then walked towards the front door of XXX Farrington Avenue and was let inside by a black male. 

After approximately 5 minutes, XXX was observed to exit the front door of XXX Farrington Avenue and enter the driver seat of a white Toyota Highlander (MA XXX) Based on officers training and experience, they believed a drug transaction had taken place. 

Officers kept surveillance on the Toyota, and requested assistance of a marked cruiser to conduct a traffic stop. The Toyota entered onto the Mass Turnpike east bound, and took exit 133 at the Prudential Center. At this time the D908 (Aziz) conducted a traffic stop at Huntington Avenue and Belvidere Street. 

Officers made contact with XXX who stated to officers that he was coming from Jim's Deli in Brighton. At this time XXX was read his Miranda Rights, in which he stated he understood. 

Officers informed XXX of their observations, and XXX initially again stated to officers he did not stop anywhere except Jim's Deli. When officers told XXX they observed him enter XXX Farrington Avenue, XXX now told officers he stopped to have sex with a friend at XXX Farrington Avenue. 

Post Miranda, XXX gave officers consent to search both his person and his vehicle. A search of both yielded negative results and XXXwas released forthwith.",1
FC23003900,2023-08-11 01:30:00.0000000,,DORCHESTER,2125,Stopped,Reasonable Suspicion ," Body Worn Camera, Gang",Passenger Car/ Automobile,2,1,0,1,0,"TS of rental vehicle bearing IL Reg XXXparked in Playstead Park. Operator XXX- Active Castle Square associate. Officers noted a large Chicago Cubs logo tattooed on the front of XXXneck to which he stated he was a fan of the baseball team. Passenger XXX stated she was XXXsignificant other.

Both parties cordial throughout. Officers advised of no parking regulations.

HK01A (MacLeod/Ruane)",0
FC25004851,2025-09-08 15:15:00,WELLES AVE,DORCHESTER,2124,Stopped,"Intel, Probable Cause", Body Worn Camera,Passenger Car/ Automobile,2,2,0,0,1,"About 2:11 PM, Monday, 09/08/2025,XXX was stopped for operating after a suspended license in Ma Reg XXX(Gray Infin SUV). XXXwas summoned and cited for the violation. XXXr) arrived on scene in Ma Reg XXX(Gray Nissan Alt) and took custody of the vehicle. Both parties have a history of F/A incidents; XXXhas one charge of discharging a F/A. For further see I# 252074865.  FIO completed for Intel and Officer Safety. (P.O. D. Kennedy / P.O. J. Pena)",1
FC23000611,2023-02-01 00:39:00.0000000,,BOSTON,2109,Stopped,Encounter, Body Worn Camera,Passenger Car/ Automobile,1,1,0,0,0,"T Stop for VALS at Hanover St./Cross St., Boston.

Officer pulled over (MA REG: XXX

Driver identified as XXX DOB: XX/XX/XXXXXXX has an open Rape case out of Middlesex Superior Court.

BWC activated.

A435A (Grady).",0
FC23000041,2023-01-02 10:00:00.0000000,,BOSTON,2124,Stopped,Reasonable Suspicion , Gang,Passenger Car/ Automobile,2,2,0,0,2,"Officers conducted a traffic stop for excessive tint on a 2010 grey Honda Accord bearing MA registration XXX

Operator:XXX(XXX // prior F/A violations)

Passenger: XXX (XXX // prior F/A violations)

As Officers stopped the vehicle both occupants immediately exited the vehicle attempting to speak with Officers. Officers were aware that XXX was arrested on 12/30/22 for assault by means on a firearm at XXXTalbot Ave. Officers frisked occupants based on their behaviors during the interaction yielding negative results. 

Verbal warning issued for the violations.

CK01D (O'Connor/Griffiths/O'Toole)",1
FC22001123,2022-03-26 02:12:00,MORTON ST,DORCHESTER,2126,Stopped,Reasonable Suspicion ,,Passenger Car/ Automobile,1,0,1,0,0,"T Stop for VALs (90/20, 90/9D) at 911 Morton Street, Mattapan.

Operator:XXX (Open F/A charge) operating white Dodge Charger (MA REG: XXXXXXtated that the vehicle belonged to his fatherXXX was cooperative throughout the stop and stated that he was going to visit a friend in the Gallivan Blvd Housing Development. He was issued a verbal warning and released.

FIO to associate XXX with vehicle.

C111A (McCarty/Turner)",0
FC21000471,2021-02-14 21:56:00,,BOSTON,2121,Stopped,Probable Cause,,Passenger Car/ Automobile,2,1,1,0,2,T-stop for VAL's resulting in B & E Invest. B2 Detectives notified.,1
FC24004708,2024-11-25 15:35:00.0000000,ESMOND ST,DORCHESTER,2121,Stopped,Reasonable Suspicion ,"Gang, Shots Fired, Body Worn Camera",Suv (sport Utility Vehicle),4,4,0,0,4,"Officers responded to a radio call for Shots Fired at Bradshaw Street and Esmond Street.

multiple shell casings located in the middle of the street.

Witness stated two males on a scooter dressed in all black brandished a firearm and began shooting at an older model tan Jeep Grand Cherokee. The witness additionally stated the Jeep fled down Esmond Street towards Harvard. 

Officer Cox observed a group of males walking on Esmond towards Bradshaw and immediately recognized them to be:XXX XX/XX/XXXX- Active XXX (Prior F/A)

XX/XX/XXXX- Active XXX (Multiple prior F/A, Robbery)XXX XX/XX/XXXX- Active XXX (Multiple prior F/A)

Upon exiting the cruiser Officer Cox observed MA REG XXXattached to a Gray 2012 Jeep Grand Cherokee sustaining damage consistent with ballistic damage along the driver side. All parties were equipped with fanny style cross-body bags and backpacks. Officer Cox observed the males to begin to quicken their pace in attempt to distance themselves from Officer Cox and enter XXX Esmond Street

All parties were stopped and frisked to no avail. All parties declined being injured and the need for EMS.

Officers encounteredXXXXX/XX/XXXX - Active XXX (B&E, 94C) exiting XXX Esmond Street who stated he was in the above MV during the shooting.

Consent form signed and completed by XXX registered owner of XXXcontinued to reference retaliation when he discovers who is responsible. ""Y'all worried about us but y'all better be on high alert this weekend""

FIO for intel

C421D/ Cox",1
FC20001640,2020-03-05 18:45:00,,BOSTON,2124,Stopped,Probable Cause, Body Worn Camera,Passenger Car/ Automobile,1,1,0,0,0,"About 6:45pm on Thursday, 03/05/2020, Officers Burke and Araujo in the C113F unit conducted a traffic of MA/Reg XXXa Black 2019 Volkswagen Jetta, for a VALS, red light violation, registered to XXX. The operator was a XXXXX/XX/XXXXa Bailey St member. XXXwas given a written warning for the violation.",0
FC20006156,2020-12-29 17:51:00,SELDEN ST,DORCHESTER,2124,Stopped,Reasonable Suspicion ," Body Worn Camera, Shots Fired",Passenger Car/ Automobile,2,1,1,0,1,Officers observed XXXt in a vehicle parked near the shots fired scene. XXXwas breathing heavily and was observed walking away from the location where shots were fired.,1
FC23004319,2023-09-05 01:50:00.0000000,MORTON ST & LORNA RD,BOSTON,2126,Stopped,Probable Cause, Body Worn Camera,Passenger Car/ Automobile,3,3,0,0,3,"Tstop for VALS (Red Light Violation) of MA REG: XXXat Morton St & Lorna Rd, Dorchester.

Op identified as (XXX - Prior 94C) Front seat Passenger Identified XXX- prior Kidnapping & ABDW) & rear seat passenger identified as (XXX.

Upon approach of the vehicle, Both Officers on scene observed numerous concerning observations of the passenger XXXto be shaking, rapid pace of breathing & failing to make eye contact with Officers. Officers also observed XXXto have a slight tremble in his speech / dialect as well.

Based on these observations, Officers conducted an exit order of all occupants in the vehicle. Both the vehicle & all occupants were pat frisked for weapons which yielded negative results.

It should be noted during the pat frisk of XXXhe became verbally frustrated with Officers on scene. XXXexpressed that he felt like Officers were touching his genitals in a inappropriate fashion, that didn't consist with the correct way of a pat frisk. Multiple Officers on scene relayed this to XXXand that their intention as well as there doing was not the case.

Written Citation issued.

FIO'D to associate all occupants with M/V.

C111A (T. Champagnie // P. Champagnie)",1
FC24001011,2024-03-06 00:00:00.0000000,,BOSTON,2121,Stopped,Reasonable Suspicion ,,Passenger Car/ Automobile,3,3,0,0,3,"On 03/03/24, Officers conducted a traffic stop for excessive tint on a 2004 white Honda Civic bearing MA registration XXXat the intersection of Blue Hill Ave and Glenway St. 

Operator: XXXXX/XX/XXXX
Front passenger:XXX XX/XX/XXXXopen F/A violations 

Rear PassengerXXXXX/XX/XXXXopen F/A violations // known to associate with Charlestown Bloods 

The occupants stated they were driving to a nearby cemetery, which was due to the anniversary of their friends death from firearm violence. XXXthe operator of the vehicle was uncontrollably shaking, avoiding eye contact, and trembling when speaking with Officers. In addition, Officers observed a fanny pack style bag at the feet of XXXwhich when Officer Griffiths mentioned the bad which looked to be quickly discarded under the front passenger seat XXXdenied knowing about the bag and demeanor changed considerably after Officers mentioned the bag. Based on the above all parties and the vehicle were frisked yielding negative results. 

 XXXstated he had just purchased the vehicle from the registered owner, XXX and provided Officers with a title which was appropriately signed. 

Verbal warning issued for the excessive tint due to the vehicle just being purchased by XXX

CK02D (O'Connor/Griffiths)",1
FC23003896,2023-08-10 19:05:00.0000000,TREMONT ST & SHAWMUT AVE,BOSTON,2116,Stopped,Reasonable Suspicion , Body Worn Camera,Passenger Car/ Automobile,1,1,0,0,0,"T-stop of VAL's on a brown Honda Civic (MA Reg: XXXat Tremont St and Shawmut Ave, Downtown.

Operator:XXX DOB XX/XX/XXXX- extensive history of F/A violations on BOP.

Passenger/ Owner: XXXDOB XX/XX/XXXX- No BOP

XXX was confrontational with Officers during the duration of the stopXXX shouted at Officers mulitple times "" I can act like this because nothing is in the car"".

XXX six month old baby was in the backseat.

FIOE 'd to link XXX Downtown.

Mccullough/Ostholthoff/Kennedy (AK15F)",0
FC21004420,2021-11-16 20:03:00,BLUE HILL AVE,BOSTON,2124,Stopped,Encounter,,Passenger Car/ Automobile,2,1,0,1,1,"About 8:03 pm, Officers responded to the area of Blue Hill Ave and Baird St for reports of a person shot, see I212084130. While in the area, Officers observed a blue sedan coming out of Havelock St towards Blue Hill Ave at a high rate of speed. Officers observed that the vehicle had a Massachusetts registration, and had tinted windows.

Officers stopped the motor vehicle in front of XXXBHA for vals (tinted windows). Operating the motor vehicle was XXX (DOB XX/XX/XXXXActive Norfolk member. 

In the front passenger seat wasXXX(DOB XX/XX/XXXXActive Norfolk member. Both XXXand XXXimmediately placed their hands up. XXXlooked at Officers with a wide eyed glance and Officers observed that he was breathing rapidly. Based on the fact that the vehicle was coming from an area that a person was just shot, vehicle was traveling at a high rate of speed, and XXXrapid breathing, all parties were exited from the vehicle for a pat frisk. 

From XXXgroin area a firearm was recovered. XXXwas subsequently placed under arrest for the firearm violations. Vehicle held by crime scene and brought back to HQ. 

Vehicle came back registered to Expressway Motors. It should be noted that XXXself proclaimed to be Norfolk St, and stated that XXXwas also Norfolk St. 

VK22",1
FC22000020,2022-01-03 12:20:00,BLUE HILL AVE,DORCHESTER,2124,Stopped,Probable Cause,,Passenger Car/ Automobile,2,2,0,0,2,"Officers conducted a traffic stop for operating a vehicle with expired registration (MGL 90:9) and excessive tint 15% (MGL 90:9D) at 844 Blue Hill Ave Dorchester of a 2016 blue Hyundai Sonata bearing RI registration XXX

Operating the vehicle was XXX and the front passenger was XXX, H-Block associate with prior F/A violations on BOP. XXXwas immediately confrontational with Officers. Officers were aware that XXXhas recently been the subject for multiple fight and assault 911 calls, and has had a history of being a victim of F/A violence. 

Officers frisked both occupants yielding negative results, and searched the vehicle prior to being towed due to the fact it was not registered. Officers issued MA uniform citation XXX

C111D (O'Connor/Panzavecchia)",1
FC25006426,2025-12-10 01:11:00,,BOSTON,2122,Stopped,Probable Cause, Body Worn Camera,Passenger Car/ Automobile,5,4,0,1,5,"T/S of a 2025 gray Nissan Sentra (MA REG XXXfor VALS (85/15) at the intersection of Gibson St and Dorchester Ave.  Vehicle registered to Hertz Vehicle LLC. Occupants inside the vehicle to include:  Subject 1: XXXXX/XX/XXXX Subject 2: XXXXX/XX/XXXX Subject 3: XX/XX/XXXXFIOE's with associates with F/A related offenses.  Subject 4:XXX (DOB: XX/XX/XXXXFIOE's with associates with F/A related offenses.  Subject 5: XXXDOB: XX/XX/XXXX CJIS inquiry yielded OperatorXXXhad a suspended license as of 11/29/25 for non-payment. Exit order issued, and pat frisk conducted of all occupants and M/V yielding negative results for items of evidentiary value. All parties were cooperative and cordial with officers on scene. XXXhad an active driver’s license and took possession of M/V. Verbal warning issued for VALS.  FIOE to associate all parties.  H111A (D.Foley/Zammito)",1
FC20005946,2020-12-11 02:12:00,MASSACHUSETTS AVE,BOSTON,2125,Stopped,Reasonable Suspicion ,,Passenger Car/ Automobile,1,0,0,1,0,"Officers conducted a M/V stop for VAL's on a Gray Buick Sedan (MA REG XXXin the area of 1200 Mass Ave. Officers observed the operator later identified as XXX (DOB XXX) stopping and speaking with multiple groups of people who appeared to be suffering from drug addiction on Mass Ave, Southampton Street and Atkinson Street. Mr. XXXstated to Officers that he just left work and wanted to go for a ride. FIO'D and released. 

XXX has prior Class A possession/distribution charges. 



FK01A Keddy/McCarthy",0
FC24001701,2024-04-19 17:30:00.0000000,ALMONT ST,MATTAPAN,2126,Stopped,Reasonable Suspicion ,Gang,Passenger Car/ Automobile,4,3,1,0,4,"Traffic stop of MA REG: XXX(2022 Black Toyota Corolla Rental) at XXXAlmont for speeding (90/17).

Operator:XXX (DOB: XX/XX/XXXXopen F/A and 94c trafficking charges

Front Passenger: XXX (ATM), prior F/A charges 

Rear right passenger: XXX (ATM), Prior ABDW

Rear left passenger: XXX (DOB: XX/XX/XXXX
Based on numerous observations made on scene, Officers believed that one or more of the occupants were armed. Officers conducted a pat-frisk of all occupants and motor vehicle, yielding negative results.

All parties were extremely nervous at first. Once they were informed they were being released, they became hostile towards Officers and made several references to being from ""G-Town"" (Georgetown).

MA Uniform Citation XXXissued to XXX
CK02F (McCarty/M. Layden)",1
FC24003622,2024-09-05 16:20:00.0000000,BROOKWAY RD,ROSLINDALE,2131,Stopped,Reasonable Suspicion ,,Passenger Car/ Automobile,1,1,0,0,0,"On Thursday, 09/05/2024 at approximately 4:XXXPM, Officers Barbosa (Z433), Iverson (Z434), and Awad (Z429) of the Boston Housing Police were conducting a Code 19 in the Archdale development, in Roslindale, when their attention were drawn to MA REG XXXstopped in a ""no parking zone"" in front of XXXBrookway Rd with a singular male in the driver seat.

A CJIS inquiry of MA REG XXXcame back ACTIVE, registered to a XXX, DOB XX/XX/XXXXout of XXXBrookway Rd XXXOfficers approached the vehicle and noticed the driver was in fact XXX and now, there was an unknown male sitting in the passenger seat.

The passenger left and said he was going to come back out. Officers advised XXXto relocate his vehicle and also to refrain from smoking marijuana as he operates the vehicle; XXXcomplied and left the area. XXXmentioned, ""yo there was mad kids here the other night with guns, I heard they weren't even from over here."" Referring to the arrest of 1 male and 2 juveniles with 3 firearms recovered (I242075093).

Approximately 15 minutes later, Officers observed XXXvehicle, parked in the area of XXXBrookway Ter, with XXXstanding across the street smoking.",0
FC23005691,2023-12-04 22:37:00.0000000,NORFOLK ST,MATTAPAN,2126,Stopped,Probable Cause," Drugs, Warrant Arrest, Body Worn Camera, Gang",Passenger Car/ Automobile,4,4,0,0,4,"T-Stop NY Reg XXXred light violation XXXNorfolk St. 

Operator wasXXX active Charlame 2, prior F/As and vehicular homicide on BOP.

Front passenger XXX active Charlame 2, prior F/As on BOP. 

Rear passenger XXX active Creston St. prior F/As on BOP

Rear passenger XXX active Creston St. prior F.As on BOP. 

XXXarrested for operating after suspension, and XXX arrested on firearm warrants as well as an additional charge for possession of class B. 

The vehicle was released to XXX. While Officers frisked the rental vehicle they observed that the floor board underneath the driver seat had been sliced and manipulated revealing a large gap in which items could easily be concealed. Officers also observed the center console under the gear shift to be easily detached revealing another large void. 

Murray/Shetrawski",1
FC21003847,2021-09-29 22:03:00,N BEACON ST,BRIGHTON,2135,Stopped,Reasonable Suspicion ,,Passenger Car/ Automobile,2,1,0,1,1,"Officers while on random patrol in the area of the Faneuil Housing development, observed MA registration XXXa black Honda civic parked blocking the parking lot entry way, of the parking lot on the side of 282 N. Beacon St. Once the operator of the vehicle noticed the Officers cruiser behind him he pulled into a parking spot.\

Shortly after the Operator who Officers Identified as XXX XX/XX/XXXXparked in a parking spot Officers observed two males wearing all dark clothing exit the rear seat of the vehicle put there hoods up and walk toward the rear of 282 N. Beacon St. Officers observed XXX drive off onto N. Beacon St. Officer followed the two males and while observing them one male turned around and Officers identified the male as XXX XX/XX/XXXX
Once XXXobserved the cruiser he became visibly and extremely nervous to the point that he was fumbling around with what was in his hands and actually dropped what was in his hands, Officers attempted to get closer and XXXattempt to run away and ran out of his sneaker that he reached back for.

Officers Followed XXXand caught up to him as he was attempting to franticly access the front door to the apartment building. Officer conducted a pat frisk of XXXdo to his nervous nature and his prior criminal history with F/A charges. 

XXXstated he was nervous cause he was just released today and did not have his GPS bracelet yet. Officers are also well aware about XXXprobation restrictions from his recent arrest history with D-14 Officers.

Fio'd & Released.

KK02F (Dunn/Vazquez)",1
FC21000345,2021-02-04 21:44:00,,BOSTON,2118,Stopped,Probable Cause,,Passenger Car/ Automobile,2,1,1,0,0,"TS VALS 9:41PM 2/4/21 Worcester St. / Tremont St.

MAREG#XXX OP by Active H-block XXX. Open Drug Distrib. multiple firearm charges. XXXSummonsed to BMC. MAREG#XXX arrived a ways up from the scene to pick up XXXXXX is a rental assoc. with H-BLOCK. HBLOCK active primary mult. f/a related charges known to operate that vehicle.

DK01F (Fullam R. /Hessler)",0
FC21003884,2021-10-03 00:00:00,,BOSTON,2215,Stopped,Probable Cause,,Passenger Car/ Automobile,2,1,1,0,0,"TS for VALS (Speeding / multiple stop sign violation) of MA REG XXX(Blue Toyota Corolla). 

Operator identified as XXX. Front passengerXXX. 

XXXstated that he was driving erratic because he had to use the bathroom and that he was going to Game On bar. At the time of the traffic stop, Game On was closed and officers also observed both parties in the area of Boylston St. shorty after the stop.",0
FC21001047,2021-03-20 19:39:00,,DORCHESTER,2122,Stopped,Reasonable Suspicion ,,Passenger Car/ Automobile,1,1,0,0,1,"Officers observed a Black Male wearing a red hoodie and red adidas sweatpants with white stripes down the leg enter the passenger side of MA reg. XXX(later identified as XXX XX/XX/XXXXmatching description of possible Suspect in Person Shot at XXXTerrace, reference I#212017827) Officers stopped the vehicle for blocking a crosswalk, frisked XXXand the vehicle with negative results. 

The MV was operated by XXX XX/XX/XXXX


H104F (Woods/Fritch).",1
FC22002003,2022-05-16 18:31:00,,BOSTON,2118,Stopped,Probable Cause,,Suv (sport Utility Vehicle),1,1,0,0,0,"TS on MA REG XXXfor VALS (Red Light Violation) in the area of Tremont and Northampton St. 

Officers made contact with the driver XXX (DOB: XX/XX/XXXXXXX was confrontational with officers and refused to roll rear windows down. 

XXX has open F/A charge on BOP.

XXX issued a verbal warning for the VAL.

FIOE completed. D103F (Mariam / Watty)",0
FC24002833,2024-07-09 22:43:00.0000000,,BOSTON,2126,Stopped,Probable Cause,"Body Worn Camera, Gang, Other Agency/Unit Notified",Passenger Car/ Automobile,2,2,0,0,0,"TS of MA REG XXX(2017 Black Honda Accord) for a defective right rear brake light (MGL Ch 90 s7). A CJISWeb Inquiry also showed the vehicle to have 91 inquiries with comments for a FAIL to Stop for MSP back on 05/30/2024. 

Operator was identified as the registered owner XXXDOB XX/XX/XXXX(prior F/A). Front Passenger was identified as XXX DOB XX/XX/XXXX(Active XXX, Prior F/A & 94c). Both parties were cordial throughout the stop. Verbal Warning given for the defective brake light. FIO'd for Intel. MSP confirmed the vehicle was no longer wanted. 

C431F (Kennedy)",0
FC20001355,2020-02-23 19:15:00,,BOSTON,2119,Stopped,Encounter, Body Worn Camera,Passenger Car/ Automobile,1,1,0,0,1,"T/S for VALS of gray 2008 BMW 328 (MA Reg.XXX) at intersection of Blue Hill Ave. & Dudley St. 

Operator identified asXXX (prior F/A, Active Woolson St. associate). 

Officers had observed the vehicle parked about fifty feet from where the traffic stop took place. The operator pulled forward into traffic and upon officers activating their blue lights, operator stopped the vehicle and exited, taking the vehicle keys out and locking the car. Operator was immediately confrontational with officers. Officers queried the driver and found that he was listed as a suspect in the Larceny of a Firearm case in B3 in November 2019. Officers located no supplemental report indicating that the stolen firearm had been recovered. The operator continued to be confrontational and paced back and forth repeatedly stating ""You ain't checking my fucking car."" 

Officers detained the operator in handcuffs and placed him in the rear of the cruiser due to the fact that he was becoming increasingly agitated and hostile towards officers. Officers recovered the vehicle key from the operator. A frisk of the operator and the vehicle yielded negative results. 

Operator was given a warning, FIO'd and released. 

B101F (Murphy / Bent). Multiple B-2 units.",1
FC21000073,2021-01-06 02:21:00,GERARD ST,ROXBURY,2119,Stopped,Probable Cause,,Passenger Car/ Automobile,3,0,3,0,1,"Traffic stop of XXXfor a defective head light. Officer observed the vehicle on Magazine and turn down Kemble. Operator was XXX, who had a suspended license. 2 $10.00 bills were on the inside door handle of the driver side door and Mr. XXXstated that his passenger asked him for a ride to Dot Ave. Passenger was identified as XXX who stated she had asked Mr. XXXfor a ride after he drove by her on Magazine Street.

Mr. XXXhad a suspended license and parked the vehicle legally. 

CJIS query showed Ms. XXXhad no warrants with the information provided but it was later learned that she provided her sister's information. Her true identity is XXX",1
FC20005136,2020-10-14 21:00:00,DEER ST,DORCHESTER,2125,Stopped,Encounter, Body Worn Camera,Passenger Car/ Automobile,1,1,0,0,1,"Officers conducted a traffic stop for Vals (speeding) of MA REG XXX(attached to a blue Honda Accord) at Dorchester Ave and Savin Hill Ave.

CJIS query of MA REG XXXresulted in 73 recent inquiries and came back to a brown 2005 Ford Escape registered toXXX Officers conducted a pat frisk of XXXand vehicle for weapons with negative results. XXXprovided Officers with a bill of sale (bought on 10/08/2020) and title. Officers conducted a query of the blue Honda Accords VIN# (XXXwhich matched the bill of sale information.

CJIS query of XXXyielded several open receiving stolen property (vehicles), Larceny over $1200, ABDW, and Poss W/I Class D. 

Officers issued XXXa verbal warning. FIO'd and released.

H104F (Foley/O.Russell).",1
FC23004118,2023-08-24 18:30:00.0000000,,DORCHESTER,2121,Stopped,Probable Cause, Body Worn Camera,Suv (sport Utility Vehicle),1,1,0,0,0,"T/S (speeding) of NY REG XXXat Rock Ter and Olney St. Op identified as XXXADW gun, multiple prior FA and 94c offenses). XXXissued citation for speeding.

FIO'd to associate with m/v.

HK01F (E. Foley/O. Russell)",0
FC24001293,2024-03-23 00:59:00.0000000,,MATTAPAN,2126,Stopped,Reasonable Suspicion ,Body Worn Camera,Suv (sport Utility Vehicle),4,4,0,0,4,"About 0100 hours Saturday 03/23/24 officers observed a Gray 2023 Honda CR-V bearing MA PAN XXXwith poorly applied tint on the side windows (90/9D) in the area of Walk Hill and Harvard. The vehicle was a rental. The vehicle was occupied by five (5) males and two (2) Pitbulls.

Operator: XXX XX/XX/XXXX(Prior F/A, XXX Associate)

Passenger: XXXXX/XX/XXXX
Rear Seat Passengers: XXX XX/XX/XXXX(Prior F/A, XXX AssociateXXX XX/XX/XXXX(Prior F/A, XXX Associate)

The final passenger was unable to be identified.

All were polite and conversational, other than XXXit should be noted that XXXwas not speaking to officers did not move during the initial contact. All were removed and pat frisked to no avail. The vehicle was pat frisked to not avail. Balaclava, shiesty, were located in rear passenger seat. The operator was issued a written warning for the above offense. 

CK02A (Parlon/Ashe)",1
FC20004208,2020-08-14 00:00:00,MILLMONT ST,ROXBURY,2119,Stopped,Reasonable Suspicion ,,Passenger Car/ Automobile,1,1,0,0,0,"Officers performed a t stop for vals at XXXmillmont street . Operator identified asXXX (H-Block). Mr. XXXstayed to the officers that he was heading to his baby mothers house. 

Verbal warning issued 

Fiod and released 

BK01F (O’Brien/ M O’Loughlin)",0
FC22000601,2022-02-17 20:30:00,,DORCHESTER,2121,Stopped,Probable Cause,,Passenger Van,2,0,0,2,2,"At about 08:30 PM, 02/17/22, YVSF Officers Degrave/Muhammad along with MA State Police Trooper Hazelton in the VK06 unit, conducted a traffic Stop of MA. Reg.XXXor VALS. Operator was identified asXXXFront seat passenger was identified asXXX and rear seat passenger was identified asXXXLater, further investigation revealed that Mr.XXX was in possession of an illegal loaded firearm and was subsequently placed under arrest. Upon the completion of the STOP, Operator XXX was later issued a writing warning for the Auto Law Violations.",1
FC21002868,2021-07-27 03:00:00,WEST BROADWAY,BOSTON,2127,Stopped,Intel,,Passenger Car/ Automobile,2,2,0,0,0,"Officers observed XXX and XXXin a group of about 20 individuals that generated a disturbance on Both Dalessio Court and 395 Summer street on 07/27/21.

Both males have prior F/A charges and violent XXX (Active H-Block) XXX(Active MORSEXXX observed in MA REG: XXX(Blue 2020 Carolla)",0
FC23002659,2023-05-24 10:57:00.0000000,NEWBURY ST,BOSTON,2116,Stopped,Reasonable Suspicion , Body Worn Camera,Passenger Car/ Automobile,1,1,0,0,0,"Observed a gray Lexus IS (MA XXXparked on the crosswalk in front of XXXNewbury St (NIKE Store). Operator of vehicle, XXX returned to the vehicle from the store and gave his license which was active. XXXis on GPS bracelet (Open F/A). Passenger of vehicle was uncooperative. 

Parking citation issued.

D427D (Doolan)",0
FC20002495,2020-05-09 20:54:00,,BOSTON,2122,Stopped,Reasonable Suspicion , Body Worn Camera,Passenger Car/ Automobile,1,1,0,0,0,"Officers made a traffic stop of MA Reg. XXX(2015 Gray Honda Accord) for VALs at the intersection of Adams Street and Whitten Street. The operator of the vehicle was identified as XXX. A check of CJIS revealed that XXXhas a criminal history to include Home Invasion, Armed Assault in a Dwelling, Armed Robbery, Firearms offenses, multiple Assault and Battery charges, and narcotics violations. 

XXXused his cell phone to film officers throughout the entire interaction. XXXwas issued a verbal warning for the VALs, was FIO'ed, and released.

H102F (Foley/O'Leary)",0
FC24002106,2024-05-17 17:08:00.0000000,DUDLEY ST,BOSTON,2119,Stopped,Reasonable Suspicion ,"Gang, Body Worn Camera",Passenger Car/ Automobile,1,1,0,0,1,"About 5:05PM, on Friday, 05/17/2024, T/s of MA REG XXXfor red light violation (89/9). 

Officers observed the above-mentioned traffic infraction at the intersection of E. Cottage St & Dudley St but were unable to safely conduct a traffic stop of the vehicle due to the heavy traffic flow until they arrived in the area of XXXDudley St. 

Operator identified as XXX Officers requested XXXlicense and registration which he refused to provide. XXXcontinuously placed the keys in and out of the ignition and kept placing his hands on the gear shift. In addition, XXXrolled up all the windows and refused to provide any of his information to Officers. Officer Kovaleski has had numerous interactions with XXXwhere they would exchange pleasantries and engage in normal conversation. XXXeventually exited the vehicle on his own accord. Due to the above-mentioned facts, along with numerous other on scene observations, a frisk of XXXand vehicle was conducted. 

Officers issued a citation to XXXfor the red-light violation and strongly advised him to next time provide his license to officers upon request or he may be placed under arrest for failure to submit. 

FIOE to assoc with m/v and document behavior. 

Kovaleski/Kadey",1
FC20000384,2020-01-15 12:41:00,CAMBRIDGE ST,BRIGHTON,2134,Stopped,Reasonable Suspicion , Body Worn Camera,Passenger Car/ Automobile,1,1,0,0,0,"Initial Radio (I202003913) call for light skinned b/m dragging a crying young female near Brighton and Quint Ave. Description of male was a light skinned b/m approximately 6'3"" wearing green jacket and blue pants with curly hair. 

While in the area, officer observed tall light skinned b/m wearing a bright green ""windbreaker"" jacket  crossing Cambridge St. from XXX Cambridge St. (7-11) onto Barrows St. Officer observed male enter MA Reg. XXX (2013 VW Jetta) and begin driving. Officer confirmed description from initial call to match the observed male. Traffic Stop at 445 Cambridge St. Operator identified at XXX (XX/XX/XXXX. Officer explained to XXX that he matched the description of subject of an investigation and Mr. XXXeplied that he had ""an alibi"" that he was at Brighton High School retrieving paperwork and then stopped at 7-11. CJIS Inquiry revealed no warrants and multiple on BOP to include Larceny, Armed Robbery, Poss. of Sawed off shotgun. 

XXX was FIO'd and released. It was observed after his release that MA Reg XXX came back to a black 13 VW Jetta and Mr. XXX's vehicle was white but the hood had black paint markings on it. 

BWC Activated.",0
FC21001706,2021-05-03 21:40:00,BLUE HILL AVE,DORCHESTER,2121,Stopped,Probable Cause,,Passenger Car/ Automobile,1,1,0,0,1,"About 9:40pm, Officers Stopped a 2020 Toyota Camry (Texas Reg XXXtraveling up Blue Hill Ave with no head lights at a high rate of speed. 

Operator: XXX (Active: VnF) Open F/A, armed carjacking, and armed robbery out of Suffolk Superior. 

XXXto be summons for operating without a license. XXXwas FIO'd and released.",1
FC22000706,2022-01-25 18:45:00,ALBANY ST,ROXBURY,2119,Stopped,Probable Cause,,Passenger Car/ Automobile,1,1,0,0,0,"T-Stop for VALs (Equipment/Tints) 815 Albany Street at 1800 hours. White Honda Civic XXXOperator identified as XXX(DOB XX/XX/XXXXLicense status revoked. HTO, A&B, 94C, ADW-Gun on the BOP.

It should be noted a BRIC flyer was disseminated of the aforementioned vehicle wanted for FIO/Intel purposes in connection with I22205521. 

Officer took notice of XXXto be wearing the following: full face/head black ski mask, black neck gator, black, puffy winter coat, black sweatshirt, black sweatpants with Puma logo and white stripes, and black/orange Jordan sneakers.

Operator summonsed for 90/23.

DK01F (May/Murphy)",0
FC24000243,2024-01-17 09:45:00.0000000,CANTERBURY ST,ROSLINDALE,2131,Stopped,Encounter,"Homeless, Body Worn Camera, Drugs",Passenger Car/ Automobile,5,0,5,0,0,"About 0945hrs on 01/17/2024, Officers Stone/Burgos in the L101D conducted an investigate premise at XXXCanterbury St. (abandoned/condemned residential structure) for a report of possible squatters present. Upon arrival, Officers met with a construction worker/property manager who was present and attempting to work on the premise at request of the property owner (not present).

Once inside, Officers encounteredXXX (aka XXX- Level 3 sex offender), and XXX All parties present identified as being homeless and squatting/living in this abandoned premise. Officers advised all parties present that they have two hours to remove all belonging and leave the property (per property manager), or they will be subject to arrest. Officer Burgos explained in Spanish to all parties present, who agreed to leave.

Outside of the property, XXXwas seen sitting in a running vehicle, in the private lot XXXXXXstated that ""her friend"" is letting her borrow it. The vehicle came back active (not stolen).

While on location, Officers observed a rifle in the corner of the premise. The rifle was determined to be a loaded BB rife. Officer Burgos asked in Spanish if anyone was the owner of the BB rifle which all parties present denied. Officers confiscated the BB rifle as found property and brought it back to District E18. Once at District E18, the BB rifle was entered in as found property (I242004456) and entered into the E18 property (page 54).",0
FC23002287,2023-05-04 14:05:00.0000000,RADCLIFFE ST,BOSTON,2121,Stopped,Probable Cause, Body Worn Camera,Passenger Car/ Automobile,2,1,0,1,0,"Traffic Stop of MA Reg# XXX for VAL's (90:9D - Excessive tint) atXXX Radcliffe Street, Dorchester.

 Driver - XXX (Prior F/A charges , Rape) 

Passenger - XXX (Multiple prior F/A related charges, Armed Robbery, 94C).

Written warning mailed to owner XXX 

FIO to associate driver and passenger with vehicle. 

C113D (Meaney / Cox).",0
FC24000199,2024-01-13 00:16:00.0000000,NORWELL STREET,DORCHESTER,2124,Stopped,Probable Cause,"Body Worn Camera, Gang",Suv (sport Utility Vehicle),3,3,0,0,2,"YVSF ARREST

1/13/24 12:45AM XXXNorwell St TS speeding window tints XXX

Vehicle was a rental vehicle. Upon activation of lights and sirens the driver of the vehicle pulled over, jumped into the back seat and the back seat passenger jumped into the drivers seat.

The original driver of the vehicle was identified as XXX who had an active warrant for firearm offenses. Officers subsequently placed him under arrest. The new driver was identified as XXX The front seat passenger was XXXg memberXXX",1
FC23000679,2023-02-05 17:30:00.0000000,,DORCHESTER,2124,Stopped,Probable Cause,,Passenger Car/ Automobile,1,1,0,0,0,"T stop of a black Jeep SUV (TX REG# XXXfor speed and stop sign violation, vehicle was also notably heavily tinted. OP and Owner was XXX (DOB: XX/XX/XXXXextensive BOP out of Texas including multiple F/A convictions and engaging in organized criminal activity convictions (FBI# XXXXXX was cordial throughout the encounter and stated he was moving to Boston as his child's mother was from Dorchester. XXX also stated he was working for a trucking company in Everett.  Verbal warning issued, FIOED for intel purposes. 

C102F (Coyne and Turner)",0
FC24001216,2024-03-18 20:25:00.0000000,ALASKA ST,BOSTON,2119,Stopped,Reasonable Suspicion ,Gang,Passenger Car/ Automobile,3,3,0,0,0,"About 8:20PM, on 03/18/202XXX, T/s at XXX Alaska St of PA REG XXXfor red light violation (89/9). 

Operator identified as XXX- Numerous FIOE's with H-Block associates. 

Front Seat Passenger identified as XXX- (Active H-Block: Several Prior F/A's, Armed Rob, 9XXXC)

Rear Seat Passenger identified as XXX - (Several open larcenies, open conspiracy, open assault, open carrying DW). 

All parties were cordial with officers. XXXstated that they were dropping off XXXto pick up her children. 

FIOE to assoc with M/v

Kovaleski/Kadey",0
FC25001456,2025-04-05 23:30:00,BANFIELD AVENUE,MATTAPAN,2126,Stopped,Reasonable Suspicion ," Gun, Gang",Passenger Car/ Automobile,1,1,0,0,1,"Officers responded to XXXBanfield Ave for a shot spotter activation. Located in front of XXXBanfield Ave, officers observed a Red Saturn (MAReg# XXXwith a male and female seated all the way back. Officers made contact with the parties and asked if they had heard anything who stated they had but the shots did not come from them. Officers further spoke with the parties, but the male occupant began to refuse to to cooperate and further communicate with officers The male continued to chain smoke cigarettes while officers attempted to identify the male. Officers observed a back pack tucked behind the drivers seat, as well as knew the male to be a XXXDue to all of the above, both parties were removed from the vehicle. The maleXXX (DOB: XX/XX/XXXXactive XXXprior F/A, refused to exit the vehicle. Officers were forced to assist XXXinto exiting the M/V. Both parties and vehicle frisked with negative results.   Coyne/Turner",1
FC23002056,2023-04-19 02:20:00.0000000,,DORCHESTER,2124,Stopped,Probable Cause," Body Worn Camera, Gun",Passenger Car/ Automobile,2,2,0,0,2,"T/S FOR VALS AT HARVARD/SPENCER ON A BLACK 2012 MERCECEDES C300W4 (MA REG - XXX
OPERATOR - XXX XX/XX/XXXX- NO BOP/GANG AFFILIATION

PASSENGER - XXX XX/XX/XXXX- NO BOP/GANG AFFILIATION



BOTH OCCUPANTS REMOVED FROM THE M/V AND FRISKED. FIREARMS RECOVERED FROM EACH OF THEIR WAISTBANDS. 



BK02A (MCCABE/O'LEARY), BK01A (DUNN/MCBRIEN)",1
FC24003234,2024-08-06 17:02:00.0000000,WARREN ST,BOSTON,2121,Stopped,Probable Cause,Body Worn Camera,Suv (sport Utility Vehicle),4,4,0,0,4,"At 5:02 PM on 8/6/2024 Officers Kovaleski and Gelinas in the BK01F observed MA reg. XXXspeeding in excess of 25 MPH on Warren Street by Quincy Street.

Operator was XXXwho had a suspended license.

Front passengerXXX (Open F/A).

Back Driver's side passengerXXX (F/A charge on BOP)

Back passenger side occupantXXX and XXX previously FIO'ed with Active Lenox associates (I242043569).

Due to officers knowledge of XXX and XXX involvement in firearm related activity, coupled with numerous observations on scene, officers feared 1 or more occupants may be armed and dangerous. An exit order was conducted. All occupants and vehicle were frisked to no avail. 

Verbal warning issued. XXX active license took custody of vehicle.

BK01F Kovaleski / Gelinas",1
FC24005006,2024-12-19 18:35:00.0000000,,DORCHESTER,2125,Stopped,Reasonable Suspicion ,Body Worn Camera,Passenger Car/ Automobile,1,1,0,0,0,"Officers observed a black 2022 Nissan Altima (MA REG XXXdriving through the South Bay Mall driving faster than reasonable. Officers then observed a taillight out of the drivers side.

Officers conducted a traffic stop on the black 2022 Nissan Altima (MA REG XXXat Massachusetts Avenue & Clapp Street. Officers identified the driver, XXXThe vehicle (MA REG XXXhad been involved in numerous shoplifting cases in the past couple months, most recently on 12/02/2024. Officers informed XXXon the history of the vehicle who stated he just rented it two days ago and showed proof of a rental agreement.

Officers gave XXXa verbal warning for the traffic violation.

XXXhas a history of B&E's, possession of stolen property, and receiving stolen property, and operating negligently. 

FIOE completed.

F102F Ganss/Burke",0
FC23003812,2023-08-05 17:51:00.0000000,HYDE PARK AVE,HYDE PARK,2136,Stopped,Intel, Body Worn Camera,Suv (sport Utility Vehicle),3,2,1,0,0,"About 5:51pm on Saturday, 08/05/2023, Officer D. Lewis, assigned to the L422F unit responded to a radio call for a verbal disturbance at XXXHyde Park Avenue, Hyde Park. Officer A. Kaplan, assigned to the L412F unit also responded to assist. 

On arrival the officers observed the above-described motor vehicle (black 2022 Mazda CX-5 MA Reg. XXXparked in a marked, lined parking spot in the rear parking lot behind XXXHyde Park Avenue, and occupied by two females and one male.

The officers spoke with the above-described male (XXX, standing outside of the motor vehicle, who stated that they were all having a conversation and it may have been a bit loud. 

The officer spoke with the front seat passenger / above-described female XXX) who stated that she was from Gardner, MA and was just visiting.  

The officers spoke with the rear seat passenger / above-described female (XXX) who stated that she was originally from Gardner, MA but is currently homeless and just visiting in Boston with her acquaintances.

The officers observed all parties on scene to be in good spirits and all fused any medical attention at the scene.  A check in CJIS revealed no open warrants or restraining orders in the system for any of the parties.  

All individuals on scene were free to leave on their own with no further incident and the officers cleared the area, forth with. No further information available.",0
FC24005025,2024-12-21 21:00:00.0000000,,BOSTON,2127,Stopped,Probable Cause,"Body Worn Camera, Gang",Passenger Car/ Automobile,2,2,0,0,2,"TSTOP for VALS (speeding / marked lanes) of MA REG: XXX(2016 Mercedes White). 

Operator identified as XXX (No BOP). 

Passenger identified as XXX (ActiveXXX; prob for ABDW gun). 

Operator discovered to be suspended, XXXdetermined to be unlicensed. 

Both parties removed from vehicle and officers inventoried per dept policy while awaiting tow. Operators grandmother arrived with active license prior to the tow. 

Vehicle released. 

Operator explained she had just received fine from RMV and was unaware of suspension. Operator was warned of offense and advised that she could not drive until she confirmed with RMV that her license was active again. 

F499F (Ganss, Burke)",1
FC23000230,2023-01-10 23:03:00.0000000,,BOSTON,2119,Stopped,Probable Cause," Body Worn Camera, Juvenile",Passenger Car/ Automobile,3,2,0,1,3,"Officers observed a male and female hastily exit the driver/passenger doors of MA REG: XXXand swap seats while staring wide-eyed at Officers as they drove by in their unmarked cruiser. The vehicle was idling at the Shell Gas Station at XXXBlue Hill Ave away from the pumps towards the exit. A query revealed the vehicle STOLEN. Officers immediately stopped and removed the occupants. The occupants were frisked and the vehicle towed. XXXwas dropped off atXXXFernboro St #XXX, XXXwas transported to District XXX to be picked up by a relative.XXX arrived and stated he was the step-father but refused to bring XXXhome. He eventually agreed to bring him home and was verbally berating XXXas they exited the station. Once outside, in the presence of Officers, XXXphysically assaulted XXXHe was placed in custody and walked into B-XXX booking. XXXmade multiple aggressive threats towards Officers trying to fight them and alleging he will tear the station apart. He claimed to be a former XXX associate. 

XXXXX has previous reports of being in stolen vehicles and issues at the McCormack School.

XXX(a.k.a. XXXXX has previous reports of being in stolen vehicles, has been FIO'd atXXXFernboro St as well as being in the possession of an airsoft rifle.

XXXXXXis a registered Level 3 Sex Offender

BK01F/BK03F (Kerin, O'Brien, J, McGuire) B616F (Holmes)",1
FC21004692,2021-12-10 20:50:00,COLUMBUS AVE,ROXBURY,2119,Stopped,Probable Cause,,Suv (sport Utility Vehicle),3,1,2,0,0,"T-Stop for VALS (fail to stop for red light) at 1542 Columbus Avenue on MA REG XXX(2021 red Jeep Grand Cherokee). 

Driver -XXX (DOB: XX/XX/XXXXOpen Possession to Distribute Class A and B on BOP. Stated they were on their way to the casino. 

Passenger - Stated she lost her license and provided officers with name, XXX (DOB: XX/XX/XXXXMark 43 inquiry later revealed that the passenger had given a false name and was actually XXX XX/XX/XXXXOpen Assault and Battery and Possession to Distribute Class A and B on BOP.

Verbal warning issued for VALS.

J201F (Ruiz/Rosa)",0
FC21004241,2021-11-01 02:55:00,,BOSTON,2121,Stopped,Reasonable Suspicion ,,Passenger Car/ Automobile,2,2,0,0,2,"Officers responded to a SSA activation in the area of 1 Nottingham Street. Officers spoke to residents in the immediate area who stated they heard a gun shot coming from the area of Bullard St and Rosseter St and physically pointed to the intersection of Bullard St. and Rosseter St.

Officers stopped XXX and XXX at the corner of Bullard St. and Rosseter St. congregating around XXXREG XXXwhich was turned off. XXXstated he was ""coming from up there"" physically pointing in the direction of Rosseter St. and Nottingham St. Pat frisk for weapons yielded negative results. XXXextremely hostile towards Officers during interaction. 

It should be noted that 4 F/A were recovered from XXXREG XXXon 10/12/2021.

FIO'd and released.

HG01A (Foley/O. Russell)",1
FC25000117,2025-01-07 17:35:00,BLUE HILL AVE,DORCHESTER,2121,Stopped,Reasonable Suspicion , Body Worn Camera,Passenger Car/ Automobile,2,1,1,0,0,"While canvassing the area of XXXfor discarded items from a separate subject stop, Officers observed MA REG: XXX(2010 Honda Accord, Gray) loitering/idling in the parking lot adjacent to XXXBlue Hill Ave for an extended period of time.   Officers spoke with operator/registered owner, XXX (DOB: XX/XX/XXXXXXX stated that he does not live at the above mentioned address, but his friend does. Officers informed XXX that he could not be on the property due to multiple no loitering and no trespassing signs posted, and due to the fact that he has been sitting in his car for at least 20 minutes with no attempt to visit a person inside the address.  Officers observed front seat passenger, XXX (DOB: XX/XX/XXXXopenly drinking alcohol from a Corona bottle while seated in the vehicle. Both parties were confrontational and uncooperative, as Officers attempted to verify XXXidentity. XXXwas given a verbal warning for public drinking/open container violations and XXX was advised to no longer loiter on the property, to which they both acknowledged.   CK01F/CK02F",0
FC20004089,2020-08-07 13:24:00,,MATTAPAN,2126,Stopped,Reasonable Suspicion , Drugs,Passenger Car/ Automobile,4,3,1,0,2,As part of a drug investigation members of the B3 DCU stopped XXXXXX and XXXinside grey Subaru sedan XXXafter making observations relative to a drug transaction with the operator of a black Audi sedan XXXlater discovered to be XXX. Investigation ongoing,1
FC25006235,2025-11-25 18:40:00,,ROXBURY,2119,Stopped,Encounter, Body Worn Camera,Passenger Car/ Automobile,1,1,0,0,0,"About 6:40pm on Tuesday, November 25th, 2025 Officer Walsh and Beard conducted a traffic stop for violation of auto laws at the intersection of Columbus Ave & Bragdon St.   Officers were directly behind MA REG XXXstopped at the intersection of Columbus Ave & Bragdon St. Officers observed the vehicle take a left turn while the traffic light clearly displayed a red arrow. Officers activated their blue lights and sirens and initiated a traffic stop.   A CJIS inquiry of MA REG XXXrevealed an active registration. The driver was identified as XXX(DOB XX/XX/XXXXA CJIS inquiry of XXXrevealed an active driver's license and previous F/A charges. XXXwas calm and cordial with officers.   Traffic Citation XXXwas written and given to XXXin hand.   FIOE to associate XXXwith vehicle - JK01F (Beard/Walsh)",0
FC22001854,2022-05-07 12:15:00,WELLINGTON HILL ST,MATTAPAN,2126,Stopped,Intel,,Passenger Car/ Automobile,1,0,1,0,0,"T-stop for speeding and excessive tints in the aera of XXXwellington hill. Operator of the vehicle (XXX active villa victoria gang member. XXXprovided officers with a valid MA license which readXXX XXX which does not tie back to his BOP. XXXhas a open firearm case.

verbal warning issued.

VK04",0
FC20004744,2020-09-21 02:23:00,,BOSTON,2124,Stopped,Probable Cause, Body Worn Camera,Suv (sport Utility Vehicle),3,3,0,0,0,"About 2:23am Officers conducted a traffic stop of NJ REG XXXa black 2020 Nissan Rogue, in the area of Washington St and Talbot Ave for VALS (speed).

Officers spoke with the operator XXX(Active Johnston) who stated that the was a rental belonging to the rear seat passenger XXX. XXXwas able to provided a rental agreement in her name to NJ REG XXXThe passenger in the vehicle was identified as XXX (Active Charlame 2). 

XXXhas multiple open cases for Affray and Threatening, XXXhas open cases for Poss with Intent to Distribute Class B. Both XXXand XXXhave pervious F/A convictions and 94c related charges on their DOP.

XXXwas issued a warning for VALs, parties were FIOed and released.",0
FC25004362,2025-08-11 00:04:00,JEWISH WAR VETERANS DR,DORCHESTER,2121,Stopped,Probable Cause," Gun, Body Worn Camera",Passenger Car/ Automobile,3,3,0,0,3,"Officers responded to a Person with a Gun atXXXewish War Veterans Drive.  Caller reports male in a Grey Infinite MA-XXXhad an AK47 style gun outside his vehicle.  Officers observed 3 males outside a grey Infinite bearing the same plate   XXXk (DOB: XX/XX/XXXX49 Entries on BOP including Prior F/A's, Armed Robbery, and Assault to Kill.XXXXX/XX/XXXX39 Entries on BOP including Poss Class B, Armed Robbery, Mayhem, and Kidnapping.XXXXX/XX/XXXX2 Entries on BOP for Vandalism.  XXXstated it was his vehicle.  A firearm investigation was conducted and resulted in the recovery of an AK47 style rifle in the trunk.  XXXwas placed under arrest and transported to B3XXX FIOE'd and released.  CK02A (O'Neill/McPherson/Calabrese)",1
FC23001794,2023-04-06 01:17:00.0000000,,BOSTON,2111,Stopped,Probable Cause, Body Worn Camera,Suv (sport Utility Vehicle),2,2,0,0,1,"T stop for VALs Avery St at Tremont St (MA XXXDriver identified as XXX (Open F/A, with multiple priors). XXXstated that the vehicle was his girlfriend's and identified her as XXXXXXhad a knife on his person. Officers frisked XXXand the vehicle for additional weapons to no avail. XXXcontacted a friend, XXX(Multiple F/A and drugs on BOP) who arrived on scene. Both parties were cooperative with Officers. FIO'd for intel / vehicle information. 

AK01A (Lukas/Scott)",1
FC23003332,2023-07-04 01:26:00.0000000,COURT ST,BOSTON,2108,Stopped,Encounter, Body Worn Camera,Passenger Car/ Automobile,1,1,0,0,0,"About 1:26 AM, on 07/04/23, Officer conducted a TS at XXXCourt St., Boston.

Officer conducted a TS (VALS) on (MA REG: XXXin the area of XXXCourt St., Boston. A CJIS inquiry yields the MV to (XXX, DOB: XX/XX/XXXXOfficer spoke with the driver, identified as XXXgiven a verbal warning. 

XXXhas a lengthy BOP history consisting of B&E's, Malicious Destruction of Property, Vandalism, Drug Possession charges, Possession of Burglarious Tools, A&B DW, and A&B's.

XXXwas arrested in 2022, in C-11, on 15 counts of Vandalism. (See I222002548). At that arrest, 2 knives were seized from XXX

FIO to put XXXand his MV in the area, and for Officer safety.

BWC activated.

A422A (Grady).",0
FC25000685,2025-02-19 01:15:00,,BOSTON,2125,Stopped,Probable Cause," Body Worn Camera, Gang",Passenger Car/ Automobile,1,1,0,0,0,"T/S for VALs (failure to stop at red light) of a gray 2012 Honda Accord (MA:XXX) at the intersection of Glendale st and Columbia rd.  The driver,XXXXX/XX/XXXXstated he was just heading home from Brockton and was driving his brothers car XXX XX/XX/XXXXXXXhas prior firearms charges, larcenies and drug offenses and is a XXXst associate. XXXwas cordial throughout the interaction. Verbal warning given.  FIO to associate XXXwith the vehicle and document behavior.  H103A (Zammito/D. Foley)",0
FC23000984,2023-02-22 16:59:00.0000000,FRONTENAC ST,DORCHESTER,2124,Stopped,Probable Cause, Body Worn Camera,Passenger Car/ Automobile,1,0,1,0,1,"About 4:59pm on Wednesday, February 22, 2023 Traffic Stop on MA Reg. XXXa Gray 2021 Volkswagen Tiguan (Enterprise Rental; EAN Holdings) at XXX Frontenac St., Dorchester subsequently following a CJIS Inquiry yielding an Expired Registration (90/9) and an Expired Inspection Sticker (90/20).

The operator was identified as Mr. XXXOB XX/XX/XXXX(Associated/Arrested with XXXDOB XX/XX/XXXXin Sept. 2022 for Firearm Possession in A-1). Mr. XXXwas given an exit order in which he complied. Mr. XXXperson was frisked which yielded a Black Pocket Knife in which he was forth-coming immediately to the officer when asked if he had any weapons on his person. The aforementioned vehicle was searched which yielded negative results for weapon(s) and/or illegal contraband. Mr. XXXstated that he rented the vehicle from Enterprise in Roslindale. Mr. XXXwas advised to return the vehicle to the perspective rental company. Mr. XXXwas cordial during the interaction. Verbal Warning given for the aforementioned violations.

FIO for intel purposes only and to associate vehicle.

C411F (FREEMAN)",1
FC23003695,2023-07-25 20:11:00.0000000,,BOSTON,2121,Stopped,Probable Cause," Auto Investigator, Car Jack, Body Worn Camera, Gang",Passenger Car/ Automobile,2,2,0,0,2,"Officer stopped stolen vehicle MA Reg XXXat Washington St and Columbia Rd. Officers were aware the vehicle was carjacked and that two black males with black hoodies and face coverings displayed two firearms during the incident. 

Operator was identified as XXX prior F/A, A/B F/A, discharging F/A, and assault to murder, on BOP 

Passenger XXX numerous prior F/A violations, assault to murder A/B F/A and Discharging a F/A on BOP. 

XXXarrested and charged with receiving stolen MV and operating after suspension. 

XXXwas released forthwith. 

Both individuals have no known gang affiliations but frequent the area of Michigan Ave and Intervale St. in Dorchester. 

Murray/Shetrawski",1
FC20006052,2020-12-18 22:52:00,TEMPLE ST,MATTAPAN,2126,Stopped,Reasonable Suspicion ,,Passenger Car/ Automobile,2,2,0,0,2,"YOUTH VIOLENCE STRIKE FORCE 

VK-16 (A.RAMOS/D.LAYDEN/C.STEVENS)

AT ABOUT 22:52HRS, OFFICERS RESPONDED TO SHOTS FIRED AT XXX OLD MORTON STREET. WHILE CANVASSING THE AREA, OFFICERS CONDUCTED A STOP OF XXX ANDXXX AT XXXTEMPLE STREET. OFFICERS OBSERVED XXXEXISTING XXXXXX WAS TRANSPORTED BACK TO B3 FOR FURTHER QUESTIONING AND XXXWAS FIO'ED AND RELEASED. NEGATIVE RESULTS YIELDED FROM MOTOR VEHICLE.",1
FC21002938,2021-07-28 18:30:00,,BOSTON,2121,Stopped,Reasonable Suspicion ,,Passenger Car/ Automobile,1,1,0,0,0,"YVSF

Officers conducted a TS for excessive tint on ma reg XXXa black 2021 chrysler 300 operated by XXXan active Greenwood member with prior F/A charges who is currently on GPS monitoring. XXXstated to officers he was recently stopped because of the tint however needs to conceal his idenity because he has ""beef"" on the street. Verbal warning given",0
FC20005107,2020-10-13 01:58:00,,BOSTON,2125,Stopped,Reasonable Suspicion ,,Passenger Car/ Automobile,2,0,2,0,0,"About 1:58am on Tuesday 10/13/20 Officer observed MA XXXattempting to pull out on Dorchester Ave but reluctantly waited till the marked Boston Police cruiser drove by. Officer observed a male (XXX) driving with a known female (XXX a known street walker) in the passenger seat. Officer stopped at a red light and waited for the vehicle to pull alongside the cruiser; which XXXrefused to do. Officer waited for XXXto pull in front of the cruiser during the green light, travel a short distance, attempting to elude the Officers sight of the vehicle and then attempted to let XXXout of the car. Officer proceeded to stop the vehicle a block away and was told by XXXthat he paid for oral sex from XXXXXXwas directed by the Officer to stay away from the area. Officer attempted to speak to XXXbut she had fled the area.",0
FC23004958,2023-10-18 02:00:00.0000000,,DORCHESTER,2124,Stopped,Probable Cause, Body Worn Camera,Passenger Car/ Automobile,1,1,0,0,1,"Tstop for VALS (Excessive Window Tint) of MA REG: XXXat Washington St & Aspinwall Rd.

op identified as (XXX prior f/a).

Based on observations made on scene which consisted of argumentative throughout the entirety of the stop, Officers believed the operator to be concealing items due to his refusal to roll down windows as well as his breathing to be abnormal.

Pat frisk of XXXyielded negative results of any weapons. Upon pat frisk of the m/v, Officers observed a ""mini bat"" to be on the driver side floorboard.

Electronic Citation issued per MACCS System.

FIO'D to associate occupant with the m/v.

C111A (Champagnie // Farley).",1
FC25000236,2025-01-16 14:38:00,,BOSTON,2109,Stopped,Reasonable Suspicion , Body Worn Camera,Moped,1,0,1,0,0,"Officers stopped black moped (VIN XXXat the intersection of Surface Road and Sudbury Street. A novelty plate was taken into police custody. The operator XXXDOB XX/XX/XXXXwas given MA Uniform Citation XXXfor:  UNREGISTERED MOTOR VEHICLE * c90 §9  NUMBER PLATE MISSING * c90 §9   Novelty Plate logged into A1 Property Book #55, Page 17.  Officers Barry & Carrafiello",0
FC25001424,2025-04-03 19:15:00,,BOSTON,2121,Stopped,Probable Cause, Body Worn Camera,Passenger Car/ Automobile,2,2,0,0,0,T/S for VALS (89/9 Red Light) of MA Registration XXXat the intersection of Eldon St and Washington St.   Op:XXX XXX)  Passenger: XXX (No BOP)  Both occupants were quiet throughout the traffic stop but remained cordial. Mr. XXXassured Officers that he was staying out of trouble.  FIOE to associate vehicle and document behavior.  H104F (Ruane / Swanson),0
FC24000487,2024-02-02 20:30:00.0000000,MASSACHUSETTS AVE,BOSTON,2118,Stopped,Probable Cause,"Gang, Body Worn Camera",Passenger Car/ Automobile,1,1,0,0,1,"Officers conducted a t/s for fail to stop for red light (ch89 s9) on MA reg XXXat XXXMass ave.

Op identified as XXX (Draper St). Mr.XXX has numerous F/A, 94C and assaults on his BOP.

As Officers were approaching the vehicle Officers observed Mr.XXX make a lunging motion towards the passenger side then returning to his normal seating position. Officers observed Mr.XXX to be looking all around and scrolling through his phone immediately during the stop. Due to his self-admitted active gang affiliation, his prior history around f/a's, his actions and the location of the stop Officers were in fear that a deadly weapon specifically a firearm may be present. Officers frisked Mr.XXX and the vehicle to no avail.

Mr.XXX told Officers he was coming from his girlfriends house at XXXLenox St. Officers also observed a large quantity of US currency in Mr. XXX pocket and scattered throughout the vehicle.

Mr.XXX was very cordial throughout the exit order and was very understanding when Officers explained the reasoning. Mr.XXX was wearing a Diamondbacks hat with the letter ""D"" on it. When asked if he still hangs with around with Draper St he began to laugh and nod.

FIOEd for intel

DK01F (Murphy/Lonergan) D207F (Lerro/Larosa)",1
FC24002767,2024-07-04 00:06:00.0000000,,ROXBURY,2119,Stopped,Reasonable Suspicion ,"Gun, Body Worn Camera",Passenger Car/ Automobile,2,2,0,0,2,"Just after midnight on 7/4/24, Officers assigned to the District B-2 Drug Control Unit along with Detective Dodd, under the direction of Sgt Det J McCarthy patrolling the Roxbury area noticed a Gray Toyota Rav-4 (MA XXXfail to stop for a red light at Shawmut and Ruggles St. 

A m/v traffic stop was conducted at Malcolm X Blvd and Roxbury St. The BK03A unit responded to assist DCU officers. The operator, identified as XXX informed Det Dodd he had been smoking marijuana and had the characteristics of being under the influence of such. 

The passenger, later identified as XXXappeared to be sleeping after officers noticed both occupants to be alert prior to the stop. In addition there was evidence of open containers of maijuana inside the vehicle in plain view. Based on these observations, both occupants were asked to exit. 

S/D McCarthy asked XXXto exit the passengers side to which he did. He was asked if he had any weapons, XXXpointed to his waist indicating he did. Officer Askins lifted XXXshirt and recognized a firearm inside his waistband area (un-holstered). 

Officers secured the firearm as XXXstated ""its registered"" and informing Officers he had a license to carry (LTC). XXXwas unable to produce an LTC, however, Officers verified this information to be true. Mr XXXstated he was getting a ride home from Mr XXXand did not appear to be under the influence of any drugs or alcohol. 

The firearm was handed back to XXXand he was allowed to operate the vehicle rather than XXXwho was clearly under the influence of marijuana. XXXreceived a verbal warning for the red light violation.",1
FC20005592,2020-11-14 17:50:00,DORCHESTER AVE,DORCHESTER,2125,Stopped,Reasonable Suspicion , Body Worn Camera,Passenger Van,4,1,0,3,1,"About 6:45 PM Officer Hosea was responding to the area of the JFK / UMASS MBTA Station as State Police stopped a stolen vehicle and two males fled the area. The males were described as wearing a black hoodie and light jeans, the other wearing a heavy grey hooded sweatshirt.

The officer observed two males matching the description sitting on the wooden wall at 888 Dorchester Avenue (Gulf). When the officer approached the males, the male in the black hooded sweatshirt and light jeans became hostile, the other fled. The officer identified the male in the black hooded sweatshirt and light blue jeans as XXX XXXof XXXHamilton Street, Dorchester. XXXstated that he was coming from JFK and was hostile. It should be noted that XXXlives on Hamilton Street and the vehicle was stolen from the corner of Hamilton Street and Bowdoin Street. 

With a lack of video available at the time and the witness having left the scene, XXXwas FIO'd and released. When released XXXwalked in many different directions, turning around and changing directions often until the officer left the scene.

H436F / HOSEA",1
FC24003803,2024-09-16 00:00:00.0000000,,DORCHESTER,2124,Stopped,Probable Cause,Body Worn Camera,Passenger Car/ Automobile,5,3,1,1,5,"About 0100 officers observed a gray Toyota Camry bearing MA XXXon Wales St. with a headlight out (90.7). The vehicle then proceeded to cross over Harvard and continued on to Wales St.. The vehicle rolled the stop sign at Wales St and Nightingale St (89.9) then turned left on to Nightingale St. The vehicle then rolled the stop sign at Nightingale St and Bernard St (89.9) then turn left on to Bernard St. The vehicle then took a right on to Harvard St. The vehicle also rolled the stop sign at Harvard St and School St. (89.9). 

Officers initiated a stop of the vehicle in the area of Harvard St and Harvard Ave. for the above offenses. As soon as officers stopped the vehicle the back seat passenger side passenger quickly ducked down then popped back up. The vehicle was occupied five (5) times.

Driver:XXX

Front Passenger: Unknown

Driver's rear: XXXXXX

Middle rear: XXX

Passenger rear: Unknown

The operator appeared to be breathing heavily and unnaturally. Based on all of the above factors officers issued an exit order. A Pat frisk of the vehicle and person was conducted and yielded negative results. A verbal warning was given for the above offenses.",1
FC20002637,2020-05-17 01:14:00,,BOSTON,2136,Stopped,Reasonable Suspicion ,,Passenger Car/ Automobile,1,1,0,0,1,"Observed vehicle parked in Akiki (1171 Hyde Park Ave) with MA Reg. XXXand stopped for VAL's. Operator was XXX(Prior F/A Charges) Frisked vehicle and operator for weapons to no avail. Owner/operator cited for equipment violations FIOE'd and released. 

LG03A (DiPiro/Baltazar) LG04 (Abreu/Villegas-Hoag) T922 (SGT. Sanchez)",1
FC21003603,2021-09-14 00:00:00,FULLER ST,BOSTON,2124,Stopped,Encounter,,Passenger Car/ Automobile,1,1,0,0,1,"Traffic stop 284 Fuller St of MA reg XXXMazda CX7 (tint/exp insurance). Operator XXX (Active BBMG /multiple drug distribution charges on BOP) frisk of the vehicle due to folding knife. Large quantity of money inside center console. XXXproduced valid active insurance info. Verbal warning issued for 90/9D.

CK01D Coffey/O'Toole",1
FC22002221,2022-05-28 08:50:00,DUDLEY ST,DORCHESTER,2125,Stopped,Probable Cause,,Passenger Car/ Automobile,4,3,0,1,4,"At about 08:50 PM, Saturday, 05/28/2022, YVSF Officers Degrave/Muhammad (Vk06) conducted a traffic stop of MA. Reg. XXX(2004 Black Honda Accord) for excessive tints (90;9D). Officers made several observations which led them to believe that the occupants may be in possession of a weapon. For Officers' safety, Officers conducted a pat frisk for weapon and recovered a firearm on the driver's person. Driver was identified as XXX (DOB: XX/XX/XXXX

 Front seat passenger was identified as XX/XX/XXXXRight side, rear passenger, was identified asXXXXX/XX/XXXXand Left Side, rear passenger, was identified as XXX XX/XX/XXXXXXXwas transported to District B2 for booking and the other parties were released on scene.",1
FC25003415,2025-07-01 10:15:00,DORCHESTER AVE,DORCHESTER,2122,Stopped,"Intel, Reasonable Suspicion ", Body Worn Camera,Passenger Car/ Automobile,2,2,0,0,0,"TS of MA REG XXXat XXXDorchester Ave in regard to a MA State PD BOLO/ID Wanted for the vehicle.   Op identified asXXX (multiple FA offenses, trafficking 94c)  Passenger identified as XXXmultiple prior FA offenses)  Ma State PD notified (H-6)  HK01D (E. Foley/Taylor)",0
FC22001540,2022-04-19 21:07:00,MORTON ST,MATTAPAN,2126,Stopped,Probable Cause,,Passenger Car/ Automobile,3,3,0,0,2,"T-Stop for vals (attached plates) at XXXMorton Street, Mattapan, Officers came in contact with the operatorXXXand passenger XXX. Both parties did not possess an active driver's license and stated that the vehicle was recently purchased the day prior and in the process of being registered. Both parties were given exit orders, vehicle and parties frisked to no avail.XXX arrived on scene and presented an active driver's license and took custody of the vehicle.XXX was issued a verbal warning.

 It should be noted that XXXhas been previously FIO'd with active BBMG associates several times and alsoXXX has a previous report where he was named as a suspect in an armed robbery by firearm but never charged. Parties were FIO'd and released.",1
FC24001478,2024-04-02 13:45:00.0000000,MORTON ST,DORCHESTER,2124,Stopped,Probable Cause,"Gang, Other Agency/Unit Notified, Shots Fired, Gun, Body Worn Camera",Passenger Car/ Automobile,3,1,0,2,0,"On Tuesday April 02, 2024 at about 13:45hrs Massachusetts State Police Department H Troop (H-6 South Boston) Trooper XXX#4408 conducted a motor vehicle stop a black colored 2022 Chevrolet Malibu bearing New Jersey Registration : XXXThe operator was Mr. XXX. 

Trooper made observations of what appeared to him to be bullet holes in the drivers side rear truck area. 

Mr.XXX informed Trooper XXXthat the damage happened about a week ago; that he had already reported the motor vehicle damage to the Boston Police Department. 

It has been confirmed that Mr. XXX was not truthful in his statements to TroopeXXX.

MSP FIO Report #XXX",0
FC21004523,2021-11-28 00:51:00,HYDE PARK AVENUE,BOSTON,2130,Stopped,Probable Cause,,Passenger Car/ Automobile,2,2,0,0,0,"T-Stop for VALS (tinted plate cover) at 335 Hyde Park Ave on Georgia Temp. Tag XXX(2006 gray Chevrolet Equinox).

Driver - XXX(Creston associate, F/A Trafficking on BOP) stated he is on Federal Probation.

Passenger XXX(open F/A charge on BOP)

Verbal warning issued. 

JG01A (Ruiz/del Villar)",0
FC23000126,2023-01-05 22:43:00.0000000,HOLWORTHY ST & CRAWFORD ST,ROXBURY,2121,Stopped,Reasonable Suspicion ," Body Worn Camera, Gang",Passenger Car/ Automobile,1,1,0,0,0,"Traffic Stop for 90/17 (speeding) and 89/9 (fail to stop, stop sign) of a black 2017 BMW 540 (MA REG XXX
OP:XXX (DOB: XX/XX/XXXXOpen F/A and known XXX Associate. 

XXXwas the sole occupant and stated that he still lives in Everett but was on his way to see a friend in Mattapan. XXXstated that the vehicle is registered to his wife, but repeatedly stated the vehicle is his and became irritated over officer's questions.

FIO'd for intel.

-B102F (Green/Luciw)",0
FC21003113,2021-08-14 03:30:00,ORLANDO ST,MATTAPAN,2126,Stopped,Probable Cause,,Suv (sport Utility Vehicle),1,1,0,0,1,"About 3:18am on Saturday 8/14/21 Officers responded to the area of XXXAlmont St for a report of a person shot (I2120XXX6861). While en route Officers were advised that a dark colored jeep, bearing MA REG XXX, was seen leaving the area.

Officers observed the Jeep on Orlando St. and conducted a motor vehicle stop. Officer removed the operator, XXX (DOB XX/XX/XXXXand conducted a pat frisk. Officers removed a holstered Glock 19 hand gun from the front of XXXwaste band. 

XXXexplained to Officers that he worked as an Armed Security Officer in the Sea Port and that the firearm recovered was his and that he possessed a valid license to carry. Officers retrieved XXXLTC and conducted a CJIS check of his license status and firearm. XXXstated that he lived at XXX Orlando and that he had driven by Almont Park after the shooting took place.

Officers confirmed that XXXhad a valid LTC, and that the firearm removed from his person was in fact his, and confirmed the address on XXXLTC was XXX Orlando. After speaking with Detectives XXXwas released and his firearm returned.",1
FC23002715,2023-05-28 03:00:00.0000000,ALBANY ST,BOSTON,2118,Stopped,Intel, Body Worn Camera,Passenger Car/ Automobile,2,1,1,0,0,"TS Vals XXXAlbany st MA REG XXXXXXwas observed walking aimlessly in area and proceed to walk towards Mass Ave. Officers approached vehicle and spoke with passenger later identified asXXX. XXXstated she is in a relationship with XXXbut is not sure where he went. Advised XXXto get intact with XXXand move his vehicle due to obstructing the flow of traffic on Albany Street.

Citation issued.",0
FC24002076,2024-05-15 19:06:00.0000000,,CHARLESTOWN,2129,Stopped,Probable Cause,"Gang, Body Worn Camera",Suv (sport Utility Vehicle),3,1,2,0,0,"About 7:06pm, on 05/15/24, traffic stop for VALs on a 2017 black Jeep Grand Cherokee (MA REG# XXXat Bunker Hill St. & St Martin St., Charlestown.

Officers observed the vehicle to have excessive window tint on all window, including the windshield. Officers noted the windows to be so dark that they could not even see a silhouette of a person from outside of the vehicle. 

Operator identified as XXX (DOB XX/XX/XXXX XXXassociate with robbery, assault to rob, 94c, ABDW on BOP.

XXXwas extremely confrontational throughout the stop and refused to listen or understand the safety concerns behind the tinted windshield on the vehicle.

Officers also observed XXXto be on a facetime call with XXX (DOB XX/XX/XXXXXXXis an active XXX member with Murder, multiple F/A, and open 94C on BOP and his vehicle has been present during recent shots fired in Charlestown.

Vehicle registered to a XXX(DOB XX/XX/XXXXout ofXXXTibbetts Town Way, Charlestown.

XXXonly elevated his tone with Officers and continued to speak over them stating that he needed the window tints for his own safety because he ""didn't want to be seen"".

Officers issued a Massachusetts Civil Citation XXX
A101F (Marchand/Hiltunen)",0
FC20003291,2020-06-16 01:45:00,HOMESTEAD ST,ROXBURY,2121,Stopped,Reasonable Suspicion ," Body Worn Camera, Gang",Passenger Car/ Automobile,5,4,1,0,1,"Officers observed above known H-Block associates hanging out, drinking alcohol and smoking weed, in the rear parking lot of 65 Homestead Street for a number of hours. When officers approached the group both XXX and XXXnoticeably separated from the rest of the group. XXXfled into the rear of XXXHomestead Street, XXXstopped and frisked to negative results

XXXbecame very loud and animated shouting at officers that they were mourning the death of his brother. XXXthreatened to shoot police officer, referencing a past incident where he was present during the shooting of a Boston Police Officer.

Rear parking lot of 65 Homestead continues to be a location wear H-Block associates congregate.

FIOd for intel.

B101A (Walsh/Beauchemin) B103A (Picarello/MacDonald) B909 (Sgt Burrows) multiple B-2 units",1
FC20001422,2020-02-23 22:30:00,TREMONT ST,BOSTON,2116,Stopped,Reasonable Suspicion ," Gang, Body Worn Camera",Passenger Car/ Automobile,2,2,0,0,0,"Officers observed MA REG XXX 2004 Audi A6 parked on Haywood place. Officers then observed the vehicle to have backed out of Haywood Pl onto Washington St then left onto West st and continue on Tremont st where it was then stopped. The MV was operated by XXX, who is an active Morse St member and passengerXXX who is an Mission Park member with multiple prior drug charges. Officers have had prior encounters wit bothXXX and XXX who are usually around the boylston and essex area, known for drug distribution. 

AK01F D'Addieco/ McGahan",0
FC23001778,2023-04-04 23:00:00.0000000,,BOSTON,2122,Stopped,Probable Cause,,Passenger Car/ Automobile,1,1,0,0,0,"T-stop of a 2022 Gray Dodge rental (XXX) for speeding and stop sign violation. Officers made contact with the operator XXX (DOB: XX/XX/XXXXmultiple prior F/A arraignments and open F/A. Officers are familiar and friendly with XXXwho was his normal conversational self. written warning issued, FIOED, and released. 

Coyne/Turner",0
FC22002696,2022-06-25 00:45:00,OLNEY STREET,BOSTON,2121,Stopped,Encounter,,Passenger Car/ Automobile,1,1,0,0,0,"About 12:45 am, Saturday, June 25, 2022, Officer Kennedy and Palanco, while assigned to the H103A, observed Ma Reg XXX(White Honda Civic) in the rear of the John P Holland School (Geneva Ave Side). Officer observed the driver to be the owner XXX), who has prior F/A charges out of Quincy District Court.",0
FC23003458,2023-07-11 13:04:00.0000000,WESTVIEW ST,DORCHESTER,2124,Stopped,Probable Cause, Drugs,Suv (sport Utility Vehicle),2,1,1,0,1,"Officers conducted a traffic stop at XXXWestview St on a a 2011 black Infiniti FX35 bearing New Jersey XXXDay Non-Resident) Temporary Plate XXX

Both occupants in the vehicle exited and attempted to flee from Officers in order to avoid from being stopped. 

Operator:XXX

Front PassengeXXXactive Heath St associate // prior F/A convictions)

Officers observed a bulge in the rear of XXXright mid calf sock. The bulge did not appear to be anatomically correct or consistent with the left leg. Officers attempted to place XXXin handcuffs which he resisted. Officers eventually placed XXXin custody and located 4 loose white rock like substances believed to be crack cocaine. XXXwas subsequently arrested. 

O'Connor/Griffiths/Sgt. McDonough",1
FC21000274,2021-01-28 00:55:00,,BOSTON,2124,Stopped,Probable Cause,,Passenger Car/ Automobile,3,3,0,0,1,"About 12:53 am, Thursday, January 28, 2021, Officer Kennedy, while assigned to the C425A, while on regular patrol in the area of Edson St and Norfolk St.

While on regular patrol while operating a marked Boston Police cruiser (#7527) in the area of Edson St and Norfolk St. Officer Kennedy observed Ma Reg XXX(Black Acura 2 Door) fail to stop at the stop sign on Edson St at Norfolk St. Before activin his lights and siren, Officer Kennedy observe Ma Reg XXXfail to stop at the traffic signal (red) at the intersection of Norfolk St and Woodrow Ave. Ma Reg XXXcontinued to take a left on New England Ave. 

Officer Kennedy was able to conduct a traffic stop at the beginning of New England Av and Woodrow Ave. Officer Kennedy observed XXX XXXas the operator of the vehicle. The passenger identified as the owner of the vehicle, XXX XXX

The operator could be seen holding the vehicle registration and a driver's license out of the driver's window. The operator could still be seen reaching around the vehicle before Officer Kennedy approached the driver's window.

The operator stated he did not have a driver's license and was only traveling to Nightingale St. Officer Kennedy conducted an inquiry checks on both the driver and passenger. The operator XXXhad a suspended driver's license, prior firearm charges (2018), and no warrants. The operator also has an active affiliation with H-Block gang. 

The passenger XXXhad and active driver's license and no prior criminal history. 

With the assists of the C113A (PO Lewis & Turner), Officers pat frisk the immitted area of both parties (front seat area, rear seating area). 

The owner XXXstated he did not feel comfortable with her ability to operate a stick shift vehicle. The vehicle was released to a friend (XXX, XXXOfficer Kennedy conducted an inquiry check on Mr. XXXMr. XXXhad an active driver's license, prior firearm charges (2013), and no warrants.",1
FC24000702,2024-02-15 00:54:00.0000000,AMERICAN LEGION HWY,BOSTON,2124,Stopped,Probable Cause,Body Worn Camera,Passenger Car/ Automobile,2,2,0,0,2,"T/S of 2015 red Chrysler 200 (MA REG XXXfor VALS (Speed greater than reasonable, Equipment Violation) at XXXAmerican Legion Highway, Boston.

OperatorXXX(No BOP)

Front seat passengerXXX(Active Columbia point, Prior F/A)

Officers activated the emergency lights and attempted to affect a traffic stop in the area of XXXBlue Hill Ave. The vehicle initially failed to stop and slowly continued to travel onto American Legion Highway before finally coming to a stop. Both XXXand XXXwere calm and cordial with Officers.

Due to the vehicle initially failing to stop and the front passenger's prior firearm history an exit order was issued. Occupants and vehicle frisked yielding negative results. BWC activated.

Verbal warning issued to Operator for violations.

HK01A (D. Foley/Zammito/Keohan)",1
FC24000395,2024-01-29 17:05:00.0000000,TREMONT ST,ROXBURY,2120,Stopped,Reasonable Suspicion ,"Warrant Arrest, Body Worn Camera",Passenger Car/ Automobile,3,2,0,1,2,"T/S of MA REG XXXin the area XXXTremont St. for excessive tint. Officers had previously observed the vehicle in the vicinity of Northampton St. and Reed St. a few minutes prior. Officers noted the vehicle to be a dark colored Ford Explorer with characteristics that made it strongly resemble an unmarked cruiser. 

Officers made contact with the operator later identified as XXX as well as the passenger XXX. Neither party was the registered owner of the vehicle. XXX after being given an overwhelming number of chances to provide a driver's license was eventually removed from the vehicle and placed under arrest for Failure to Submit. XXX eventually informed Officers he did not have a valid license as well and provided a fake name of XXXXX/XX/XXXX

Officers eventually were able to properly identify the operator and discovered 4 active warrants. Due to no licensed driver on scene the vehicle was towed and XXX was released. 

XXX BOP includes Unarmed Robbery, F/A, Escape, 94c, Larceny, Receive Stolen Prop, ADW and 209a offenses. 

XXX BOP includes Trafficking, Distribution, ABDW, ADW, Malicious Damage of Prop, Forgery, Uttering and 209a offenses. 

FIO to associate individuals with the vehicle. BWC activated. 

DK01F (McDonough/Crowley/Lonergan) as well as numerous District 4 units.",1
FC24002748,2024-07-02 22:05:00.0000000,CHESTERTON ST,BOSTON,2119,Stopped,Reasonable Suspicion ,Body Worn Camera,Passenger Car/ Automobile,1,1,0,0,0,"10:05 PM T-Stop FL REG XXXWhite Dodge Challenger for VALS (Failure to use turn signal) in the area of XXXChesterton St, Roxbury. Vehicle is a PV Holdings rental.

Officers observed the challenger circling around side streets along Mass Ave. Vehicle failed to use turn signal turning from Rusfield St onto Allerton St and again from Allerton onto Chesterton St.

OP identified as XXX, DOB: XX/XX/XXXX(Prior F/A's). XXXwas immediately argumentative with Officers stating ""there are people out here actually committing crimes"" and ""I'm not a felon"". XXXcontinued to argue throughout the duration of the stop.

Verbal Warning Issued. FIO'd to associate XXXwith the M/V and the area.

F201F (Fawkes/Lepore)",0
FC24000446,2024-01-31 20:53:00.0000000,MORRISSEY BLVD,BOSTON,2125,Stopped,Probable Cause,Body Worn Camera,Suv (sport Utility Vehicle),2,2,0,0,0,"Traffic stop for 90/17 (Speeding, 50 in a 35 MPH Zone) at XXXMorrissey Boulevard of silver Chevy Equinox (WA Reg XXX
Operator identified as XXX (Open trafficking Class A). Passenger identified as XXX. 

Verbal warning issued. FIO to associate with vehicle.",0
FC25001932,2025-04-29 02:24:00,,BOSTON,2115,Stopped,Probable Cause," Body Worn Camera, Gang",Passenger Car/ Automobile,1,1,0,0,1,"T Stop for speeding of gray Chevy Malibu (NJ Reg: XXXat intersection of Parker Street and Ruggles Street.  OperatorXXX multiple prior F/A, violent, drug offenses)   Officers initially observed the vehicle leave from Bromley Heath housing development after a gray Chevy sedan with out of state plates fled BPD officer t stop into the development. XXXpulled out of parking lot and left development at high rate of speed after marked BPD cruiser passed behind him. Continued down Terrace Street at a speed much higher than reasonable. XXXdenied being in Heath Street and stated he had been driving 20 MPH on Terrace.  Exit order issued, XXXand vehicle pat frisked. XXXwas argumentative with officers and repeatedly attempted to make phone calls to some sort of influential figure implying that they would punish officers for the traffic stop. XXXdeclined to provide address for citation so it was mailed to address listed on his license.  Multiple San Francisco Giants baseball hats observed in back seat of vehicle.  BK03A",1
FC25000523,2025-02-05 17:50:00,,DORCHESTER,2121,Stopped,Reasonable Suspicion ," Gang, Body Worn Camera",Passenger Car/ Automobile,4,4,0,0,0,"TS for VALS (no inspection sticker) MA REG: XXXat the intersection of Washington Street and Harvard Ave, Dorchester  Op: XXXFront Pass: XXXXX, Open F/A, Open 94C  Rear Pass: XXXXX, Prior 94C  Rear Pass: XXX(DOB: XX/XX/XXXXXXX, Prior F/A  All party’s cordial on scene. Verbal warning issued.  B101F (Kadey/Kovaleski)",0
FC24000490,2024-02-01 20:30:00.0000000,,BOSTON,2118,Stopped,Probable Cause,Body Worn Camera,Passenger Car/ Automobile,2,0,2,0,1,"T Stop on CT REG: XXXfor speeding (Ch90. S17) at Albany Street and Plympton Street.

Driver identified as XXX XX/XX/XXXXno active driver's license

Passenger identified XXXXX/XX/XXXX
Earlier in the night, Officers assisted the D-4 DCU with arresting XXX XX/XX/XXXXfor two active warrants as well as drug related charges. As Officers placed XXXunder arrest, they observed Mr. XXXto be in the direct company of XXXduring a UC buy that led to XXXarrest, as well as the aforementioned vehicle to be parked in the immediate area of the arrest. Officers were also aware of a BRIC flyer of Mr. XXXpossibly being in the possession of a firearm.

Officers issued an exit order for XXXdue to him not possessing a license. Officers searched the vehicle, with verbal consent from XXXwhich yielded negative results. 

Due to the fact that the Mr. XXXgirlfriend XXXhad a valid license, Officers allowed her to drive the vehicle.

Mr. XXXvery cordial with Officers however Ms. XXXwas verbally combative with Officers. Verbal warning issued for the speeding.

DK01F (Lonergan/Murphy)",1
FC25006096,2025-11-17 01:50:00,,DORCHESTER,2121,Stopped,Probable Cause," Body Worn Camera, Gang",Passenger Car/ Automobile,2,2,0,0,2,"Traffic stop 01:50 Geneva Ave / Columbia Rd for Window Tint / failed inspection sticker.  Officers conducted TS of BMW MA reg XXX(100+ inquiries regarding occupants with firearm history. rental company XXX  PA:XXX (prior F/As)  Officers immediately noted XXXto pretend to sleep with his hand tucked into his sweatshirt pocket. Officers also noted XXXto become wide eyed in a look of fear while talking with officers. Based off behavior seen by officers along with prior history of XXXand history of rental vehicles being used for criminal activity, officers conducted an exit order. XXXbecame very agitated and did not comply with officers commands until officers assisted him out of the vehicle. XXXalso began rolling up his window and declined to exit but eventually did without incident.  Both parties and vehicle frisked to no avail. Both parties argued and recorded officers throughout frisk.  verbal issued warning for the VALs.  C112A(Belanger/Fawkes) CK01(McPherson/Oneil)",1
FC24002401,2024-06-04 17:30:00.0000000,,BOSTON,2110,Stopped,Probable Cause,"Body Worn Camera, Child Present",Passenger Car/ Automobile,1,1,0,0,1,"At 5:30 PM on 6/4/24, Officers stopped a black Honda HR-V (MA reg. XXXoperated by XXX (DOB XX/XX/XXXXon Arch Street and Summer Street for multiple red-light violations. 

XXXhas multiple Class B Distro convictions out of Suffolk Superior, multiple additional Class B Distro charges out of Roxbury, Chelsea, and Quincy, and Armed Robbery (Sawed Off Shotgun) conviction out of Suffolk Superior. 

When XXXopened his glove compartment to retrieve his registration, Officers observed a large 7-8 inch, double-edged ""Milwaukee"" knife at the very front of the glove box. Officers issued an exit order and conducted pat frisk for additional weapons, yielding negative results. 

XXXwas initially confrontational with Officers and made statements to his 13-year-old daughter, XXXwho was in the back seat, ""not to move suddenly"" because ""he knows how cops are."" 

After several minutes of de-escalation, XXXbecame very cordial with Officers and apologized for his behavior. 

Verbal warning issued.

BWCs activated. 

Ostholthoff/McCullough (AK15F)",1
FC25003576,2025-07-09 17:00:00,,BOSTON,2128,Stopped,Reasonable Suspicion , Drugs,Suv (sport Utility Vehicle),2,1,1,0,2,"On Wednesday, 7/9/25, at about 17:00, members of the A7 DCU observed an individual known to them asXXXwas standing at the corner of Lubec St and Porter St. XXXwatched all vehicles driving by and appeared to be waiting for the arrival of someone. Minutes later, a black SUV MA Reg. XXXstopped in the middle of the road by XXXXXXapproached and after a brief conversation entered the front passenger side. The vehicle drove around the block and stopped back at the corner of Lubec St and Porter St. XXXgot out of the vehicle, entered XXX Lubec and came back out in less than a minute. XXXthen walked down Porter St. XXXdrove down Porter St in the same direction. Officers training and experience led them to believe that a drug transaction may have transpired. Officers conducted a stop to investigate further. XXXand the operator of the vehicle made inconsistent statements. XXXstated that he had given the operator $240 that he owed for a previous ""transaction"". XXXstated to officers that he had just dropped off food for his friend. Neither party knew the other person's name. Officers did not locate any contraband. Both parties released",1
FC23006067,2023-12-29 16:20:00.0000000,,BOSTON,2215,Stopped,Probable Cause, Other Agency/Unit Notified,Passenger Car/ Automobile,1,0,0,1,0,"P#230659592 / I# 232105994 / FIOE # FC23006067

About 4:20 PM on Friday, 12/29/2023, Detectives Liam Hawkins (V818) and Michael Byrnes (V884) of the Homicide Unit were traveling westbound on Storrow drive near the Arthur Fiedler footbridge in an unmarked Boston Police vehicle (brown Ford Explorer). The weather was overcast with light mist and what little daylight experienced during the day had begun to set. 

A white Toyota Camry being operated as a Taxi was traveling westbound two vehicles ahead of us and without warning came to a complete stop in the middle of Storrow Drive for no apparent reason as there did not appear to be any road defects, hazards or other vehicles traveling immediately in front of the taxi. The result was a chain reaction of all westbound traffic behind said taxi having to come to an abrupt stop and there were several near collisions.

The operator of the taxi then continued westbound, rapidly changing lanes no less than three (3) times without signaling, before exiting Storrow Drive onto the Bowker Overpass near Charlesgate. Det. Byrnes activated the blue lights and audible siren at which point the Taxi operator activated the right turn signal and moved to the right lane but continued driving forward as we pulled behind him. The operator then activated the left turn signal and moved back to the left lane while continuing to drive forward away from the cruiser with blue lights and sirens activated. It should be noted that both the rear left and rear right turn signal functioned properly at this time, indicating that the operator chose NOT to use them during his previous, rapid, unsafe lane changes. The Taxi only stopped as traffic ahead of it was stopped at the red light where the Bowker Overpass intersects with Boylston Street.

At this point, Det. Hawkins exited and approached the operator with his badge clearly displayed on the front of his belt. Det. Hawkins requested the operator's license and Hackney card. As the operator retrieved those documents, he said, ""What did I do?"". Det. Hawkins informed the operator of the numerous violations and observed that there was an adult male passenger (rear driver's side) and adult female passenger (rear passenger side) traveling as fares. Due to the fact that a prolonged traffic stop in the location where the operator finally stopped would have negatively impacted the free flow of traffic and the fare-paying customers, Det. Hawkins took a photograph of the operator's license and Hackney card with his Department cell phone and advised him that he was free to go but that the Hackney Unit would be notified.

Back in the office, Det. Hawkins reviewed the operator's driving record and observed 16 separate cited violations between 1998 and 2019. 

As such, Det. Hawkins issued Massachusetts Uniform Citation # XXXas all civil infractions toXXXper:

 * 720 CMR 9.06(9) ""Failure to Use Care in Stopping""
 * MGL c90 s14B ""Failure to Signal""
 * MGL c89 s4A ""Unsafe Lane Change"" 
And, Massachusetts Uniform Citation # XXXas all civil infractions toXXXper:

 * MGL c89 s7A ""Failure to Yield to an Emergency Vehicle with Lights and Siren Activated"". 
Both citations were mailed to the address on file with the RMV.

BPD Hackney Unit was notified.",0
FC22000862,2022-03-08 15:34:00,,BOSTON,2122,Stopped,Probable Cause,,Passenger Car/ Automobile,3,3,0,0,3,"YVSF Intel - VK23

Officers observed MA reg: XXXon Quincy Street cross over Bowdoin Street and continue onto Adams Street. Officers observed three male occupants, all with hoods up and face masks on. A CJIS query of the vehicle revealed it was registered to Coleus Park gang memberXXX(active license), and further revealed the vehicle was not inspected. 

Officers conducted a traffic stop at Adams Street and Winter Street. XXXwas the operatoXXX gang member XXXwas the front passenger, XXX was the rear passenger. XXXhas an open firearm case. XXXhas no criminal history; however, has a recent FIO with Coleus Park gang memberXXX 

XXXis normally hostile and loud; however, this time he was meek and quiet. Numerous further observations lead to officers conducting a pat-frisk of all three occupants and the vehicle. No weapons were located; however, officers noted a real ballistic vest (inner carrier) in the trunk of the vehicle. The vest was further equipped with a hard chest plate. When asked about the vest, XXXclaimed the ballistic vest was for ""fashion.""",1
FC24004040,2024-10-06 18:20:00.0000000,EVANS ST & NELSON ST,BOSTON,2124,Stopped,Probable Cause,"Body Worn Camera, Drugs",Passenger Car/ Automobile,2,1,0,1,1,"TS of MA REG XXXfor an Expired Registration at the intersection of Evans St and Nelson St. Operator was identified as XXX DOB XX/XX/XXXX(prior 94c) and front passenger identified as XXX DOB XX/XX/XXXX(prior 94c). While XXXwas retrieving the registration from the glove box, a clear plastic baggy with 4 yellow pills were also observed in plain view. 

Both XXXand XXX were issued Exit Orders, and their immediate grabbing areas were pat frisked yielding negative results.While speaking with XXXshe stated that pills were for her stomach issues. Officers were able to identify the pills as pantoprazole which is used for acid reflux. Officers advised XXXthat she would need to carry the medication in the proper container and to also contact the registry to properly renew her registration. FIO'd for Intel

CK01F (Coyne / Kennedy)",1
FC23003686,2023-07-25 22:40:00.0000000,WASHINGTON ST,ROXBURY,2120,Stopped,Probable Cause, Body Worn Camera,Passenger Car/ Automobile,4,2,2,0,4,"T Stop for vals (Speeding, 90:17, excessive tints, 90:9D) on MA REG: XXXat the intersection of Melnea Cass Blvd and Washington Street.

Operator identified as XXX XX/XX/XXXX(suspected H-Block, prior ADW, ABPO)

Front passenger identified asXXX, XX/XX/XXXX
Rear left passenger identified as XXX XX/XX/XXXX(prior trafficking cocaine 200gs, A/B with a F/A, poss F/A, armed assault to murder, 

Rear right passenger identified asXXX (Active N.O.B, prior poss to dist Class A and D)

Upon approach, Officers immediately noticed a small replica firearm (larger than the size of a palm) to be sitting on XXX's lap. Upon further examining of the replica, it stated in bold letters to say XXXOfficers observed a small pair of scissors in the cupholder. Officers also observed  XXXentire body to be uncontrollably shaking during the entire duration of the stop

Officers are aware that N.O.B associateXXX was recently shot and killed (ref I232053295) and that multiple firearms have been recovered at Mr. XXXcandlelight vigil

Officers are also aware that H-Block and 400 Block share an alliance as well as a mutual feud with Lenox associates. 

Due to all of the above observations and the close proximity of the stop to where Lenox Street members congregate, Officers conducted a pat frisk for any weapons inside of the vehicle, which yielded negative results.

Officers issued a verbal warning for the infractions. 

It should be noted that the vehicle being operating was said to be a rental vehicle (registered to aXXX, with an address out of Brockton

DK01F (Lonergan/Murphy)",1
FC25000140,2025-01-09 10:30:00,TALBOT AVE,DORCHESTER,2124,Stopped,Encounter, Body Worn Camera,Passenger Car/ Automobile,1,1,0,0,0,"About 10:30 PM on Thursday, January 9, 2025, Officer Smigielski conducted a traffic stop for Failure to Stop at a Stop Sign at XXXTalbot Ave.   Officer Smigielski observed MA Reg XXXfail to stop at a stop sign on Wales Street before taking a right onto Talbot Ave. The Officer conducted a traffic stop at XXXTalbot Ave and identified the Operator as XXX (prior F/A charges and XXX. The Officer asked for the Operators license and registration. After looking through his wallet, the Operator explained he did not have his physical license but was able to provide a picture of it. When the Officer requested the registration again, the Operator explained he does not know where it is because the car belongs to his mother’s spouse. The Officer asked the Operator to look for the registration in which he hesitantly opened the glove box and started pulling out numerous pieces of paper. A CJIS inquiry revealed both the registration and the Operator’s license to be active. The Operator was on the phone with his girlfriend during a majority of the traffic stop. The Operator told the Officer that he was headed home from his girlfriend’s house.   Officer issued a verbal warning.   C421 (Smigielski)",0
FC24002881,2024-07-13 01:09:00.0000000,WOOLSON ST,MATTAPAN,2126,Stopped,Reasonable Suspicion ,Body Worn Camera,Passenger Car/ Automobile,1,1,0,0,1,"Officers in the C111A responded to a radio call for a person with a gun in the area of XXXWoolson St., Mattapan. 

Officers were informed by the caller that a male, later identified asXXXsitting in a Blue Infiniti (MA XXXwas the individual of concern. Officers conducted a pat frisk of XXXperson and the vehicle he was occupying to no avail. 

It was later discovered that XXXwas yelling in the street making a gesture of having a firearm by grabbing his waist, but the firearm was not observed by the caller. 

XXXwas FIO'd and released.",1
FC21000732,2021-03-02 00:59:00,,BOSTON,2121,Stopped,Probable Cause,,Passenger Car/ Automobile,1,1,0,0,1,"Officers observed Florida Reg. XXX(blue Chevy Malibu) fail to stop at a stop sign at the intersection of Hamilton Street and Columbia Road. The vehicle continued onto Ceylon Street where it quickly pulled to the side of the road. While officers were behind the vehicle, officers observed the front seat passenger climb over the front seats and into the back seat of the vehicle. The vehicle then continued down Ceylon Street and onto Quincy Street where the officers conducted a traffic stop of the motor vehicle.

Due to the erratic driving (quickly pulling over then continuing in the same direction) and the overt movements by the passenger, the driver and the passenger were asked to step out of the vehicle. Occupants and vehicle pat-frisked for weapons to no avail. 

Driver identified as XXX. XXXis an active Charlame 2 gang member and has prior and open firearms and narcotics charges on his BOP. FIO'ed and released. Verbal warning issued for the stop sign violation.

B115A (Riordan/O'Leary) B103A (Picarello/MacDonald)",1
FC25000587,2025-02-10 18:00:00,KENILWORTH ST,BOSTON,2119,Stopped,Reasonable Suspicion , Body Worn Camera,Suv (sport Utility Vehicle),1,1,0,0,1,"6:38 PM YVSF SS XXXKenilworth St Roxbury.  Officers assisted B2 with a Pergun radio call for XXXKenilworth St refer. P250064887 was a 30 Y/O male in a jacket and unknown pants with a firearm.  Officers were passing XXXKenilworth St when they observed a man in a jacket about 25 years old running down the driveway towards a vehicle. He looked at the Officer's cruiser, opened the rear car door, placed an item in the vehicle, and quickly shut the vehicle door. Officers believed that this person was fleeing the radio call and saw police, so he promptly confiscated the firearm.  Officers approached this person and informed them of why they were present. This person, later identified as XXX reported throwing his laundry in the car and did not consent to any searches. Officers looked into the vehicle from the outside and saw no sign of laundry. XXXhad the keys to the car in his hand. Officers took the keys to perform a pat frisk of the area they saw XXXabruptly duck into. There was no sign of any laundry, but no weapons were found. Officers explained the totality of circumstances to XXXwho disagreed with the officers. He asked for Officers badge numbers, which were given to him. XXXalso reported he did not live at the address but was allowed to be there.  VK10",1
FC23000087,2023-01-04 01:30:00.0000000,CHELSEA ST,BOSTON,2128,Stopped,Reasonable Suspicion , Body Worn Camera,Passenger Car/ Automobile,2,0,0,2,0,"MV stopped for VAL (89:9) at Neptune/Saratoga. NY Reg: XXX.

DriverXXX(XX/XX/XXXX Prior Class A and B offenses Suffolk Superior Court.

Passenger XXX (XX/XX/XXXX) Prior Trafficking in Fentanyl case Norfolk Superior.

Parties stated en route to Billiares Bar, known for drug activity by A7 personnel. 

Citation issued. XXXallowed to park MV for night.",0
FC23004607,2023-09-27 17:56:00.0000000,RUTHVEN ST,BOSTON,2121,Stopped,Probable Cause," Body Worn Camera, Gang",Passenger Car/ Automobile,3,3,0,0,0,"T/S for VALs (89/9 - Failure to Stop for Stop Sign/Red Light) of MA Reg: XXXat the intersection of Ruthven St & Harold St.

Operator: XXX (DOB: XX/XX/XXXXprior ABDW & 94C. It should be noted, XXXis the father of XXX (Active Everton/Geneva). 

Front passenger: XXX (DOB: XX/XX/XXXXprior Armed Robbery, Agg. Assault

Rear passengerXXX (DOB: XX/XX/XXXX

Officers were aware of a BRIC bulletin (23-075) that was disseminated on 09/24/2023 in relation to a Stabbing that occurred at XXXDorchester Ave. Officers observed MA Reg: XXXto match the description of the vehicle in the bulletin. 

All parties cooperative and cordial with Officers throughout.

C-11 Detectives notified. 

FIO'd to associate parties with each other and M/V. 

-B102F (Luciw/Green)",0
FC24003323,2024-08-15 03:00:00.0000000,WASHINGTON ST,DORCHESTER,2124,Stopped,Reasonable Suspicion ,"Body Worn Camera, Gang",Suv (sport Utility Vehicle),2,2,0,0,0,"About 3:00AM on 08/15/2024, traffic stop on a black 2019 Hyundai Kona, FL registration XXX(active registration, Hertz rental) at XXXWashington Street for operating without taillights. The Florida plate also had a transparent XXX covering of the type commonly marketed online for avoiding tolls/traffic cameras. The driver (XXX associate XXX born XX/XX/XXXXextensive BOP, prior F/A) produced a valid learner’s permit. He explained the rental vehicle belonged to their friend (not present) who drives for Uber and who they were at that time on their way to see (presumed to be XXX associate XXXbased on recent DV report, I242066050). A properly licensed driver (another XXX associate,XXX, born XX/XX/XXXXminimal BOP) was seated in the front and an unidentified male passenger in the back. The parties were cooperative however the same could not be said about CJIS so they were released with a verbal warning. Cordial interaction.",0
FC23005363,2023-11-11 16:00:00.0000000,,BOSTON,2122,Stopped,Probable Cause, Body Worn Camera,Passenger Car/ Automobile,2,2,0,0,2,"TS MA XXXop mv with no headlights and excessive window tint.

Operator XXX. Passenger XXX (passenger) was contesting the traffic stop more confrontationally then the actual violator. XXXwas visibly shaking with hands trembling. Officer observed a large prescription bottle in the console filled half way with white pills. Officer observed this bottles prescription to be scratched off. CJIS query of XXXyielded negative BOP results, however XXXhas multiple firearm charges including a guilty conviction for an A&B by firearm and guilty conviction for armed assault by firearm. Due to suspected illegal drug use/distribution an exit order was issued to both parties. Street level drug distributers often carry weapons for protection in sale. Due to XXXcriminal record with firearms, suspected drug distribution, and his nervous behavior despite his numerous police encounters, a pat frisk was given to both XXXand XXXThe pills were determined to be Ibuprofen and both parties were released. XXXwas issued a verbal warning for VALS.

(H447F Fullam) (H102F Millane / Horan)",1
FC20001620,2020-03-05 01:06:00,ARMANDINE ST,BOSTON,2124,Stopped,Reasonable Suspicion ," Body Worn Camera, Gang",Passenger Car/ Automobile,4,0,4,0,4,"About 1:06 AM, on Thursday 03/05/2020, Officers observed NH Reg. XXXto be parked & running outside of XXXArmandine Street and the vehicle appeared to be blocking a fire hydrant and partially blocking the driveway at this location. 

It should be noted that as Officers drove by in their marked police cruiser, they observed the front right passenger become ""wide eyed"" and he appeared to mouth the words ""oh shit"" after observing officers while also manipulating something with his hands.

Officers approached the vehicle and identified the driver as Villa Victoria associate XXX (DOB: XX/XX/XXXXOpen F/A). XXX advised that the vehicle belongs to his girlfriend,XXX. None of the 3 passengers were wearing their seat belts and were identified as the following:

XXXXXX (DOB: XX/XX/XXXXXXX (DOB: XX/XX/XXXXand XXX (DOB: XX/XX/XXXXOpen F/A). 

It should be noted that Officers observed smoke and burnt marijuana could be smelled coming from the vehicle. The operator, XXXXXX was found to have a suspended license. Additionally, while interacting with Officers, the front passenger, XXXXXX sat in a slouched position with his right arm clutched tightly to the right side of his body. 

For the above reasons, all parties were removed from the vehicle and frisked to no avail. It should be noted that while frisking the operator, XXXXXX was found in possession of a large amount of USC which he advised was roughly $1400 ""bail money"" from ""beating his case today"". Referencing his open F/A charge which he attended court for on 3/4/2020. 

The operator was given a verbal warning for the VALS and advised that he may not even be the operator in a parked & running motor vehicle until his license is reinstated. The passenger, XXXXXX was found to have an active license and took over as the operator of the vehicle. 

C112A (Miller & Wheeler)",1
FC21001549,2021-04-20 00:58:00,,BOSTON,2121,Stopped,Probable Cause,,Passenger Car/ Automobile,1,1,0,0,1,"TS for VALS (Speeding/Red light violation) of NJ Reg XXX(Rental White Mazda CX) at the intersection of Blue Hill Ave and Warren St. 

Officer observed the vehicle driving at a high rate of speed in the area of warren and Dudley St. Officer then observed the vehicle drive through a red light. Officer activated blue lights and siren indicating a traffic will be conducted. Driver disregarded blue lights and siren and continued driving at a high rate of speed passing multiple intersections with red lights. Vehicle finally came to a stop at Warren St and Blue Hill Ave. 

Driver identified as XXX(DOB: XX/XX/XXXX

Upon officer approaching the vehicle officer observed windows to be all the way open. XXXand the vehicle frisked. Officers searched the path to no avail. 

XXXwas a shooting victim (11/26/2020) and has Armed Robbery, ABDW (Gun), and Home Invasion on his BOP. XXXis currently on a ankle monitor.

Warning issued. 

FIOE completed. Officer Mariam (B451A)",1
FC21000125,2021-01-09 21:57:00,WASHINGTON ST,ROSLINDALE,2131,Stopped,Probable Cause,,Passenger Car/ Automobile,5,5,0,0,3,"YVSF stop



Officers stopped MA Reg XXXin the parking lot of the Burger King located at 4594 Washington Street after observing at least 2 males known to them and part of an ongoing gang/firearm investigation sitting in the vehicle with 3 other occupants. 

Officers initially noted marijuana smoke emanating from the vehicle and an odd amount of trash surrounding just the outside of this vehicle in the lot. Officers approached it and observed the three male occupants in the rear seats, identified asXXX XX/XX/XXXXSuspected Active Beech St), XXXXX/XX/XXXXSuspected Active Beech St), and XXX XX/XX/XXXXto be actively rolling a marijuana cigarette. Both XXXand XXXwere known to officers through the recent firearm/gang investigation. Officers also observed an open container of alcohol on the front seat passenger floor in the immediate reach area of the front passenger identified as XXX XX/XX/XXXX


It should be noted that officers were also aware of recent firearm and drug activity in this area of Washington Street (PSHOT-202054381, F/A Recovery-212000346, Beech St members F/A arrests w/ 2 F/A's recovered-202092816, Franklin Field member drug arrest-202091626, XXXWashington St F/A arrest-202089278, & Shots Fired/Ballistics Recovered-202083234) and that XXX, a member of the BEECH Street gang for which XXXand XXXare suspected, was recently the victim of a homicide on 12/12/20 in Woburn.



Officers then knocked on the window and observed the 3 male rear passengers immediately become nervous. At first they refused officers attempts to speak with them. Officers noted that all 3 appeared to close their eyes as if they were about to sleep and watched as their breathing became erratic. All 3 were frisked for weapons to no avail. The driver, identified asXXX XX/XX/XXXXand front passenger XXXwere also removed and the vehicle frisked to no avail.

It should be noted that as the vehicle was being searched, XXXmotioned as if he was going to flee from the stop and then stopped and told officers he was ""just playing"". XXXwas placed into handcuffs for officer safety until the completion of the vehicle frisk. 

Officers had the adult occupants secure the marijuana in the trunk and dispose of the alcohol. 



All occupants were FIO'd and released.



VK06- Kennedy/Muhammad/Stevens

VK901- Byrne",1
FC22001408,2022-04-10 21:00:00,,BOSTON,2124,Stopped,Reasonable Suspicion ,,Passenger Car/ Automobile,2,2,0,0,1,"Traffic Stop for multiple VALs (red light violation MGL 89/9 and excessive tint MGL 90/9D) on MA reg. XXXat Blue Hill Avenue and Angell St. 

Operator:XXXXXXF/A on BOP.

Backseat passenger: XXX XXX

XXX very confrontational with officers using flashlights at traffic stop. Officers observed XXX covering/blocking the area behind the drivers seat upon approaching the motor vehicle. XXXwas initially calm with officers, which was opposite behavior from a prior interaction. XXXexpressed to officers many times that he would not carry a firearm with a baby in the car. Officers conducted exit order and pat frisk on person and M/V to no avail. 

Verbal warning given.

BWC activated. 

C112F (O'Donnell/O'Connor)",1
FC23004842,2023-10-10 20:06:00.0000000,,ROXBURY,2119,Stopped,Probable Cause," Body Worn Camera, Gang",Passenger Car/ Automobile,2,1,1,0,2,"YVSF

VK-06

Officers conducted A M/V stop for (MGL Ch. 90-6 obscured display of number plate) of Massachusetts RegistrationXXX (Black 2017 Hyundai Elantra) at the intersection of Amory Street and Amory Terrace, Roxbury.

Officers identified the operator as XXX.

Front right passenger: XXX (XXX associate/ prior F/A)

Pat frisk of all occupants in the vehicle & the m/v yielded negative results for any weapons.

verbal warning was issued for said violation.

Vehicle associated with aforementioned individuals.

All occupants FIO’d and released.",1
FC23004081,2023-08-22 00:00:00.0000000,NORFOLK ST,DORCHESTER,2124,Stopped,Probable Cause, Body Worn Camera,Passenger Car/ Automobile,3,2,1,0,2,"TS for Vals (90.9D Tints) of a white Mercedes Benz C300 (Ma Reg# XXXat XXXNorfolk St.  Officers observed the Mercedes traveling on Norwell Street and made a U-turn in attempts to conduct a traffic stop for violations.  Officers observed the vehicle take off at a high rate of speed taking a left onto Wheatland Ave.  Officers were able to locate the vehicle traveling on Norfolk Street and activated their lights and sirens in attempts to conduct a traffic stop.  The Mercedes continued traveling over 100 feet and pulled into the parking lot at XXXNorfolk.  Operator identified as XXX (No Bop) and identified asXXX(Coleus Park Associate).  Both parties refused to make eye contact while conversing with officers.  Officers issued an exit order and conducted a pat frisk due to numerous observations on scene to no avail.

During the above interaction, officers were approached by an individual believed to beXXX (Active Coleus Park).  XXXcordial with officers throughout.

Written warning issued for VALS.

FIO to associate all parties to the M/V.

C113F (Fantaroni/Araujo).",1
FC22001138,2022-03-26 18:45:00,WASHINGTON ST,DORCHESTER,2121,Stopped,Probable Cause,,Passenger Car/ Automobile,2,2,0,0,1,"TS for VALS (MA REG: XXXSpeeding/Excessive Tints

Driver:XXXOpen F/A, Open theft of F/A)

Front Passenger: XXX DOB: XX/XX/XXXX
Both occupants and MV frisked to no avail

FIOE to associate with MV

Kadey/B437F",1
FC24002632,2024-06-24 21:08:00.0000000,,CHARLESTOWN,2129,Stopped,Probable Cause,"Gun, Body Worn Camera",Passenger Car/ Automobile,3,2,1,0,3,"About 9:08PM Officers conducted a traffic stop for VALS on a gray BMW 540XI (MA REG: XXXresulting in a firearm arrest of XXXat the intersection of Medford Street and Polk Street, Charlestown. 

Officers were on patrol in the area of Bunker Hill Housing Development in regards to recent increase in firearm related calls over the past several weeks including, person shot, shots fired, and most recently a call for ballistic damage earlier that morning. 

Officers were on Medford Street approaching Polk Street when they observed a gray BMW travel the wrong way down Polk Street at a high rate of speed. At that time officers turned their vehicle around and conducted a traffic stop of the vehicle. The following individuals were identified: 

Driver : XXX (Previous convictions of 94C) 

Front Passenger: XXX (Previous Armed Robbery & 94C convictions) 

Rear Passenger:XXX- Known to associate with various XXX Associates. 

Due to the recent increase in firearm violence in the area along with multiple behavior exhibited by XXXan exit order was issued and pat frisk was conducted of all occupants yielding negative results for weapons. 

During the pat frisk of the motor vehicle a black Glock 26 was discovered in the glove box of the vehicle. The firearm was later determined to be loaded with 11 rounds of 9mm ammunition with 1 additional 9mm round loaded in the chamber. XXXstated to officers on scene that he did not possess a license to carry and that the firearm was his.

XXXwas arrested and transported to Nashua Street jail for booking. 

BWC activated. 

AK15F (Hiltunen/ Marchand)",1
FC20006039,2020-12-17 23:30:00,ASHTON ST,BOSTON,2124,Stopped,Probable Cause,,Passenger Car/ Automobile,3,3,0,0,3,"12/17/2020 10:26 PM Officers arrested 3 males, XXX, XXX andXXX for firearm related charges at XXXAshton St as the result of a traffic stop following a Shot Spotter activation at XXXMascot St. Vehicle 2011 Infiniti G25 with MA paper temp plateXXXXXX fled on foot from stop, arrested by assisting units, firearm recovered from his flight path. XXXand XXXremoved from vehicle by Officers. Officers located an additional firearm in a small compartment in the vehicles rear center armrest. (I202092418)",1
FC20002469,2020-05-08 11:43:00,OLDFIELDS RD,DORCHESTER,2121,Stopped,Probable Cause,,Passenger Car/ Automobile,3,1,2,0,2,"VK17 (Riley/Hunter) observed vehicle go up Devon St the wrong way. The vehicle evaded officers and once lights and sirens were on, attempted to further evade officers. Officers located the vehicle on Oldsfield Rd and arrested the operator XXXwho was with the above passenger XXXVehicle and suspects frisked.",1
FC21002750,2021-07-20 15:40:00,WARWICK ST,ROXBURY,2120,Stopped,Probable Cause,,Passenger Car/ Automobile,2,2,0,0,0,"XXX XX/XX/XXXXandXXXXX/XX/XXXXstopped for speeding (90/17) in the area of Windsor/Warwick Streets in CT Reg: XXX

XXX is an active Villa Victoria associate, XXXis an active Ashmont/Cedar St associate. 

Verbal warning issued. 

VK15.",0
FC23003468,2023-07-12 02:40:00.0000000,BLUE HILL AVE,DORCHESTER,2121,Stopped,Probable Cause," Body Worn Camera, Gang",Suv (sport Utility Vehicle),1,0,1,0,1,"TS for VALS (unregistered MV) Indiana REG: XXXat XXXBlue Hill Ave, Dorchester

Op: XXX (DOB: XX/XX/XXXXActive Franklin Hill, Open F/As/94C

CJIS inquiry of registration revealed “not on file”. CJIS inquiry of VIN revealed “no record found”. 

Due to the MV’s registration status, observations made on scene, and the operator’s prior firearm history an exit order was issued. MV/Person pat frisked to no avail.XXX provided officers with his rental agreement from enterprise which appeared to be accurate. Officers advised XXX to not drive the MV anymore and to contact enterprise first thing in the morning regarding the MV’s registration status. XXX was cordial throughout the entire TS. Verbal warning issued.

FIO to associate with MV.

B201A (Kadey/McPherson)",1
FC23005085,2023-10-28 21:30:00.0000000,,DORCHESTER,2121,Stopped,Probable Cause,,Passenger Car/ Automobile,1,1,0,0,0,"T stop for red light violation at Blue Hill and Columbia rd.

Operator identified asXXX (multiple 94/c charges, F/A offenses on Bop.

verbal warning issued.

fio'd and released.

BK01F (OBRIEN/GANNON/RYAN)",0
FC20002151,2020-04-17 21:45:00,BOSTON ST,DORCHESTER,2125,Stopped,Reasonable Suspicion ,,Passenger Car/ Automobile,4,2,1,1,0,"About 9:46pm, officers responded to a radio call for four black/Hispanic males looking into the windows of a white Mercedes located in the Holiday Inn parking lot (69 Boston Street). Caller stated the four males were hanging in a gray Honda Accord in the same parking lot.

Upon arrival, officers observed a grey Honda Accord XXXoccupied with four males matching the description of the possible suspects. After speaking with the occupants, they stated to officers they were just ""looking at the car"" and not trying to break into it. Officers identified the occupants asXXX(Driver/Owner),XXX (Front passenger),XXX (Driver's Side Rear passenger), and XXX (Rear Passenger). Officers informed the occupants they could not hang out at the Holiday Inn Parking lot. FIO'd and released. 

F102F (Fitzgerald/Fullam)",0
FC20003679,2020-07-10 03:20:00,,BOSTON,2115,Stopped,Reasonable Suspicion ," Body Worn Camera, Gang",Passenger Car/ Automobile,1,1,0,0,0,"Traffic stop conducted for excessive tint of MA Reg XXX

Operator was identified as XXX (Active- Morton St Bricks). XXXwas highly confrontational during the initiation of the stop. 

Written warning issued. FIO'd and released. 

D103A (Montero/Hassan)",0
FC23001531,2023-03-23 17:00:00.0000000,,BOSTON,2128,Stopped,Reasonable Suspicion , Drugs,Passenger Car/ Automobile,1,0,0,1,1,"Observed pulling up, parking on a crosswalk and exiting MV MA Reg XXXMeeting briefly with the target of a previous drug investigation, walking together into a known drug location. Exited less than 5 minutes later and immediately leaving the area. Stopped to investigate further. Gave evasive answers to whom he met. Stated he didn't have drugs and instructed officers to check his MV. No contraband recovered. FIOd and released",1
FC22000566,2022-02-14 19:40:00,HOSMER ST,BOSTON,2126,Stopped,Probable Cause,,Passenger Car/ Automobile,2,0,2,0,2,"Officers conducted a stop for VAL's (90:17) speed greater than reasonable after observing MA reg XXX(Blue Volkswagon Jetta) operating at a high rate of speed on Blue Hill. 

Officers eventually stopped the vehicle outside XXXHosmer St. 

The operator,XXX XX/XX/XXXXhad no license, appeared to be sweating. Upon removing the XXXfrom the driver's seat, officers observed a black replica firearm in the pocket of the door. XXXstated he had an additional replica firearm in the trunk of the vehicle. Officers located a tan replica MP7 in the trunk of the vehicle. 

XXXXXXstated ""I play airsoft""

XXXhas a prior ABDW charge, his brother (front passenger XXXhas the same ABDW charge and possession Class E. 

Both individuals stated they were visiting their mother on Homser St. 

Both XXXand XXXwere issued a warning for the speed and released. 



CK01F (J. O'Brien/ P. Lekaditis)",1
FC25002839,2025-06-03 21:40:00,GENEVA AVE,DORCHESTER,2122,Stopped,Encounter, Body Worn Camera,Passenger Car/ Automobile,2,2,0,0,0,"About 9:40 PM, Tuesday, June 3, 2025, Officer Kennedy (H436F) observed MA REG XXXin the parking lot of XXXGeneva Ave. Officer observed XXXto be urinating in the middle of the lot. XXXwas accompanying by XXX.   FIO completed for intel.",0
FC25005870,2025-11-02 01:00:00,MILLET ST,DORCHESTER,2124,Stopped,Probable Cause," Gang, Body Worn Camera",Passenger Car/ Automobile,1,1,0,0,0,Encounter 01:00 XXXMillet St  Officers had friendly conversation with XXXXXXmultiple F/As) while parked outside of XXXMillet St (MA XXXBlack Hyundai Santa Fe) Advised to update his Inspection Sticker.   C112A (Belanger/Fawkes),0
FC21000958,2021-03-15 13:45:00,,BOSTON,2118,Stopped,Probable Cause,,Passenger Car/ Automobile,2,1,1,0,2,Traffic stop (MA REG XXXfor VAL's Shawmut Avenue and Hammond Street. Driver was XXX recent F/A charge on Bop and passenger XXX Washington-XXXis known to associate with Columbia Rd associates and recently H-Block associates. Vehicle and occupants frisked for weapons to no avail. Both subjects were reluctant to get out of the vehicle. Warning issued,1
FC20005675,2020-11-19 19:30:00,JEWISH WAR VETERANS DR,DORCHESTER,2121,Stopped,Reasonable Suspicion ," Body Worn Camera, Warrant Arrest, Gang",Passenger Car/ Automobile,3,3,0,0,1,"Tstop for VALS on MA REG: XXXOperator was XXX, front seat passenger wasXXX (Active Annunciation) and rear passenger was XXX. XXXand XXXwere cooperative throughout the stop. XXXrefused to identify himself and was highly uncooperative. XXXwas eventually ID'd and placed under arrest. XXXand XXXwere FIO'd and released.

XXXhas been FIO'd with Active Annunciation members in the past. XXXhas an open F/A case out of RDC. 

XXXmentioned that she only knew XXXas ""XXX."" XXXhas a minimal criminal history that includes ABDW.

-BK01F (Cubarney/O'Leary)",1
FC22002417,2022-06-09 10:30:00,HANCOCK ST,BOSTON,2125,Stopped,Probable Cause,,Passenger Car/ Automobile,1,1,0,0,0,"YVSF-

TS XXXHancock XXX

Excessive tint / obstructed license plate. Vehicle operated by Lucerne Gang. assoc.XXXy. Vehicle reg. to XXXsignificant otheXXX.

XXXin conversation told officers Lucerne assoc. "" don't really hang out anymore, there's a lot of beef, you know internally.""

VK04",0
FC25006179,2025-11-21 00:00:00,,DORCHESTER,2121,Stopped,Reasonable Suspicion , Body Worn Camera,Passenger Car/ Automobile,1,1,0,0,1,YVSF  Ongoing F/A investigation. Officers believed the target of their investigation was in the rear of this vehicle. The person they believed to be their target matched the description of the target in the specific area the target was expected to be. Ultimately this was not the target of the F/A investigation. he was later identified asXXX was in violation of 90/13 (no seat belt) and would not identify himself. Officers could not confirm or deny if this was the target of the investigation without identification. Given it being a F/A investigation XXXwas removed from the vehicle and pat frisked for weapons with negative results. It was not until then that he identified himself.,1
FC24001571,2024-04-09 00:00:00.0000000,,BOSTON,2124,Stopped,Encounter,Body Worn Camera,Passenger Car/ Automobile,1,1,0,0,0,Officers were investigating an illegally parked vehicle at Washington St and Torrey St. MA Reg XXXAs officers positioned their cruiser behind that vehicle four individuals exited and walked towards XXXWashington St. Officers immediately recognized the operator asXXX who became belligerent with officers and when asked to move his car from the middle of the street gave officers the middle finger and continued to walk into XXXWashington St. ignoring officers request. XXXwas observed actively smoking marijuana as he exited his vehicle. After several minutes XXXcame back outside and began berating officers then got back into his vehicle and sped off at a high rate of speed up Torrey St eventually coming to stop at Torrey St and Wentworth St. Officers issued XXXa citation for his offenses.,0
FC22001425,2022-04-11 18:15:00,,ROXBURY,2119,Stopped,Reasonable Suspicion ,,Passenger Car/ Automobile,3,3,0,0,3,"About 6:00 P.M. Monday April 11, 2022 YVSF officers conducted a t-stop for VAL's in the vicinity of Magazine Street and Norfolk Ave. 

It should be noted that officers were responding to a Shot Spotter Activation (SSA) which was quickly upgraded to a person Shot at XXX Orchard Park (I222025490, I222025541). Officer were being updated over channel 3 radio that people were running towards Hamden Street.

As officers were canvassing the nearby area, our attention was drawn to a black BMW that was idling on the corner of George Street and Hamden Street as we drove by. Officers observed the vehicle to have excessive window tint. Then officers observed a male emerge from the side of the building and get into the rear passenger seat. Officers pulled to the side of the street and let the vehicle (MA REG: XXXblack BMW 528) pass. Officers conducted a t-stop as the vehicle turned left onto Magazine Street. 

Officers had the driver lower all the windows as we were unable to see any occupants through the tint. Officers then observed 3 males in the vehicle. The males were verbally confrontational and loud. Officers were updated with a description of 2 black males, 1 wearing all black. Due to the recent shooting, the proximity to the incident, and the description given, all three males were removed from the vehicle. 

The owner/operator wasXXXXX (DOB: XX/XX/XXXXprior F/A), front passenger was XXX (DOB: XX/XX/XXXXand rear passenger XX/XX/XXXXTwo of the three males were wearing all dark clothing. 

Pat frisked for weapons to no avail. Verbal warning issued. FIO'd and released.

VK06 (Muhammad/Degrave)

Multiple YVSF units, B2, Bicycle Units, and the YB04 (Cpt. Danilecki)",1
FC23000725,2023-02-07 18:20:00.0000000,WASHINGTON ST,BOSTON,2124,Stopped,Probable Cause, Body Worn Camera,Passenger Car/ Automobile,1,1,0,0,0,"Traffic stop for VALS of MA/reg. XXXwhite Infiniti M7 at XXXWashington Street.

Prior to the stop the vehicle pulled into a parked lot once the operator noticed the cruiser behind him. Officers continued on Washington Street and stationed two blocks down from the parking lot. About five minutes later the vehicle left the parking lot and took right onto Washington Street. The operator pulled to the right once again when he saw the cruiser.

Operator XXX D.O.B. XX/XX/XXXXF/A charges (4x) and drugs offenses in the past.

Verbal warning issued.

H103F (Correia and Lopes).",0
FC25002063,2025-05-04 03:14:00,,BOSTON,2114,Stopped,Probable Cause, Body Worn Camera,Suv (sport Utility Vehicle),1,0,1,0,1,"About 3:14am on May 4, 2025 officers conducted a traffic stop at Beverly and Causeway Streets that resulted in an arrest for OUI.  Officers arrested XXX. While conducting a motor vehicle inventory on the suspects Black Jeep Grand Cherokee (MA reg: XXX) Officers discovered that the window control switches on both the driver and passenger door were loose, revealing hides in both doors.   XXXdoes have a prior conviction for possession of an illegal firearm in 2016.   FIOE for intel.",1
FC25006548,2025-12-19 13:38:00,RUTHVEN ST,ROXBURY,2121,Stopped,Reasonable Suspicion , Body Worn Camera,Cargo Van,1,0,0,1,1,"R/C at 1:39 PM for breaking and entering into a motor vehicle/larceny from a motor vehicle at XXXRuthven Street, Roxbury   Witnesses stated that Mr.XXX was observed inside a locked 2024 Chevrolet Express Van with MA Reg XXXOfficers briefly detained Mr.XXXand conducted a pat frisk for weapons with negative results. Mr.XXXdenied being inside the vehicle and denied taking any property. A search of his belongings yielded negative results for any stolen items. No damage to the vehicle was observed on scene.  FIO'd for documentation purposes and to associate him to the area.   B101D (J. Patterson/ J. White)",1
FC23003110,2023-06-19 17:00:00.0000000,,BOSTON,2124,Stopped,Probable Cause," Body Worn Camera, Gang",Passenger Car/ Automobile,1,1,0,0,1,"While on patrol Officers observed a BMW bearing (MA Reg XXXto have heavily tinted windows upon a CJIS query of the vehicle Officers also observed their to be a remark that this vehicle failed to stop for Boston Police in Charlestown on 06/13/2023. Officers were also aware that (MA REG XXXwas stopped by the VK07 and a firearm was recovered from the vehicle. Officers activated their blue lights and conducted a traffic stop at Norfolk St and Milton Ave. 

Op identified asXXX(Active Wainwright Associate)

Officers questioned XXXif there was anyone else who drives this vehicle to which he stated he is the only one who ever drives this vehicle. Officers also observed what they believed to be balistic damage to the passenger side door of the vehicle. Due to the following observations Officers issued an exit order. 

Officers pat frisked XXXfor weapons and located a folding knife in his front waistband. Officers than frisked XXXimmediate reaching area and noticed the center console of the vehicle to be locked. Officers than requested a gun dog to their location. The TE505 arrived and conducted a search with her ballistic K9 resulting in no alert. 

XXXwas issued MA uniform citation XXXfor C90S9D & C90S24 & C90S11

Shetrawski/Murray",1
FC23001968,2023-04-14 00:00:00.0000000,GLENHAVEN,WEST ROXBURY,2132,Stopped,Probable Cause,,Suv (sport Utility Vehicle),1,0,0,1,0,"TS for VALS (90.17, Excessive Speed) of a white Chevy Equinox (TX Reg: XXXat Bowdoin St and Corona St. Operator identified as XXX (Active Levant, Multiple F/A and 94C on Bop). XXXwas cooperative and cordial through out. XXXstated he rented the vehicle two days prior from Enterprise. 

Written warning issued.

FIO to associate XXXand M/V.

C113F (Fantaroni/Valenzuela)",0
FC24002002,2024-05-11 17:57:00.0000000,,BOSTON,2116,Stopped,Reasonable Suspicion ,"Body Worn Camera, Auto Investigator",Passenger Car/ Automobile,2,0,2,0,0,"Officers were made aware by Detective Wallace (D823) via Department email of an ID Wanted for a motor vehicle bearing MA REG XXXthat had been previously parked in the area of XXXNewbury St. This address is near a Rolex store and this vehicle matched the description of a vehicle that was observed following a customer from a Rolex store in Braintree on the previous day to a parking lot in Easton where the victim’s vehicle was broken into. District 4 Detectives are investigating similar cases as well as assisting other agencies with these types of cases. 

The email additionally made officers aware of the fact that the vehicle in question has no front plate as well as no inspection sticker. Sgt. Det. Keenan (D981) was able to set up surveillance on the vehicle in the area of XXXNewbury St. At one point, the vehicle pulled out of a parking spot and circled the area before making its way back to the area after several minutes. 

Officers eventually observed the vehicle traveling down Newbury St. across Berkely St. Officers further noted that the vehicle was heavily tinted. Officers got behind the vehicle and confirmed that it was the vehicle in question and also that the rear plate did not have a registration sticker. Officers conducted a motor vehicle stop at the intersection listed above. 

Officers made contact with the operator as well as a front seat passenger, both of whom provided Colombian identification cards. The operator identified himself as XXXXX/XX/XXXXand the passenger identified herself as XXXXX/XX/XXXXBoth parties informed Officers that they did not speak English. Officer Martinez (K412F) responded for translation. 

The parties explained to Officers that they were test driving the vehicle after receiving it from an individual they identified as “XXX” in New Jersey a few days ago. The parties explained they had been sleeping in the vehicle for the last day after having been staying in a hotel (possibly a Motel 6) somewhere around 20 minutes of Boston until they had run out of money. The parties could not provide any more specifics on the hotel they had been staying in. The parties explained that they were currently in the area as tourists. 

Officers were able to verify that the plate on the vehicle was improperly attached. Officers requested a tow to the location and while inventorying the vehicle discovered 2 counterfeit 100-dollar bills, a New Jersey plate XXX3 watches (photographed by the D981), a black electric style scooter as well as a pill bottle with the nameXXXz on it and an address of XXXScheerer Ave. Newark NJ, 07112. 

Both parties were released from the scene and the operator to be summonsed (I242038247). Incidents to be further investigated by District 4 Detectives. 

DK01F (McDonough/Crowley)",0
FC21004308,2021-11-06 00:45:00,WOODBOLE AVE,MATTAPAN,2126,Stopped,Probable Cause,,Passenger Car/ Automobile,2,2,0,0,1,"On November 6th, 2021 at about 12:45am Officer Mahoney in the C435A unit on routine patrol observed RI: Reg: XXXa 2014 Honda Accord Black in color fail to stop for two stop signs on Woodbole Ave. Officer Mahoney conducted a traffic stop and was met by the driver/suspectXXX XX/XX/XXXXActive: Norfolk) who stated that his license was revoked. A CJIS Query confirmed this and the suspect was removed from the vehicle, searched and detained. A motor vehicle inventory searched was completed while Officers were awaiting the Tow Company. The owner of the vehicle was eventually contacted and gave permission for a licensed driver to take custody of the vehicle. 

While on scene the suspects friend XXX XX/XX/XXXXdriving MA: XXXA 2014 Lexus Sedan black in color arrived and inquired about XXXsituation. 

The suspect was released and informed that he would be summonsed to Dorchester District Court for Operating on a Revoked License.",1
FC20001490,2020-02-29 03:43:00,,BOSTON,2121,Stopped,Reasonable Suspicion ," Body Worn Camera, Gang, Shots Fired",Passenger Car/ Automobile,3,3,0,0,3,"While Officers were responding to a Shot Spotter Activation with recovered ballistics at Harold Street and Ruthven, TE513 broadcast that MA. Reg. XXXleft the area shortly after the shots were fired, driving down Harold Street towards Seaver Street. The TG01 (Marcoaldi/Bosse), B432A (Kerrigan), CK01A (Wheeler/Sullivan) and the B105A (Bent/McCabe) were able to stop the vehicle at Humboldt and Seaver.

The vehicle was being operated by XXXfront passenger was XXX (St. James) and the back seat passenger wasXXX (St. James). XXX stated he and his passengers were coming from downtown and he was just dropping them off. Officers frisked the vehicle to no avail. XXXwas very uncooperative during the interaction. 

XXXwas released in 2018 after serving 3 years for an armed robbery and has prior firearm convictions. XXXwas upset with the interaction and informed Officers he was going to walk home and walked down Humboldt before turning down either Homestead Street or Ruthven Street towards Harold Street. 

XXXhas an open firearm charge",1
FC20004794,2020-09-23 21:00:00,,BOSTON,2119,Stopped,Probable Cause," Body Worn Camera, Gun, Gang",Passenger Car/ Automobile,2,0,2,0,2,"Tstop resulting in an arrest on MA REG: XXXOperator was XXX(Active Villa Victoria) and front seat passenger was XXX (Active Villa Victoria). FIO for intel.

XXXarrested on various F/A charges. 

XXXhas multiple F/A, Armed Robbery and ABPO on BOP.

-BK01F (Cubarney / O'Leary)",1
FC25006315,2025-12-02 02:23:00,NORFOLK ST,MATTAPAN,2126,Stopped,Probable Cause, Body Worn Camera,Passenger Car/ Automobile,1,0,0,1,1,"Officers stopped 2016 black BMW X3 (NCREG XXXfor VALs (speeding) at XXXNorfolk.  Vehicle drove past officers at a high rate of speed on Norfolk Avenue heading towards Morton Street. The vehicle turned left down a side street and a right heading back towards Morton Street where officers were able to catch up to the vehicle. The vehicle took a left on Norfolk at a lot slower speed which prompted officers to activate their emergency lights to conduct the traffic stop.  The driver: XXX XX/XX/XXXX(multiple FA charges) was cordial and respectful with officers.  As officers ask for Mr. XXXidentification, he began to clutch his waistband as he began reaching around the vehicle in search of his license as well as he had a large bulge in the front of his sweatshirt pocket. Due to the movements of Mr. XXXofficers conducted an exit order. Officers pat frisked Mr. XXXand his vehicle to no avail.  Mr. XXXwas released forthwith. FIO'd for intel and connection to vehicle.  Verbal warning issued.  C113A (Mello & Carrafiello)",1
FC22002054,2022-05-19 18:00:00,BLUE HILL AVE,BOSTON,2119,Stopped,Probable Cause,,Passenger Car/ Automobile,1,0,0,1,0,"T-Stop for Vals FL Reg: XXX(Tints)

Operator: XXX (Active Mission/Annunciation) Extensive history of F/A & 94CXXX stated he is currently working at Krueger Auto Repair on Columbia RdXXX advised Officers he would be operating FL Reg: XXXfor the time being until he is able to get his personal vehicle back.

BK02F (Bertocchi/Cubarney)",0
FC25002067,2025-05-03 23:15:00,WALDECK ST & TONAWANDA ST,BOSTON,2124,Stopped,Reasonable Suspicion , Body Worn Camera,Passenger Car/ Automobile,1,1,0,0,1,"About 11:30 AM, May 3, 2025, Officers from District C-11 responded to XXXWaldeck Street for a fight. While on the scene, Officers were informed that the male in white (XXX) had an Firearm (F/A). Officer Kennedy and Officer Thornton pat-frisked XXXwhich yielded negative findings of weapons.  Officer Thornton conducted a CJIS inquiry on XXXwhich showed that XXXdoes not have a License to Carry (LTC). Officer Kennedy searched the area, which yielded no weapons. 911 Callers did not want to speak with officers on the scene.  It should be noted that while on the scene, XXXrepeatedly stated that he had an LTC and guns.  Officer Kennedy was informed by a witness the next day (05/04/2025), they observed XXXreturn to the scene the night of (05/03/2025) and retrieved an F/A from the churchyard of XXXWaldeck St.   FIO completed for Intel/Officer Safety.",1
FC25006539,2025-12-18 22:10:00,,DORCHESTER,2121,Stopped,Probable Cause, Body Worn Camera,Suv (sport Utility Vehicle),1,1,0,0,1,"TS Bowdoin / Geneva MAREG XXXfor no front plate and a failed inspection   Driver was XXX who has a guilty sentence for threating to murder and a dismissed assault to kill case. He also has a police report in Boston where he was in possession of a none working firearm.  He was informed the reason of the stop and violations and nonsensically answered with ""im from Brockton"". He reported he was stopped by police the night before. He was shifting around his seat and took his ski mask off. He was rambling for minutes about how he is from Brockton and the police let him go. He repeated he did not consent to any searches unprovoked and then began praying and making spiritual signs.  Officers inquired about the Marijuana in plain view. He nervously picked up the bag and moved it around. When asked about any weapons he picked up an empty plastic cup for no reason. He said, ""you can check the car, but I don't consent to searches."" He showed a location on his phone of where he was going unprovoked followed by 'I swear to god"" repeatedly.  Officer assured him his nervous behavior especially with being stopped by the police last night with no reprimand was abnormal and that officers themselves were uncomfortable. He displayed hypervigilance of the police by telling them how long before the stop he had seen them. The totality of this behavior has been consistently seen in traffic stops that result in contraband/weapon recoveries. He then began calling his mother well into the stop. This behavior coupled with his criminal history led to a pat frisk of XXXand his vehicle yielded negative results and a verbal warning was given.   All officers' observations were explained to XXX",1
FC23004774,2023-10-07 17:09:00.0000000,MAVERICK ST,EAST BOSTON,2128,Stopped,Probable Cause," Auto Investigator, Body Worn Camera",Pickup Truck,1,0,1,0,1,"Officers responded to a call for Larceny IP at XXXGove Street (Residence Under Development). The victim stated that the suspect, a White male (later identified - as XXX in a Black Ram 1500 Pick-up truck bearing MA REG XXXwas loading white PVC boards onto the top of his truck (Equipment outside of residence, but in curtilage), but ceased to load the equipment when confronted, returned the equipment to its setting, and left the scene. 
The officers canvassed the area for MA REG XXXand found it idling (operational) opposite XXXMaverick St in a parking spot. Officers conducted a stop; the suspect was given an exit order from the vehicle and frisked for weapons to no avail. The suspect admitted to attempting to leave with the PVC boards from the address above. 
It should be noted that the suspect was found around another residential construction in the vicinity (Maverick St).

While conducting an inventory of the content of the vehicle. The officers observed a wide variety of tools/power tools throughout the interior and in the bed of the vehicle. (vehicle towed/EXP REG).


CJIS query of the suspect revealed no active warrant but extensive BOP, including: 

 * POSS CLASS A 
 * POSS CLASS B
 * POSS TO DISTRIBUTE CLASS B
 * CARJACKING
 * ASSLT DW - GUN
 * POSS CLASS D
 * MV VIOL - OP AFTER SUS LIC, USE W/O AUTH, COMP INS VIO, OP AFTER SUS REG
 * ABUSE PREV ACT 
MALDONADO/CAVACO (G101F)",1
FC20003086,2020-06-05 01:45:00,,BOSTON,2131,Stopped,Probable Cause, Body Worn Camera,Passenger Car/ Automobile,3,0,3,0,1,"About 01:36 AM Officers received a call for person with a gun at 69 Kittredge street. Caller stated a person in a grey Honda pointed a gun at him after which he then ran into his house to get away. Officers observed a grey Infiniti leaving the area and conducted a traffic stop. Driver of the vehicle was XXX, passenger of the vehicle was XXX, and rear passenger was XXX. XXX was visibly nervous during the situation which led to him being removed from the vehicle. No weapons found, FIOED for intel. 



E437A (Coyne)",1
FC24003987,2024-10-02 21:00:00.0000000,RUGGLES ST & FIELD ST,BOSTON,2115,Stopped,Probable Cause,Body Worn Camera,Passenger Car/ Automobile,1,1,0,0,0,"T/S VALS (90/13 impeded operation) of MA REG XXXat Ruggles St and Field St, Roxbury.

While traveling down Tremont St. Officers observed the operator (XXX) stick her cell phone out of the driver side window with the flashlight on and appeared to be recording. Officers then initiated a stop by turning on their lights and sirens. The operator immediately called 911 and stated in front of Officers ""I do not feel safe"". Officers explained to the operator she cannot be using her cell phone while operating a motor vehicle. The operator stated the Officers were ""racially profiling her"". The operator was extremely hostile throughout the rest of the stop. The front seat passenger and rear passenger were unidentified and cordial with Officers. 

Verbal warning issued FIO for intel.

D101F (Williams/Mulrean)",0
FC22001059,2022-03-21 02:06:00,WARREN ST,ROXBURY,2119,Stopped,Probable Cause,,Suv (sport Utility Vehicle),1,1,0,0,0,"About 03/21/22, Traffic Stop for VALs (No Headlights) on rental, Florida Reg: XXXRed Jeep Renegade in the Dudley Triangle. Operator was identified as MrXXX (DOB: XX/XX/XXXXactive Lenox associate. Numerous 94c charges on BOP. Verbal Warning issued. 

It should be noted that Officers observed the same vehicle/operator in the Dudley Triangle at 2:30AM 03/22/22 which is around the same time as the previous morning that XXXwas observed in that area.",0
FC20004226,2020-08-16 04:12:00,,BOSTON,2125,Stopped,Probable Cause,,Passenger Car/ Automobile,1,1,0,0,0,"T-Stop for Vals MA Reg: XXX(Fail to Stop at Sign, Fail to Signal, Speeding)

Operator- XXX XX/XX/XXXX
Officers observed 3 unidentified males exit the motor vehicle and enter XXXBrook Ave. Upon site of Officers the vehicle sped off in a high rate of speed, in which Officers believed was in attempts to evade them. 

XXXwould not state whom exited his vehicle. 

Warning Issued. FIO'd and Released.",0
FC23005104,2023-10-30 01:32:00.0000000,CENTRE ST,BOSTON,2124,Stopped,Encounter, Body Worn Camera,Passenger Car/ Automobile,2,0,0,2,0,"About 1:42 am, Monday, October 30, 2023, Officer Kennedy, assigned to the H425A, conducted a traffic stop at XXXCentre St. RI Reg XXXwas stopped for improper turn off of Epping St onto Washington St. The operator was identified as XXX and passenger in the rear seat was XXX. XXXwas given a verbal warning. FIO Completed for document purpose.",0
FC20003573,2020-07-04 00:50:00,,BOSTON,2121,Stopped,Probable Cause,,Suv (sport Utility Vehicle),2,1,0,1,1,"Tstop for VALS on OH REG: XXXOperator was XXXand passenger was XXX (Activie Blood). Occupants and MV frisked. XXXwas in possession of a knife and approximately $6,000 USD and marijuana. Fireworks located and confiscated. FIO'd and released.

B101A (Cubarney and O'Leary)",1
FC20001535,2020-03-02 02:29:00,,BOSTON,2121,Stopped,Reasonable Suspicion , Gang,Passenger Car/ Automobile,1,1,0,0,1,"Officers conducted a T-stop for VALs (Red light violation 89:9) at BHA/Warran St of MA registration XXXThe vehicle is registered toXXX (DOB XX/XX/XXXXout of XXXGlendale St. 

Officers observed XXXon BHA come to a near crawl (for approximately 1 mile) well below the speed limit after observing the marked cruiser behind him. 

The operator was active VnF associate XXX (DOB XXXHartford CT). 

XXXwas arrested on 1/28/20 at XXXBHA for a firearm and has numerous prior convictions for firearms and armed robbery. During the stop, it was observed that XXXdiscarded a back pack into the back seat prior to officers approaching the vehicle. 

*It should be noted that XXXwas arrested on 1/28/20 operating a similar Acura MDX (MA Reg XXXalso registered toXXX. 

Officers issued an exited order, both XXXand the vehicle were pat-frisked for weapons which yielded negative results. XXXwas issued MA Uniformed citation #T-XXXfor the red light violation and released. XXXmade it clear 



C113A (J. O'Brien/M. Turner)",1
FC23003077,2023-06-16 22:38:00.0000000,BRENT ST,DORCHESTER,2124,Stopped,Reasonable Suspicion ," Body Worn Camera, Shots Fired",Passenger Car/ Automobile,1,1,0,0,1,"Officers arrived on scene following call for shot spotter activation at XXXBrent Street, Dorchester.

Officer's attention was drawn to MA Reg XXXwhich was parked in front of XXXBrent Street and drove off without activating its lights after officer's arrival on scene. MA reg XXXstopped at Talbot Ave and Welles Ave.

Officers identified XXX (DOB XX/XX/XXXXas the operator. Due to the close proximity and time of the call and information forwarded to officers on scene, XXXwas given an exit order and was pat frisked to no avail. 

MA Reg XXXpat frisked to no avail. 

H436F (Vraibel) H102F (Clark/Welter) H103F (Hosea/Beggan).",1
FC22001825,2022-05-05 21:50:00,WOODROW AVE,BOSTON,2124,Stopped,Probable Cause,,Passenger Car/ Automobile,1,1,0,0,0,"TS VALS (Speeding / tint) woodrow ave. XXXoperated by Heath St gang memberXXX reports the vehicle to be registered to his girlfriend. Verbal issued

VK04",0
FC20000949,2020-02-10 02:04:00,GLENWAY ST,DORCHESTER,2121,Stopped,Reasonable Suspicion ," Body Worn Camera, Drugs, Gang",Passenger Car/ Automobile,2,2,0,0,2,"Officers conducted a T-stop for VAL of MA reg XXXoutside XXXGlenway St after observing the vehicle traveling with excessive tint and no front plate. 

While the vehicle was slowing to a stop, the front passenger was observed lunging forward toward the floor board of the vehicle several times before returning to upright position. 

The driver was identified as active Wendover associate XXX (DOB XX/XX/XXXXXXX is on pre-trial COR until 2/12/20 from firearm and drug trafficking related offenses out of Dorchester Court. XXX has numerous numerous prior f/a charges to include an additional open case for ABDW gun out of Suffolk Superior Court as well as numerous drug dist/trafficking related offenses. 

The passenger, identified asXXX (DOB XX/XX/XXXXactive Cameron associate was removed and frisked after officers observed he attempting to stuff something under the front passenger st. Officers located an open container of Corona and a white powder residue believed to be cocaine discarded between the seats. 

During conversation, XXX, was found to be possession of over $6,000 USC , banded and separated into numerous denominations in several pockets. XXX stated was working as a Mechanic and that they had just come from a night club in Brockton and that he was dropping off his friend XXXXXX stated he lived on Greenwood St. 

Officers attempted to locate additional drugs related to the stop with negative results. 

XXX was issued MA Uniform Citation T-XXXand released. 

 

C111A (J. O'Brien/Turner)",1
FC23003084,2023-06-17 01:43:00.0000000,,BOSTON,2124,Stopped,Probable Cause," Body Worn Camera, Gun, Shots Fired",Passenger Car/ Automobile,3,3,0,0,3,"Officers arrested XXX(No BOP) for possession of f/a and XXX (No BOP) for vals, also present was XXX(No BOP). XXXduring the booking process claimed to be down with FDF (Ferndale,Darlington, & Forest St Associate) and also claimed to be cool with Wood Ave but doesn't claim them. XXXalso stated that he goes by the name XXXwas FIO'd and released.",1
FC22000089,2022-01-11 15:30:00,,BOSTON,2131,Stopped,Probable Cause,,Passenger Car/ Automobile,1,1,0,0,1,"Officers conducted a motor vehicle stop on MA reg: XXXfor excessive tint. The operator of the motor vehicle was identified as Annunciation RD affiliate XXX (DOB: XX/XX/XXXXA report was written and suspect was released 





E105D (Douglas/ Taylor)",1
FC20003921,2020-07-25 00:33:00,,DORCHESTER,2124,Stopped,Reasonable Suspicion ," Body Worn Camera, Gun",Passenger Car/ Automobile,4,4,0,0,1,At about 12:30am on 7/25/2020 XXXXX/XX/XXXX) was arrested on firearm charges on Livingston St. XXX was the passenger in rental CT reg XXX2019 Black Nissan Sentra driven by his girlfriend XXX XX/XX/XXXXRear passengers in the vehicle were XXX XX/XX/XXXXandXXX XX/XX/XXXX,1
FC20004122,2020-08-09 17:33:00,WOODRUFF WAY,MATTAPAN,2126,Stopped,Probable Cause, Body Worn Camera,Passenger Car/ Automobile,2,2,0,0,1,"About 5:33pm on Sunday August 09, 2020 Officers Callahan and Miller, assigned to the CK01F did summons XXX for various violations of the auto laws in the area of 30 Woodruff Way, Mattapan. 

XXXwas operating a 2003 Lexus IS bearing MA REG XXXVehicle was canceled and XXXhas a suspended license.

XXXis an Inactive Warren Gardens Member and has prior F/A on BOP

Vehicle was towed XXXwas summonsed for the VALS.",1
FC21000997,2021-03-17 10:24:00,HAROLD ST,BOSTON,2119,Stopped,Probable Cause,,Passenger Car/ Automobile,1,1,0,0,0,"Wednesday 03/17/21 at about 10:24am, Officers conducted a traffic stop on a 2010 Gray Toyota Camry (MA Reg: XXXdriven by a XXX XX/XX/XXXXat XXXHarold St Roxbury for VALS (Speeding). 

Officer observed vehicle Mr. XXXtaking sharp turns and Speeding in an apparent effort to have officers lose sight of him. Mr. XXXwas bring extremely incorporative and initially did not want to produce license and registration. 

Officers issues a MA uniform citation (Warning) for Speeding (90/18)



BK01D Beato and Langton",0
FC24002690,2024-06-29 02:17:00.0000000,WALNUT AVE,BOSTON,2119,Stopped,Probable Cause,Body Worn Camera,Suv (sport Utility Vehicle),1,1,0,0,0,"At about 2:17am on Saturday, 06/2924, officer conducted traffic stop of 2024 GMC Terrain (MA REG: XXXfor VALS (failure to stop at red light) at Walnut Ave & Columbus Ave, Roxbury.

Upon activating blue lights, the vehicle was pulled over at XXXWalnut Ave. Operator identified asXXXPrior F/A, 94C, Assault to murder on BOP) and active Mission/Annunciation member.XXXwas cordial with officer during the interaction.

Massachusetts Uniform Citation XXXwas issued and will be mailed toXXXs home address for MGL c89 §9 STOP/YIELD, FAIL TO.

FIOd for association to rental motor vehicle.

Officer Abanoor (B436A)",0
FC23001537,2023-03-24 00:41:00.0000000,ALBANY ST,BOSTON,2118,Stopped,Probable Cause, Body Worn Camera,Pickup Truck,1,1,0,0,0,"TS for VALS at XXXAlbany Street. MA Reg: XXXoperated by XXX (akaXXX) XXXPrior to stop, officers observed an unknown female loitering on the steps of XXXAlbany Street approach the passenger's side window of XXXvehicle. XXXdid not not identify the female party but stated that he is friends with her and was advising her to ""clean up her life"". 

XXXhas 196 arraignments on BOP primarily consisting of 94c charges. XXXuses several different aliases and various dates of birth.

Written warning issued.

D101A (Galvin/Grochowski)",0
FC20004242,2020-08-17 13:26:00,LENOX ST,BOSTON,2118,Stopped,Intel, Body Worn Camera,Passenger Car/ Automobile,1,1,0,0,1,"About 1:26PM, on Monday, 08/17/20, Officer Dowling in the D421D unit, conducted a traffic stop at the intersection of Lenox Street and Shawmut Avenue, Roxbury, MA.

Assisting Units(D425D unit Officer Maxwell)

The officers were flagged down by a black male on Shawmut Avenue. The unidentified male said that on the corner of Lenox Street and Shawmut Avenue was a male passed out in a vehicle(MA REG XXXand that the driver isn't suppose to be in the area because of a prior Domestic Issue. The officers spoke to the driver, later identified as XXX Mr. XXXtold officers that he currently had a Warrant for 209A. The officer placed Mr. XXXin handcuffs and placed him in the back of the cruiser for both of the parties involved safety. The officer did a CJIS Inquiry of Mr. XXXand observed no warrant and no restraining order in place. The officer searched Mr. XXXon Mark 43 and observed that he was in a Non-Intimate Domestic call on Tuesday, 08/11/20(I202057399). The officer advised Mr. XXXto leave his car parked legally, and to come retrieve it at a later time. Mr. XXXleft without incident.",1
FC24000591,2024-02-08 01:55:00.0000000,BLUE HILL AVE,BOSTON,2121,Stopped,Reasonable Suspicion ,Body Worn Camera,Suv (sport Utility Vehicle),2,2,0,0,0,"TS at XXXBlue Hill Ave on a White Volkswagen Taos for operating without a headlight (85/15) on Ma Reg: XXX

Operator Identified asXXX

Passenger Identified as XXX (Pior F/A) on Bop

All parties were cordial with officers during the entirety of the stop.

Verbal Warning Issued

FIOE to associate both parties with the vehicle.

C112A Bailey/Champagnie, P",0
FC25000645,2025-02-14 19:57:00,,BOSTON,2116,Stopped,Reasonable Suspicion , Body Worn Camera,Passenger Car/ Automobile,1,1,0,0,0,"About 7:57PM on Friday 02/14/2025, Officers conducted a traffic stop for VALS on a 2007 Gray Audi A4 (MA REG:XXX) at the intersection of Oak St W and Tremont St, Downtown Boston.   Officers were able to identify the following individual: XXX Open 94c charges out of Quincy District Court. History of F/A to include convictions out of Suffolk Superior Court. XXXis known to associate with variousXXX members.   XXXstated to officers that he was just leaving the McDonalds on Tremont St, and was going back to his residence on Milton Ave. Verbal warning issued for traffic violations.   BWC activated.   AK15F (Hiltunen/ Marchand)",0
FC21000669,2021-02-26 17:38:00,,DORCHESTER,2125,Stopped,Intel,,Passenger Car/ Automobile,3,0,1,2,3,"About 5:38PM on Friday February 26, 2021 Officers Burke and Lyons along with numerous units from the YVSF performed a motor vehicle stop on a grey Infiniti XXXat Pleasant Street and Hancock Street in Dorchester.



The above motor vehicle was a vehicle of interest in a Breaking and entering that occurred in the City of Malden. FIO completed on all occupants.",1
FC23001260,2023-03-09 03:37:00.0000000,DARTMOUTH STREET,CITY OF BOSTON,2118,Stopped,Probable Cause, Body Worn Camera,Moped,1,0,1,0,0,"While patrolling Copley Sq, officers observed a male riding a moped down a public sidewalk (90/1E) in front of Back Bay T station. Subject stopped and identified as XXX. When questioned, XXXbecame irritated and dismissive with officers. XXXstated that he was homeless and just in the area to ""grab his bags.""

Officers conducted a CJIS inquiry on the VIN of the bike yielding negative results.

XXXis currently on probation and has ankle bracelet for an open firearm charge from 05/27/23 out of Suffolk superior and has 123 adult arraignments.

CJIS inquiry conducted for warrants yielding negative results.

FIO'D and released.

D103A (Foley/Sandoval)",0
FC24002886,2024-07-13 17:19:00.0000000,,DORCHESTER,2125,Stopped,Probable Cause,"Body Worn Camera, Gun",Suv (sport Utility Vehicle),4,3,1,0,4,"Officers responded to radio call for Person with a Gun and stoppedXXX (open A&B), XXX(open firearm)XXX(prior firearm, Active XXX), andXXX (prior firearm, Active XXX) outside of MA REG XXXVehicle and individuals frisked and located two BB guns. 

See I#242057645 for report.

FIO to associate individuals with vehicle.",1
FC20002855,2020-05-23 17:30:00,HAROLD ST,BOSTON,2121,Stopped,Probable Cause," Gang, Gun",Passenger Car/ Automobile,4,4,0,0,4,"About 5:30 PM on Saturday, 05/23/2020, Officers conducted a traffic stop of a gold Ford Fusion XXXfor speeding which resulted in a firearm arrest in the area of 198 Harold Street, Roxbury.

Operator: XXX XX/XX/XXXXActive Morse St. 

Front Seat Passenger: XXXXX/XX/XXXXActive Levant. Multiple F/A charges on BOP

Rear Passenger:XXX XX/XX/XXXXActive BBMG. Multiple FA charges on BOP 

Rear Passenger:XXX XX/XX/XXXXF/A charge on BOP

CJIS inquiry revealed that the operator, XXX had a suspended license as well as 3 active warrants. All parties removed. XXX exited the vehicle and officers observed a the handle of a Bryco Arms Jennings 9mm firearm protruding from underneath the center armrest. 

XXX was placed under arrest for firearm related charges. A search incident to arrest of XXX yielded 24 round blue pills that he identified as Percocet. XXX was placed under arrest for Suspended license, 3 active warrants and possession of Class B. XXXand XXXwere FIOD and released. 

BG02F (Beauchemin/MacDonald), Multiple B2 Units and YVSF Unit.",1
FC23001925,2023-04-12 21:50:00.0000000,WASHINGTON ST,BOSTON,2118,Stopped,Reasonable Suspicion , Body Worn Camera,Passenger Car/ Automobile,1,1,0,0,1,"T/S MA REG XXX(speeding, failed inspection) in the area of XXXWashington St. Operated by owner XXX (probation out of Suffolk Superior until 08/01/25, 18 adult arraignments including Home Invasion). 

Operator and interior of vehicle frisked, no weapons recovered. XXXstated he was dropping the vehicle off to his aunt on Washington St. on A-1. 

Written warning issued, BWC activated. 

DK01F (McDonough/Crowley)",1
FC22000576,2022-02-16 14:45:00,TREMONT STREET,BOSTON,2120,Stopped,Probable Cause,,Passenger Car/ Automobile,2,0,1,1,0,"YVSF 2/16/22 245PM XXXTremont ST.

TS in regards to a BOLO for XXXThe BOLO for the vehicle was seen leaving the scene and having ballistic damage. Officers located the vehicle in the rear of XXXTremont ST. (Madison Park High School). Officers made contact with operator of the vehicle XXX. XXXhad two different stories of how his window was damaged until he ultimatley reported to officers he was shot at but did not know by who. Passenger XXX 

The vehicle is an acura but has attached honda emblems.

FIO forwarded to Chelsea Detectives.",0
FC25000301,2025-01-21 17:20:00,WASHINGTON ST,DORCHESTER,2121,Stopped,Reasonable Suspicion ," Body Worn Camera, Gang",Passenger Car/ Automobile,1,1,0,0,0,"Traffic Stop for VALS (excessive tints) MA REG: XXXat XXXWashington Street, Dorchester  Op: XXXDOB: XX/XX/XXXXActive Castlegate, Prior F/As  XXXwas confrontational and argumentative on scene. Verbal warning issued.  BK02F (Kadey/Kovaleski/Gannon/Gelinas)",0
FC21001691,2021-05-03 13:29:00,FRONTAGE RD,SOUTH BOSTON,2118,Stopped,Probable Cause,,Passenger Car/ Automobile,2,0,2,0,2,"T stop for a suspended license of the suspect XXX and his GF XXX.

Officers observed both parties running into their vehicle in front of 780 Albany St. This area is known to officers as a high drug area, through numerous arrests officers have made. A query of the plate showed XXXto have a suspended license.

Officers were able to conduct a traffic stop at 400 Frontage Rd. Officers could observe XXXto have a hypodermic needle in the driver's seat. Officers ordered both parties out of the car, when XXXgot out of her seat officers observed a hypodermic needle and other drug paraphernalia in the car.

XXXwas searched with negative results.

XXXwas searched by SGT Schroeder which revealed a loaded needle and an empty bag, no drugs recovered. XXXstated they bought a bag and used it prior to being pulled over.

The vehicle was searched with negative results.

The needles were properly disposed of in a sharps container.

Vehicle towed.

XXXsummonsed for operating with a suspended license.",1
FC22000543,2022-02-14 00:36:00,CONDOR ST,EAST BOSTON,2128,Stopped,Reasonable Suspicion ,,Passenger Car/ Automobile,2,0,0,2,0,"About 00:36 AM on Monday 02/14/2022 Officers Doran and Bracho while assigned to the G201A observed a motor vehicle, Mass Registration XXXdriving at a high rate of speed down Condor Street with heavy front end damage. Officers also observed the hood to be covering the front windshield. 

M/V was being followed by another vehicle with Mass Registration XXX

Officers stopped Mass Reg XXXand spoke with the driverXXX who stated he got into a one car accident in the area of Lynn and was being followed by his son XXX. Both parties stated that they were dropping the car off at XXXBorder street and then returning home to Saugus. 

G101A searched the area of East Boston and did not see any damage. 

Officers reached out to Lynn PD who stated they did not have any accident involving Vehicle with Mass Reg XXX

Officers followed both vehicles to XXXBorder street and observed the cars to be parking.",0
FC20006097,2020-12-23 23:30:00,,BOSTON,2130,Stopped,Reasonable Suspicion ," Gang, Body Worn Camera",Passenger Car/ Automobile,2,2,0,0,2,"Tstop for VALS on FL REG: XXXOperator wasXXX(Active Lenox) and passenger was XXX (Active Bailey St.). Both occupants and MV frisked due to recent BRIC flyer, Operators DL status, Occupants mannerisms, etc. Frisk yielded negative results for weapons. FIO'd and released.

XXXhas Assault to Murder and multiple F/A on BOP. XXXhas multiple F/A and ABDW on BOP.

-BK01F (Cubarney/O'Leary)",1
FC23002225,2023-05-01 00:00:00.0000000,,BOSTON,2119,Stopped,Reasonable Suspicion , Drugs,Passenger Car/ Automobile,2,2,0,0,2,"Under the direction of Sgt. Det. Champagnie, members of the Drug Control Unit detailed to District B3 were in the area of Brook Av and North Av, Roxbury, MA.

On Monday May 01, 2023 at about 06:40 PM, while in the area mentioned above, Officers observed a motor vehicle bearing New York Reg XXX arrive in the area and meet with an unknown light skinned black male who came out of XXX Brook Av. The unknown light skinned male approached the front drivers side of said M/V and appear to reach inside of said M/V. After quick conversation said male was observed returning back inside of XXX Brook Av. Officers believing a street level drug transaction had just occurred requested assistance via BPD Channel #3 with conducting a threshold inquiry with the occupants of said M/V. With the assistance of numerous B2 units said M/V was stopped in the area of Warren St and Walnut Av. Officers identified themselves to the occupants of said M/V and informed them of the Officers observations. The driver of said M/V one, XXX (DOB XX/XX/XXXX, prior drug charges) informed the Officers he had just gave his cousin some marijuana but did not charge him. Officers could see a clear medium sized bag containing a green leafy substance believed to be marijuana in the center console of said M/V. A pat frisk of XXX and his front seat passenger one XXX (DOB XX/XX/XXXX) resulted in negative results. A pat frisk of said M/V revealed numerous tin foils containing a green leafy substance believed to be marijuana inside on both the front and passenger side floors. XXX did not possess a license to distribute marijuana. Both parties were FIO'ed and released.",1
FC24003648,2024-09-06 10:00:00.0000000,,BOSTON,2124,Stopped,Reasonable Suspicion ,Body Worn Camera,Passenger Car/ Automobile,2,2,0,0,0,"T/S Talbot Ave and Bernard Street of MA REG XXXfor red light violation 89/9.

Op: XXX (Active XXX) - BOP: A&B

Passenger:XXX (Active XXX) - BOP: Open F/ A

Verbal warning issued

FIO to associate both parties to the vehicle

C421D Cox",0
FC22002154,2022-05-25 10:57:00,,BOSTON,2111,Stopped,Reasonable Suspicion ,,Passenger Car/ Automobile,3,0,3,0,0,"About 10:57 AM on Wednesday, 05/25/2022, Officer Ercolano in the A437D observed what he believed to be a possible drug transaction in the area of Washington and Boylston St. 

This is an area where officers have numerous drug arrests resulting in the seizure of illegal drugs and criminal convictions. 

While on random patrol, Officer Ercolano observed a black Mazda 3 (MA XXXparked in the far right lane of Washington St, that is clearly marked for busses and states no stopping anytime. The vehicle appeared to be occupied 3 times. An unknown white male in the driver seat, unknown white female in the passenger seat, and Hispanic male in the rear of the vehicle.

Officer Ercolano observed an unknown Hispanic male exit the rear passenger make a quick phone call and get back into the vehicle. The female passenger exited the vehicle shortly after and entered the Dunkin Donuts on the corner of Washington and Essex St. Officer Ercolano, through his training and experience, at this time believed the suspects to be attempting to make a street level drug transaction.

Officer Ercolano circled the block and when he returned observed a black male, approximately 6 feet tall, average build, with a short black beard, wearing a black hat, black champion crewneck sweatshirt talking to the two male occupants of the vehicle through the window but did not observe any hand to hand transaction. When the unknown black male walked away from the vehicle he entered 660 Washington St.

The female party returned to the vehicle from Dunkin Donuts shortly after and began to drive on Washington St. Officer Ercolano observed the vehicle make a right hand turn on Essex St and later make a lane change without using its directional signal, performing a traffic stop at that time.

The driver of the vehicle, identified asXXXi was able to provide identification through a CJIS inquiry that returned with an active license. The female passenger was identified as XXX, registered owner of the vehicle. The rear occupant was identified as XXX. XXXwas informed he was being stopped for a lane change violation and previously being parked in a no stopping lane. XXXstated they were, ""picking up her girlfriend from State St."" and were lost. The occupants were given a verbal warning. 

It should be noted when driving away from the stop the vehicle continued on Essex St and proceeded to get on 93 South, traveling in the opposite direction of the intended travel they gave the officer.

FIOE for investigative purposes.",0
FC23002156,2023-04-26 18:40:00.0000000,WASHINGTON ST,BOSTON,2118,Stopped,Reasonable Suspicion , Body Worn Camera,Passenger Car/ Automobile,3,3,0,0,2,"Officers conducted a traffic stop on MA reg XXXbased on an ongoing investigation with the D4 DCU.

The operator was identified as XXX.

Front seat passenger identified as XXX Mr. XXXhas numerous dist of 94C charges on BOP. XXXXXXvery cordial with Officers and stated that he was law enforcement at the ""old B2"".

Rear seat passenger identified asXXX. XXXXXXwas very uncooperative with Officers. XXXXXXhas a long history of dist of 94C and armed robbery.

All parties and vehicle frisked based upon an ongoing investigation.

DK01F (Murphy/O'Leary) Multiple D4 DCU Officers",1
FC25003537,2025-07-06 22:00:00,PEACEVALE RD,DORCHESTER,2124,Stopped,Reasonable Suspicion , Body Worn Camera,Passenger Car/ Automobile,2,2,0,0,0,"T/S of a black Nissan Sentra MA reg. XXXfor VALs (failure to signal) at XXX Peacevale Rd.   Officers observed the vehicle in front of them at Milton Ave and Woodrow Ave attempting to take a left. It appeared the operator of the vehicle took notice of a marked Boston Police cruiser that was now passing them and decided to immediately change direction to avoid being close to the cruiser. The vehicle then continued Woodrow Ave onto Norfolk St before taking a quick right turn onto Peacevale Rd without using a signal.   Operator: XXX(No BOP)  Passenger: XXX(No BOP)  XXXappeared nervous and stated he was going to his grandmother's house, but stated she lived on Jamestown Terr. Officers found this odd due to the direction XXXwas taking to get to his destination. While XXXwas looking for his registration he looked hesitant to open the center console in front of officers.   Officers removed XXXand frisked him and the vehicle yielding negative results. Further investigation revealed XXXto have a suspended license, but no criminal history.   XXXdid have an active driver's license. Officers allowed XXXto take custody of the vehicle and issued XXXa verbal warning.",0
FC21003650,2021-09-16 13:06:00,,BOSTON,2125,Stopped,Reasonable Suspicion ,,Passenger Car/ Automobile,1,1,0,0,0,"YVSF Intel - VK23

Traffic Stop of MA reg: XXXfor illegal tint

Operator was found to beXXX. XXXreported he had an LTC and had ""thrown his gun on the floor"" as the officers were pulling him over. XXXwas removed from the vehicle, and the firearm on the floor of the vehicle was secured. His LTC (class A, no restrictions) was confirmed, and the firearm was confirmed to be his registered 9 mm Glock. XXXwas advised not to put his gun between his legs upon being pulled over, and the firearm was returned to him.",0
FC22002724,2022-06-27 00:00:00,,BOSTON,2118,Stopped,Probable Cause,,Passenger Car/ Automobile,1,0,0,1,1,"TS MA reg XXXCH90 S7A at Massachusetts Ave and Columbus Ave. 

Operator XXX arrested on a straight warrant out of Chelsea District Court XXX.

Front seat passenger identified asXXXproduced a valid DL and took possession of the vehicleXXX stated she was the victim of the incident in which the warrant was sought for. a=A CJIS inquiry revealed no active restraining orders. 

XXXhas been FIOed and associated with H-Block associates in the past. 

FIOE for intel. 

D441A/Murray",1
FC20005796,2020-11-29 03:17:00,,DORCHESTER,2121,Stopped,Probable Cause, Gun,Passenger Car/ Automobile,1,1,0,0,1,"About 3:17am on Sunday 11/29/20, Officer Capriles in the B660A did make an onsite firearm arrest of XXX in the area of Blue Hill Avenue and Devon Street, Dorchester.

Motor vehicle stop for traveling at a speed greater than reasonable and proper, further investigation revealed that the operator XXX (DOB: XX/XX/XXXXwas operating a motor vehicle with a suspended license. A firearm was recovered from XXXperson.

Assisting units Officers Starkey and Stallings in the BK02A, and Officers Bent and McCabe in the B105A.",1
FC25004695,2025-08-30 02:37:00,NORFOLK ST,DORCHESTER,2124,Stopped,Probable Cause, Body Worn Camera,Suv (sport Utility Vehicle),1,1,0,0,1,"About 2:37 AM on Saturday, 08/30/2025, Officers assigned to District B-3 conducted a traffic stop on a blue colored 2009 Nissan Pathfinder bearing MA Reg. XXXfor marked lanes violation (MGL 89/4A) in the area of XXXNorfolk Street, Dorchester.  Operator identified as XXX(DOB XX/XX/XXXXprior F/A) who immediately informed Officers that he did not have a valid MA driver's license. XXXstated ""I already know you're going to have me get out,"" and when asked why, XXXstated that he had recent prior firearm violations. Exit order issued due to XXXnot having a valid license. A frisk of his person and vehicle for weapons and/or contraband yielded negative results. Officers advised XXXto have a licensed driver take control of the vehicle which XXXdid.  XXXwas forthright and very cordial with Officers. Verbal warning issued for the traffic offense.  FIOE to associate with vehicle.  C112A (Ashe/Parlon)",1
FC25006533,2025-12-17 22:30:00,RUGGLES ST,BOSTON,2120,Stopped,Reasonable Suspicion , Body Worn Camera,Suv (sport Utility Vehicle),1,1,0,0,1,"TS for MA-REGXXXor tints and no inspection sticker following a r/c for a person shot (252106360), officers identified the operator as XXX XX/XX/XXXXmultiple firearms on his bop. XXXwas observed by officers to be wearing, grey jeans, black bubble jacket with a small white triangle on the breast of the jacket and black and white basketball sneakers. Detective Toomey emailed officers a still photo of the suspect fleeing the scene, the suspect can be seen wearing light colored jeans, black bubble jacket and black and white basketball sneakers. Due to the fact the suspect matched the description of the suspect emailed to officers, and the fact the suspect vehicle was observed circling the area where the victim was located, officers issued the driver an exit order and pat frisked his person as well as the front seat of his vehicle to no avail.  BK02F Gannon, Gelinas and Bertocchi.",1
FC20000540,2020-01-22 17:54:00,TOWNSEND ST,ROXBURY,2121,Stopped,Probable Cause, Gang,Passenger Car/ Automobile,1,1,0,0,1,"Officers stopped Ma Reg XXXfor Val's at 200 Townsend St. Operator was identified as Ruggles St AssociateXXX. XXXwas advised his insurance was revoked and to park the vehicle. Verbal Warning Issued.

BK03F (O'Loughlin/Holmes)",1
FC25001051,2025-03-13 22:52:00,,BOSTON,2110,Stopped,Probable Cause, Body Worn Camera,Passenger Car/ Automobile,3,0,1,2,0,"About 10:52 pm on Friday 03/13/25 officers observed a white Subaru Impreza ma/reg XXXin the area of Summer and Arch Street, downtown. Officers Stopped the operator at the intersection of Arch and Milk Street. The entire rear windshield was smashed in and taped with clear plastic tape. Operator identified as XXX who has prior firearm charges and ABDW charges.  Passengers were XXX and female who provided name of (XXX. All parties stated they were friends.   XXXstated that he filed a report with Chelsea Police for the rear windshield. He stated he was the victim of a vandalism. XXXconfirmed he routinely operated the vehicle however its his father's car.   Officers FIO'd to add occupants as associates. Officers ordered XXXto fix the rear windshield ASAP.   AK01f (Rooney & Entwistle)",0
FC21001177,2021-03-28 21:30:00,WARREN ST,ROXBURY,2119,Stopped,Reasonable Suspicion ,,Passenger Car/ Automobile,2,0,2,0,2,"Officers observed a black Honda Civic bearing MA REG: XXXOperator identified as XXXand passenger identified as XXX. XXXwas removed from the MV. During frisk he attempted to discard a crack pipe and Officers located a knife on his person. As Officers were removing XXXhe put the vehicle in drive and fled the stop and nearly struck a Transit PD Officer who was performing a paid detail. Multiple district 2 units canvassed the area but the vehicle could not be located. XXXdoes have active warrants at the time of this FIO. XXXto be summonsed.

-BK02F (Cubarney/M. O'Loughlin)

-BK03F (Ryan/McGuire)

-BT55F (Foley)",1
FC23005527,2023-11-22 02:30:00.0000000,WARREN ST,BOSTON,2119,Stopped,Probable Cause, Body Worn Camera,Passenger Car/ Automobile,1,1,0,0,0,"About 2:30am on Wednesday 11/22/23 Officers conducted a traffic stop for VALs (tint/plate light) of MA REG XXXa red 2017 Honda Accord, in the area of XXXWarren St.

Officers had conducted a CJIS query of the MA REG which showed a remark by Wellesley PD, that the vehicle was possibly involved in a postal theft at Babson College. Officers were able to conduct a traffic stop of the for vals and make contact with the operator. The operator was identified as XXX, (open F/A and 94c), who stated that he was borrowing the vehicle from the registered owner to move belongings from his exes house. The owner of the vehicle,XXXn (94c), was contacted by XXXand advised him of the stop.

Officers issued XXXa Verbal Warning for the infractions. FIOed to associate XXXwith the vehicle .",0
FC23004500,2023-09-20 02:03:00.0000000,,DORCHESTER,2122,Stopped,Probable Cause, Body Worn Camera,Pickup Truck,1,1,0,0,0,"While on a Code 19 in the area of XXXCentre Street, Officer Shimchak observed a Gray Ford F-150 (MA XXXleaving the rear of XXXCentre Street. This area is known to officers as there was a call for person shot back on 06/14/23 as well as numerous Verbal disputes. The operator was observed in the rear lot between XXXand XXXCentre St. 

During the T-Stop for Failing to use turn signal at the corner of Adams St and Parkman St. The Operator later Identified as XXX (Prior F/A) was uncooperative and being argumentative with officers stating, “it’s doesn’t matter where I’m coming from bro, why you pulling me over for!!” Subject mentioned that he was not at XXXCentre St but was at XXXCentre visiting his brother. 

H498A(Shimchak) &H435A(Beshay)",0
FC23003213,2023-06-26 17:30:00.0000000,,BOSTON,2121,Stopped,Probable Cause, Body Worn Camera,Passenger Car/ Automobile,1,0,1,0,1,"Officers stopped MA REG XXXin the area of Quincy St and Blue Hill Ave. This vehicle was in a BRIC BOLO in connection to a person shot I232048084.

Officers encountered the registered owner XXX. Officers did frisk the vehicle along with the registered owner to negative results. XXXstated that he has not been operating the vehicle but did provide who has been using it. The owner stated it has been parked in Dorchester for approximately two weeks.

BK01F/BK03F McQuaid/Ryan/O'Brien/McGuire",1
FC20000652,2020-01-27 21:14:00,WARREN ST,ROXBURY,2119,Stopped,Probable Cause," Body Worn Camera, Gang",Passenger Car/ Automobile,1,1,0,0,1,"Officers stopped MA REG: XXXfor VALS. Operator was XXX(Active Creston)XXXhas a prior firearm charge.  XXXwas frisked and found to be in possession of marijuana. The vehicle was frisked which yielded negative results for weapons. XXXwas given a verbal warning and instructed to park the vehicle. 

-B104F (Cubarney/Hegerich)",1
FC21002553,2021-07-08 10:30:00,HARRISON AVE,ROXBURY,2118,Stopped,Probable Cause,,Passenger Car/ Automobile,1,1,0,0,0,"Traffic stop for val's at 860 Harrison Ave, MA XXXa red 2012 Hyundai Elantra. Multiple recent inquiries. CJIS query returned a rental vehicle with aftermarket tint (5% measured). Operator identified as XXX XX/XX/XXXXXXX is the mother of XXX (Orchard Park) child. Verbal warning issued for the tints.

FIO for intel.

Doolan (D435D)",0
FC25002296,2025-05-13 11:36:00,CHAUNCY ST,BOSTON,2111,Stopped,Probable Cause," Body Worn Camera, Gang",Passenger Car/ Automobile,1,0,1,0,1,Traffic Stop for VALS at XXXChauncy Street in Boston.   Officers spoke with the operator a XXX (activeXXX) and informed him of the reason for the stop. XXXwas cordial with officers. Mr. XXXwas issued a verbal warning.  VK10 (Lekaditis/Lyons/Litterio),1
FC24000454,2024-02-01 02:00:00.0000000,,ROXBURY,2121,Stopped,Reasonable Suspicion ,Body Worn Camera,Suv (sport Utility Vehicle),2,2,0,0,1,"Traffic stop of MA XXX(2013 black Ford Escape) for speed (90:17) at Blue Hill Ave & Quincy St. Vehicle failed to stop of B2 officers the night prior (FC24000427).

Operator identified at the registered owner, XXX and passenger identified as XXX. Both occupants confrontational with officers at the time of the stop and refused to roll down the windows to speak with officers. XXXwas removed from the vehicle after being seen reaching for a small knife at his feet. XXXalso removed from the vehicle and continued to be hostile towards officers. XXXand XXXeventually calmed down and after hearing the reasons for the stop and exit order stated they understood. XXXsaid she had let someone who she refused to identify operate her vehicle the night prior and would no longer allow them to operate it after they crashed it and fled from the police. Frisk of immediate grabbing area of the vehicles yielded negative results. Numerous B2, B3 units responded as well as the T910 (SGT Colby). 

Verbal warning issued.",1
FC23004625,2023-09-28 14:10:00.0000000,THANE ST,DORCHESTER,2124,Stopped,Reasonable Suspicion ,,Passenger Car/ Automobile,1,1,0,0,1,"Officers conducted a traffic stop for excessive tint (4%) on a black 2018 Audi Q5 bearing MA registration XXXat Thane Street and School St. 

Operator: XXX(Active Glenway Associate prior F/A violations)

Based on information gleaned from an ongoing investigation XXXwas removed and frisked yielding negative results. It should be noted that XXXdid have the glove box locked and the key which is normally inserted in the fob was missing. Officers requested a Boston Police K-9 to respond. 

XXXcalled numerous people to respond to the traffic stop, who arrived and continuously attempted to interfere with Officers while attempting to frisk the vehicle, and while the K-9 was conducting the sweep of the vehicle. 

Officers mailed XXXMA Uniform Citation XXXdue to the crowd forming and harassing Officers. 

O'Connor/O'Toole",1
FC20000968,2020-02-10 17:01:00,STUART ST,BOSTON,2116,Stopped,Reasonable Suspicion , Body Worn Camera,Passenger Car/ Automobile,1,1,0,0,1,"Officers conducted a traffic stop for VALS in the area of 63 Stuart st. Officers encountered XXXwho is an active Bicknell member with prior firearm charges. There was an Texas dealer temporary tags on the motor vehicle bearing XXXwhich through CJIS temporary tag inquiry did not match the vehicle. The VIN revealed prior owner XXX to have multiple trafficking charges and prior firearm charge. XXXstated that XXXis his brother. XXXwas issued citation and officers towed the motor vehicle and will issue a summons.

AK01F D’Addieco/McGahan/Callahan A901 Sgt. Moore",1
FC20000545,2020-01-23 03:51:00,,BOSTON,2120,Stopped,Encounter,,Suv (sport Utility Vehicle),4,4,0,0,3,"Officers observed a BMW in a handicap spot at XXX annunciation and observedXXX XXXand XXX sitting inside of it.  Officers observed the front passenger seat to be empty. As officers spoke with him they observed a male exit XXX Annunciation Rd who was holding his waistband and made it a point to avoid officers, quickly going back inside the building. Officers asked them if they knew him to which they stated they did not. Officers gave a warning and left the area.

Officers were contacted 45 Minutes later by Weston PD who were inquiring about the vehicle and described the front passenger who matched the description of the male who exited XXX annunciation around an ATM in their town.

 

Officers again observed the vehicle in brigham circle and observed it to be straddling and fail to stop for a red light. Officers conducted a traffic stop and observed the male from XXX annunciation rd from the previous stop. Officers removed the passengers and conducted a pat frisk of them and the vehicle. Officers observed multiple debit cards that had names that did not belong to the four of them. 

 

FIOD and released.

BK01A Stallings/Starkey/Smerz",1
FC23000681,2023-02-05 00:00:00.0000000,WASHINGTON ST,DORCHESTER,2124,Stopped,Probable Cause, Body Worn Camera,Suv (sport Utility Vehicle),2,2,0,0,0,"Traffic Stop for VALS (90:9d, Excessive Window Tint, 22%) on a black GMC Terrain (Ma Reg# XXXOperator identified as XXX(Active Bicknell Associate, Prior F/A, 94c) and passenger identified as XXXsignificant other XXX. XXXwas immediately extremely aggressive and argumentative towards officers. XXXinitially refused to roll his window down, then began peeling off the front window tints. XXXrepeatedly stated to officers ""I know how to beat your cases"". 

It should be noted officers were unable to measure the front window tints due to XXXpeeling off the tint. Officers measured the rear passenger windows at 22%.

FIO for intel purposes and to associate XXXandXXX relationship.

Written Citation XXXfor VALS handed to XXX
C113F (Fantaroni/Araujo)",0
FC20002737,2020-05-21 02:23:00,MASSACHUSETTS AVE,BOSTON,2125,Stopped,Reasonable Suspicion ," Gang, Body Worn Camera",Passenger Car/ Automobile,2,1,1,0,0,"Officers initiated a M/V stop (MA REG XXXfor VAL's. Driver wasXXX(DOBXX/XX/XXXX) Passenger was XXX(DOB XX/XX/XXXX). Officers observed approximately 4-5 Chicago Bulls hats being displayed in the back window. Officers have interacted with XXXmultiple times in the area of 1200 Mass Ave. 

FIO'D and released. 

XXXis an active 1850 Wash member with prior F/A charges. 

F102A Keddy/O'Leary",0
FC24002699,2024-06-29 18:30:00.0000000,,DORCHESTER,2125,Stopped,Reasonable Suspicion ,Gang,Passenger Car/ Automobile,1,1,0,0,0,"About 6:30 on Saturday, 06/29/2024, T/s at the intersection of Humphreys Pl & Humphreys St of MA REG XXXfor failed inspection (90/7N)

Operator identified as XXX - Active XXX(Open 94C, Prior Murder, Multiple Prior F/a). 

XXXstated he was just going to his house located on Humphreys Pl then going back to his girlfriend's house on Blue Hill Ave. XXXacknowledged that his cousin (Registered Owner - XXX) got arrested a few weeks earlier for illegal possession of a firearm. XXXwas cordial through the interaction and stated he would fix the inspection at his earliest convenience.

FIOE to assoc with M/V 

Kovaleski / Kadey",0
FC20001749,2020-03-10 02:30:00,,BOSTON,2119,Stopped,Probable Cause," Body Worn Camera, Gang",Passenger Car/ Automobile,1,1,0,0,0,"T-stop for Vals- MA Reg: XXX(Blocking Crosswalk, No Seatbelt)

Operator-XXX XX/XX/XXXX(Heath St)

During encounter XXXdid self-admit is association with Heath Street.

Warning Issued, FIO'd & Released.

D103A (Bertocchi/Butcher)",0
FC23002269,2023-05-03 02:00:00.0000000,MORTON ST,MATTAPAN,2126,Stopped,Reasonable Suspicion ," Body Worn Camera, Gang",Suv (sport Utility Vehicle),3,3,0,0,3,"Officer stopped (MA Reg: XXX) at XXX Morton Street. Vehicle was disseminated in BRIC bulletin as a possible suspect vehicle in Aggravated Assault at XXX Devon Street.

Vehicle operated by XXX 

Rear passengers XXXH-Block assoc/Open F/A) and XXX 

Occupants and vehicle frisked and B-2 Detectives notified. 

XXX was issued a warning for VALs.",1
FC25000724,2025-02-21 18:15:00,,ROXBURY,2119,Stopped,Reasonable Suspicion ," Body Worn Camera, Gang",Passenger Car/ Automobile,2,2,0,0,2,"T Stop for vals (illegal u-turn) at Dudley and Hampden streets.  Operator -XXX (Active Columbia Point, prior F/A- active around F/A)  Passenger XXX (Open F/A, suspected Columbia Point)  Due to numerous observations and the longstanding fued between Columbia Point and Orchard Park/Mt Pleasant associates, Both occupants were removed from the vehicle and frisked with negative results.  Verbal warning issued  Fio'd and released.  BK01F   OBRIEN/RYAN/MCQUAID",1
FC24001927,2024-05-05 19:51:00.0000000,,BOSTON,2108,Stopped,Probable Cause,Body Worn Camera,Passenger Car/ Automobile,2,2,0,0,0,"Officers conducted a Traffic Stop for VALS (Cancelled Registration) on a Grey Nissan Maxima (Mass Reg. XXXat Beacon Street and Bowdoin Street. 

The DriverXXX had an expired Driver's license. The Passenger (XXX also did not have a valid license. XXXstated he had just given XXX$100 dollars to retrieve his car from a tow lot. CJIS inquiry revealed XXXBOP for A&B 209A and Possession with Intent Class B and D. 

CJIS Inquiry on XXXrevealed open cases for ABDW, AB Elderly, and Carrying a Dangerous Weapon.

FIOE to associate parties and vehicle.",0
FC21004821,2021-12-24 02:15:00,,BOSTON,2125,Stopped,Reasonable Suspicion ,,Passenger Car/ Automobile,2,2,0,0,2,"OFFICERS CONDUCTED A T/S ON MA REG XXXAT HOWARD/WAYLAND TO FURTHER INVESTIGATE AN INCIDENT THAT HAPPENED EARLIER IN THE DAY INVOLVING A FIREARM ON MASS AVE( I#212093861).

OPERATOR-XXX (ACTIVE WENDOVER)

PASSENGER-XXX (ACTIVE WOODWARD)

VEHICLE AND PERSONS WERE PAT FRISKED TO NO AVAIL.",1
FC23000233,2023-01-11 02:47:00.0000000,,BOSTON,2116,Stopped,Probable Cause, Body Worn Camera,Passenger Car/ Automobile,2,1,0,1,2,"TS VALS Charles Street & Boylston MA REG: XXX
Officer traveling North on up a one way on Charles Street observed the above vehicle turn right onto Charles going the wrong way.

Operator XXX DOB: XX/XX/XXXXwas extremely uncooperative with officers. XXXbegan filming officers and interrupted officers during the stop. 

Front Passenger XXX DOB: XX/XX/XXXX(Active XXX) was also uncooperative during the stop and failed to identify himself.

Both subjects were removed from the vehicle and a pat frisk of the interior was conducted to no avail.

Massachusetts uniform citation issued.

AK01A (Entwistle/Rooney)",1
FC23005256,2023-11-07 00:00:00.0000000,,ROXBURY,2119,Stopped,Reasonable Suspicion , Body Worn Camera,Suv (sport Utility Vehicle),1,1,0,0,1,"About 02:40am Tuesday 11/07/2023, Officer Allen and Officer Reynolds in the B433A observed MA reg XXXa black BMW rental suv driving at a high rate of speed in the area of grove hall. 

Officers notified operations that the vehicle was traveling at a high rate of speed during this time officers in the area of Roxbury Street and Elmwood were able to conduct a traffic stop on the vehicle.

The driver was identified as (XXX (Multiple FIREARM arrest on BOP). Due to XXXMannerism on scene combined with his reckless operation of the vehicle an exit order was given. 

Officers conducted a Pat frisk of the vehicle as well as XXXperson which yielded no results of a weapon. The driver XXXwas uncooperative during the stop.

Citation issued for violations. 

FIOE conducted to associate XXXwith the vehicle.",1
FC21003055,2021-08-04 19:33:00,COLUMBUS AVE,ROXBURY,2119,Stopped,Encounter,,Passenger Car/ Automobile,1,1,0,0,0,"About 7:33 pm, on 08/04/21 Officers stopped MA Reg XXX(rental vehicle) for vals in front of 2030 Columbus Ave, Roxbury. 

Operating the motor vehicle was a XXX (DOB XX/XX/XXXXwho is an active Orchard Park member with multiple 94c violations on the BOP. 

XXXwas given a verbal warning, FIOED, and released to associate him with the vehicle. 

VK22",0
FC20006105,2020-12-24 17:21:00,OLNEY ST,BOSTON,2121,Stopped,Encounter, Body Worn Camera,Passenger Car/ Automobile,2,2,0,0,0,"About 5:10 PM on Thursday, 12/24/2020 while on random patrol the H104F observed MA REG XXXtraveling at a high rate of speed traveling down Onley St towards Geneva Ave. Officers conducted a traffic stop. The driver, (XXXhad an active license and registration. The front passenger (XXX, XXX) was not wearing seat a seatbelt and officers asked for identification. XXXhas four open cases out of Dorchester District Court for: Possession of a firearm, assault with a dangerous weapon, possession of ammunition, and discharging firearm.",0
FC25000749,2025-02-22 21:40:00,,BOSTON,2128,Stopped,Reasonable Suspicion ," Auto Investigator, Body Worn Camera",Other,1,0,1,0,0,"While on routine patrol of the Jeffries Point area, officers observed MA XXXparked near the intersection of Marginal Street and Jeffries Street. Officers observed a male party to be seated in the front driver's seat. A Mark 43 inquiry showed that the vehicle was involved in a hit and run accident involving a Boston EMS ambulance, during which a male operator fled the scene after informing the EMS crew that he had a suspended driver's license and an unregistered vehicle.  Officers approached the male in the front driver's seat, who was later identified via MA ID as XXX(DOB XX/XX/XXXXXXX spoke with officers and admitted that he was operating the vehicle, which is registered to his girlfriend, during the accident. XXX was extremely upset and apologetic. XXX stated that his license was surrendered due to having epilepsy. XXX stated that he informed the EMS crew of his home address when the accident occurred. Officers collected XXX's information and released him from the scene.   Auto Investigator notified.   -G101F (Byrnes, P./Hanton)",0
FC21002408,2021-06-29 00:00:00,,BOSTON,2118,Stopped,Reasonable Suspicion ,,Passenger Car/ Automobile,2,2,0,0,2,Members of the Youth Violence Strike Force made an firearm arrest ofXXX following a traffic stop in the area of Washington St and E. Brookline St. XXXand passenger XXXare known St. Joe's gang members with multiple prior firearm charges as well as drug charges on the BOP. Firearm was recovered in the vehicle near the gear shifter.,1
FC25005503,2025-10-11 22:30:00,RIVER ST,HYDE PARK,2126,Stopped,Probable Cause, Gang,Passenger Car/ Automobile,1,0,0,1,1,"About 10:30pm on 10/11/25, Officer Wirkkala (Z437) and Ellsworth (Z430) of the Boston Housing Police investigated an illegally parked vehicle at XXXRiver St, Hyde Park.  Officers observed an EAN holdings black Hyundai Sonata (MA reg: XXX) double parked behind two cars, turned on and idling, in the Hassan Development parking lot. Officers made contact with the driver, identified asXXXDOB: XX/XX/XXXXA CJIS inquiry confirmedXXX drivers license status was suspended. While speaking with XXXhe self admitted to officers he XXX XXXhas 47 on the adult BOP including, Armed Assault to Murder (2016), numerous Firearm charges as well as guilty convictions (2009, 2015), numerous Poss W/ Intent to distribute Classes A, B, & D with a guilty conviction on a Distribute/Dispense Class B (2017), Kidnapping, Guilty conviction on A&B DW, Suffocation /Strangulation, A&B FAM/HSE MEM (2021), among others.   XXXgave officers permission to frisk him as well as search the motor vehicle, which yielded negative results.   FIO to associate XXXwith the motor vehicle.   Wirkkala (Z437) Ellsworth (Z430)",1
FC23004028,2023-08-18 14:50:00.0000000,MASSACHUSETTS AVE,ROXBURY,2119,Stopped,Probable Cause," Body Worn Camera, Gang",Passenger Car/ Automobile,2,2,0,0,0,"Officers conducted a traffic stop on MA reg XXXfor fail to stop for red light (ch89 s9) at the intersection of Mass Ave and Melnea Cass Blvd.

Operator was identified as the owner XXX (Active Heath). It does not appear Mr. XXXhas a BOP but has been present at the recovery of illegal firearms. Mr. XXXwas very cordial and talkative which is different from Officers prior interactions.

Front seat passenger identified as XXX Officers know Mr. XXXto associate with Heath Street associates and frequent the Heath Street Development. Mr. XXXwas quiet and wouldn't look up from his phone for the majority of the stop.

Verbal warning issued for VAL's

DK01D (Murphy/Lonergan)",0
FC20004655,2020-09-15 19:00:00,,BOSTON,2124,Stopped,Reasonable Suspicion , Gang,Suv (sport Utility Vehicle),2,2,0,0,2,"THE C907 ON-SITED SHOTS FIRED AT ROBERTS PLAYGROUND AND OBSERVED A GROUP OF INDIVIDUALS INVOLVED ENTER A GRAY SUV AND FLEE ON DUNBAR STREET. OFFICERS WERE ABLE TO SPOT THE SUV, WHICH TURNED ITS LIGHTS OFF AND FLED DOWN MOODY STREET, BRIEFLY STOPPING ON TORREY STREET, AND SPEED OFF AT A HIGH RATE OF SPEED TOWARDS WENTWORTH STREET. OFFICERS WERE ABLE TO GET THE VEHICLE STOPPED AT NORFOLK AND WENTWORTH WITH THE ASSISTANCE OF OTHER B3 UNITS. 

OPERATOR WASXXX, AND THE REAR SEAT DRIVER SIDE PASSENGER WAS XXXNO ONE IN FRONT SEAT. FRONT PASSENGER WINDOW DOWN, AND AN OPEN BACKPACK IN THE FRONT SEAT. CANVASSED THE AREA FOR ANY OTHER POTENTIAL SUSPECTS IN VEHICLE TO NO AVAIL. 

XXXADMITTED TO OFFICERS THAT HE HAD JUST BEEN SHOT AT. WOULD NOT FURTHER COMMENT. 

ALL PARTIES FIOED AND RELEASED.",1
FC21003190,2021-08-18 22:24:00,HOLLANDER ST,BOSTON,2121,Stopped,Probable Cause,,Suv (sport Utility Vehicle),4,3,1,0,1,"About 10:24PM, on Wednesday, 08/18/2021, Officers Gilmore and Ryan in the B104F conducted a traffic stop at 13 Hollander Street, Roxbury.

Officers observed XXX XX/XX/XXXXoperating a red Honda CR-V (MA REG: XXXOfficers were aware that XXX did not possess a valid driver's license through a previous encounter (I212056135) and confirmed through a CJIS query of which yielded a suspended license.

During the traffic stop Officers were also approached by XXX(Active H-Block),XXX (Active H-Block) andXXX (Active H-Block) and a unidentified female. XXX and the motor vehicle were pat frisked which yielded negative results.

XXX was given a verbal warning and instructed not to drive the motor vehicle.XXX took possession of the motor vehicle who had an active driver's license.

Verbal warning issued, FIOED and released.",1
FC22002456,2022-06-11 11:59:00,GENEVA AVE,DORCHESTER,2122,Stopped,Reasonable Suspicion ,,Passenger Car/ Automobile,1,1,0,0,1,"Officers approached XXXin the parking lot of XXXGeneva Ave standing outside of his parked MV (MA REG XXXas he was pacing back and forth in the area.

A witness described that XXXhad a large knife on his person and seemed suspicious. Officers seized the knife and was measured to be in excess of 2 1/2 inches, approximately 6 inches.

XXXwas very uncooperative and argumentative during the stop, and stated that he may use the knife for ""fishing.""

For officer safety. Active Bicknell member.

(Taylor / Luu / Ruane / Green / Det Finn).",1
FC20002714,2020-05-20 15:48:00,,BOSTON,2121,Stopped,Probable Cause,,Passenger Car/ Automobile,2,2,0,0,1,Officers stopped the above individuals in above vehicle for VALS...both indiiduals are known H-Block associates and have been around firearm activity in the past....,1
FC22001566,2022-04-20 18:15:00,SEAVER ST,ROXBURY,2121,Stopped,Intel,,Passenger Car/ Automobile,1,1,0,0,0,"Officers conducted a traffic stop of FL Registration XXXa black Jeep Grand Cherokee for speed and improper lane change at Seaver St/Elm Hill Ave. 

Officers initially observed vehicle coming from the area of Mattapan Sq. 

The operator, H-Block associateXXX (DOB XX/XX/XXXX(Prior F/As, robbery). XXXwas also a shooting victim back in 2015. XXXwas driving using portable driving sticks. 

Officers were aware of a recent homicide in E18 where the described suspect vehicle was a black Jeep Grand Cherokee with FL registration. 

Officers engaged XXXin casual conversation and stated he was headed home. 

FIO for Intel purposes",0
FC21001286,2021-04-03 19:19:00,,BOSTON,2118,Stopped,Intel,,Passenger Car/ Automobile,1,1,0,0,1,"Tstop for VALS (red light violation) of MA Reg: XXXat Tremont St & Camden St.

Operator: XXX (DOB: XX/XX/XXXXActive Orchard Park Gang Member.XXX does not possess a valid drivers license, MA ID#: XXX
BOP: open F/A charges, currently on GPS monitoring.

XXXstated he had a knife on his person.XXX and vehicle, frisked to no avail of additional weapons. MV was then legally parked on Tremont St.XXX stated he resides at XXXWorcester St (South End). Warning given. 

D445F (Herbert), D441F (Canty)",1
FC23000181,2023-01-08 22:00:00.0000000,,ROXBURY,2119,Stopped,Reasonable Suspicion , Body Worn Camera,Pickup Truck,2,1,1,0,0,"TS for VALS (Inspection) on MA REG: XXXOperator identified asXXX (Prior 94C) and front seat passenger identified asXXX (Prior F/A and 94C). FIO'd to associate with MV. 

-BK02F (Cubarney/Bertocchi) -BK01F (O'Brien/Kerrigan)",0
FC21003116,2021-08-14 21:17:00,STANTON ST,DORCHESTER,2124,Stopped,Probable Cause,,Passenger Car/ Automobile,3,3,0,0,3,"Officers conducted a M/V stop of MA: XXX(2008 Pontiac G6, black) for multiple VALS (no front plate, excessive tint, owner w/ suspended license) at XXXStanton Street. 

Operator was identified as registered owner, XXX. Front passenger was identified as XXX Backseat passenger identified as XXX. All occupants stated there were no weapons in the vehicle.

A CJIS query confirmed that XXXhad a suspended driver's license as well as an active MA LTC. Officers then questioned XXXabout his LTC and specifically asked if he was carrying a gun inside his fanny pack that was strapped across his chest. XXX acknowledged that he was in possession of his legally owned firearm. When asked why he stated earlier that he did not have any weapons on him, XXX stated he has a previous bad experience with police.

XXX and XXX have no criminal histories and have had minimal contact with BPD. XXXhas been FIO'd with Levant, Morse, and Orchard Park associates in the past.

The vehicle and occupants were frisked for additional weapons to no avail. XXX was given a warning for the VALS and XXX(active license) was allowed to take control of the vehicle.",1
FC22000210,2022-01-19 20:34:00,MONUMENT SQ,CHARLESTOWN,2129,Stopped,Reasonable Suspicion ,,Passenger Car/ Automobile,1,0,0,1,0,RC for a B&E in Progress at above. Caller didn't want to make themselves known to Officers. Above party was at residence to perform property maintenance. Advised to choose a different time of day to conduct said work. Advised party to reach out to landlord so they could inform tenants of work to be performed. Unable to speak with caller after multiple callback requests.,0
FC21004330,2021-11-08 21:25:00,MORTON VILLAGE DR,MATTAPAN,2126,Stopped,Reasonable Suspicion ,,Suv (sport Utility Vehicle),2,1,0,1,0,"While canvassing the area for suspects and victims following a Shot Spotter activation at 4 Henrici St, Officers observed MA REG XXX(2008 Gray Porsche SUV) idling in the parking lot of the Morton Village Drive Apartments. 

Officers made contact with the operator XXX DOB XX/XX/XXXXwho was parked in front of a NO TRESPASSING sign posted on a the fence on his passenger side. Also in the vehicle was a unidentified female passenger. Both parties stated they ""know people"" who live there and that XXXalso stated that he is ""known"" there and showed Officers an expired parking pass. Both XXXand his passenger stated that they did not hear any gun shots in the area while they were there. Officers advised XXXof the No Trespassing sign and that his expired parking pass was not valid. 

CK01F (Parham / Kennedy) & C202F (Manning & McCarty)",0
FC21003524,2021-09-08 23:16:00,OLD COLONY AVE,BOSTON,2127,Stopped,Encounter,,Passenger Car/ Automobile,1,1,0,0,0,"TSTOP for VALS at 350 Old Colony Ave of MA XXXon 09/08/21 at 11:15pm. 

Officers spoke with the operator (XXX who officers are familiar with from previous interactions. 

XXXwas recently arrested of F/A charges with XXX (Active Morse).

Written warning issued.

F102A (Fullam, Burke)",0
FC20002420,2020-05-04 23:25:00,FANEUIL ST,BRIGHTON,2135,Stopped,Reasonable Suspicion ," Body Worn Camera, Gang",Passenger Car/ Automobile,2,2,0,0,0,"About 11:53 PM on Monday 5/5/20, officer conducted a traffic stop of a Blue Hyundai (MA Reg: XXXwhich was being operated by XXX (DOB: XX/XX/XXXXin the area of 71 Faneuil Street, Brighton.

Officers observed the motor vehicle to be parked by 41 Faneuil Street then travel onto Faneuil Street failing to use a turn signal and then turn into the parking lot of 71 Faneuil Street also failing to use a turn signal. XXXwas accompanied by his girlfriend (XXX DOB: XX/XX/XXXX
XXX(Active Everton/Geneva) has an extensive bop for firearm, drug and assault related charges. 

His girlfriend (XXX) also has an extensive bop for firearm and assault related charges.

KK02F (Sobhy/Abasciano)",0
FC22000701,2022-02-24 17:00:00,,BOSTON,2120,Stopped,Reasonable Suspicion ,,Passenger Car/ Automobile,1,0,0,1,1,"Motor vehicle stop at Tremont St. and Melnea Cass after Officers observed vehicle bearing MA RegXXXwith excessive tint (5%). Vehicle had over 100 recent inquiries including a BOLO for a stabbing out of B3 from 2/22/22. Driver and registered owner was confirmed to be XXXOfficers contacted B3 detectives regarding BOLO who stated vehicle was no longer wanted. Mr. XXXwas cooperative with officers during traffic stop and was able to produce a tint waiver. 

D101F Jenner/ O'Leary

D105F Medrano/ Henriquez",1
FC20003574,2020-07-02 00:58:00,,ROXBURY,2121,Stopped,Probable Cause, Body Worn Camera,Passenger Car/ Automobile,5,5,0,0,0,"PO Jose M Diaz Jr (106745) as the BT55A conducted a T-Stop for speeding in the area of Seaver & Elm Hill.

MA Reg# XXX(Blue 2008 BMW 535xi) belonging toXXX operated by XXX occupied by XXX (front seat) and an unidentified female in the rear seat.

XXXsummons for suspended license and speeding. XXXwith valid license assumed the driver seat.

FIOE submitted to associate the above parties with this motor vehicle due to the registered owner XXXhaving a firearm charge on the BOP and the Driver XXXhaving armed robbery on the BOP.",0
FC23000724,2023-02-07 19:22:00.0000000,WASHINGTON ST,DORCHESTER,2121,Stopped,Probable Cause, Body Worn Camera,Passenger Car/ Automobile,3,3,0,0,0,"T/S for VALs (red light) of MA REG XXXat XXXWash. Op identified asXXX (Armed assault w/ intent to murder, multiple FA and 94c offenses, home invasion), front passenger identified asXXX (armed assault w/I to murder, multiple FA offenses) and rear passenger identified as XXX (prior FA and 94c offenses, armed robbery). All 3 occupants cordial throughout interaction. Written warning issued for VALs. 

FIO'd to associate with m/v.

HK01F (E. Foley/O. Russell)",0
FC21000679,2021-02-26 22:05:00,TREMONT ST,ROXBURY,2119,Stopped,Reasonable Suspicion ,,Suv (sport Utility Vehicle),3,3,0,0,2,"PO Jose M Diaz Jr (106745) B456F on Friday 2-26-2021 @ 10:10PM

Suspect Stop (P210083858) based on BOLO from D4 incident at 958 Tremont St (Slades - P210083848/I212012661 @ 10:05PM).

BOLO was for two Black Males in a Gray BMW SUV with New Jersey plates and the passenger may have a gun. Vehicle fled the bar heading towards B2 after a fight. NJ plate started with the letters XXX
At about 10:10PM the B456F (Diaz) observed a Gray 2011 BMW 5 Series ""GT"" turning right onto Washington St OUTBOUND coming from Guild Row. The B456F reversed direction, caught up at about Washington St. and Cedar St. and began to follow the BMW and confirmed it had a NJ Dealer plate# XXXThe B456F broadcast this information, his location & direction, and requested additional units to safely conduct a Suspect Stop.

Several B2 units including Patrol Supervisor B909 (Sgt. Burrows) converged upon the BMW at Washington St. and Dale St. and a stop was made. Both the Driver XXX) and Passenger (XXX) were removed, pat frisked, and briefly detained. The BMW was also frisked for weapons. At no time was either party placed in handcuffs. No firearms were located.

The Passenger stated they had come from the Tremont St. area. The Passenger did have a folding knife in his front left coat pocket which was returned to him after the encounter. The Passenger provided a RI ID# XXX. A CJIS inquiry revealed the Passenger also has a MA ID# XXXThe Driver provided MA Lic# XXXand stated he own a car dealership (Auto Empire). No information was available from CJIS on the NJ Dealer Plate# XXXthat was displayed on the BMW (VIN XXX). It should be known that a BMW 5 Series ""GT"" is a sedan based 5 Door hatch SUV crossover.

No further information was available from the D4 units regarding the incident or potential suspects. Once properly identified, the BMW Driver & Passenger were released forthwith and advised about the reason for the stop, exit orders, and significant police response. Both were cooperative throughout the encounter and stated they understood the Officers were doing their jobs and why it took place.",1
FC25001131,2025-03-18 22:45:00,,BOSTON,2111,Stopped,Probable Cause," Drugs, Body Worn Camera",Passenger Car/ Automobile,1,1,0,0,0,"About 10:45pm, on 03/18/25, Invest MV, a 2013 gray Volkswagen Passat (MA REG# XXXat Mason St. & West St., Downtown.  Owner operator- XXX (DOB XX/XX/XXXXhistory of firearms and multiple guilty convictions for Distribution of Class B out Boston Municipal Court.XXX has been arrested on several different occasions in the past in relation to drug investigations in this specific area.  XXXwas cordial with officers stating he parks on Mason Street to go to the gym in Downtown Crossing. Verbal warning issued for illegal parking.  AK01F (Marchand / Hiltunen)",0
FC23003563,2023-07-15 22:04:00.0000000,,DORCHESTER,2121,Stopped,Probable Cause, Body Worn Camera,Passenger Car/ Automobile,3,3,0,0,2,"TS for VALS no front plate (90/6), MA REG XXXwhite Infiniti Q50 at Merrill St and Glenarm ST.

-Operator identified as known Morse St associate XXXr XX/XX/XXXXmultiple Prior F/A's 

-Front passenger/registered owner of the vehicle identified as XXXgirlfriend, (XXX XX/XX/XXXX
-Rear Passenger identified asXXXXX/XX/XXXXPrior F/A'sXXX informed officers that he did not possess a driver's license to operate the vehicle and a CJIS inquiry revealed XXXdoes not have a driver's license (90/10).

Officers issued an exit order and frisked the vehicle yielding negative results.

Once officers confirmed XXX possessed a valid drivers license, they allowed her to operate the vehicle.

Verbal warning issued to XXX.

All parties were cordial with officers during incident. 

FIO'd and released. 

C113F M.Foley/Schetrawski",1
FC23001353,2023-03-15 17:00:00.0000000,AMERICAN LEGION HWY,ROSLINDALE,2131,Stopped,Probable Cause, Body Worn Camera,Passenger Car/ Automobile,1,1,0,0,0,"Officers stopped MA REG XXX(White Mercedes) for VALS (Excessive tint C90/S9D, No front plate (C90/S6) at XXXAmerican Legion Hwy. The driver of the vehicle was revealed to be OXXX The car is registered to his girlfriend XXX.

XXXhas multiple Firearm violations on his BOP.

Verbal warning issued



L101F Kaplan/Freedman",0
FC24003514,2024-08-28 18:40:00.0000000,BLUE HILL AVE,BOSTON,2124,Stopped,Probable Cause,Body Worn Camera,Passenger Car/ Automobile,2,1,1,0,0,"T/S Black Infiniti Q50 (MA REG XXXat XXXBlue Hill Ave for excessive tint 90/9D and number plate violation 90/6.

Operator identified as XXX XXXhas been documented around firearm arrests and shot spotter activations as well as having Lenox ties.

Passenger identified as the registered ownerXXX active Lenox multiple f/a.

Both occupants were cordial throughout the stop. Officer questioned XXXas to why he was he wouldn't be operating his own vehicle at which point he raised his left leg to show that he was wearing a boot.

Verbal warning issued

FIO'd for intel purposes

C431F M.Foley",0
FC23000591,2023-01-31 01:17:00.0000000,,BOSTON,2111,Stopped,Probable Cause," Drugs, Body Worn Camera",Passenger Car/ Automobile,2,0,2,0,1,"Officers conducted a traffic stop for VALs (c90 s18) at the intersection of Summer and Washington Street. MA XXXregistered to XXX Operator identified asXXX(prior possession, bank robbery). Vehicle was originally observed with a female on Essex at Washington Street which is the location of multiple prior narcotics and weapons arrests. Officers observed XXXreaching toward the front floor of the driver's side during the stop and was further reaching to the rear passenger area. Exit order and frisk of XXXand vehicle yielded a small club, crack cocaine, multiple items of drug paraphernalia, and $560 in replica US Currency. XXXwas compliant during the stop. XXXwas issued a Massachusetts Uniform Citation for the motor vehicle infraction and a summons for possession of class B. 

FIO for intel on vehicle and operator. 

A103A (Lukas/Scott)",1
FC22002537,2022-06-16 12:41:00,,BOSTON,2124,Stopped,Reasonable Suspicion ,,Passenger Car/ Automobile,1,1,0,0,0,"Officers conducted a traffic stop of MA Reg# XXXfor VAL's (90:9D), (89:11), at Norfolk Street & Stanton Street, Dorchester. 

A CJIS query of the vehicle revealed that the owneXXX(multiple prior firearm related charges) had an expired drivers license. 

The driver of the motor vehicle was later revealed to be XXX (active Saint Joseph's Street associate, multiple prior open firearm related charges). XXXstated that XXXis his girlfriend. 

C202D (Meaney / Cox).",0
FC20003542,2020-07-01 21:09:00,OWEN ST,MATTAPAN,2126,Stopped,Probable Cause," Gun, Gang, Drugs",Suv (sport Utility Vehicle),2,2,0,0,2,"XXX arrested on firearm and PWID charges following a shots fired in the area. XXX was present in the vehicle. XXXwas initially placed under arrest as well but was released after further investigation. XXXis an active Corbet/Thetford Ave Associate. XXX may have also been involved. XXXis an active Corbet Street Associate. 

Foley/Adams.",1
FC20001633,2020-02-29 16:45:00,BOSTON MEDICAL CENTER PL,BOSTON,2118,Stopped,Reasonable Suspicion , Drugs,Passenger Car/ Automobile,4,0,4,0,2,"At approximately 4:40 pm, on Saturday, February 29, 2020, PO England observed a Hispanic male, soon identified asXXX, park MA REG XXXoutside 7 Winthrop St. XXX then entered the location. He exited a few minutes later and re-entered his motor vehicle. 

At approximately 4:45pm, MA XXXparked at the corner of Winthrop St and Kearsage St. PO England observed the driver, XXX, and the rear left passenger,XXX, exit the vehicle and proceed toward XXX's vehicle. XXX opened his driver door and greeted the two females.XXX appeared to exchange items with XXX, at which point upon doing so, she and XXXreturned to their vehicle. Both vehicles then sped away. Believing a street-level drug transaction had taken pace between the parties, PO England and PO Henriquez requested marked units stop both vehicles.

MA REG XXXwas stopped by the TG01F Unit (PO Hernandez), along with PO's Builes and Bang. PO England spoke with the occupants, XXX and informed them of his observations of them on Winthrop St. XXXstated to PO England that she gave XXX a quantity of money with he had loaned her prior. However, XXXinformed PO England she believed XXXpurchased illegal narcotics. PO England informed the ladies should they be in possession of any illegal narcotics it would be best if they turned them over to the PO England. No drugs were turned over.

PO Henriquez spoke to XXX after his vehicle was stopped, at the corner of Magnolia St and Dudley St, by PO's McDonough and Hooley. XXX denied meeting with anybody prior to being stopped. PO Henriquez reminded him of his interaction with XXXand XXXon Winthrop St, at which point he stated that they were friends and only said hello to them. XXX stated that at no time did XXXor XXXgive him a quantity of money. 

PO England informed XXXto respond to Boston Municipal Court on the next business day to square away her active misdemeanor warrant. XXXstated she possessed paperwork that she cleared her warrant with the court, but was unable to provide that paperwork to PO England. She was searched by PO Builes at PO England's request.

No drugs were recovered this incident and all parties were allowed to leave.",1
FC20004404,2020-08-27 13:16:00,HAMPDEN ST,BOSTON,2119,Stopped,Probable Cause, Body Worn Camera,Passenger Car/ Automobile,2,2,0,0,0,"9:30AM 8/27/2020 TS for VAL XXXHampden Street Roxbury.

MA REG XXXstopped for Vals. Operator of the vehicle was XXX. Mr XXXhas 4 open cases, 2 for trafficking, Poss to Distribute Class B, Conspiracy to Vio Cont Sub Act of of Middlesex Superior Court

Warning issued. 

D201D Officer Dowling/Fullam R",0
FC21002613,2021-07-12 01:02:00,PLEASANT ST & STOUGHTON ST,BOSTON,2125,Stopped,Reasonable Suspicion ,,Passenger Car/ Automobile,1,1,0,0,0,"T-Stop for VALs (red light violation) at Pleasant St & Stoughton St at 1:02am on 07/12/21. Spoke to operator (XXX) of white Infiniti XXXwho stated that he sped up to beat the light and was trying to get home. Operator XXX) stated that he lived in Brockton.

CJIS query revealed active license and registration. BOP revealed several prior charges for firearm possession w/o permit, armed assault to murder, and ABDW. Vehicle previously failed to stop for B-3 units in April 2021 and was subsequently towed.

Operator cordial throughout interaction. Written warning issued, FIO'd and released.

HG02A (Schultz, Nolen)",0
FC25004172,2025-08-01 17:21:00,,DORCHESTER,2121,Stopped,Reasonable Suspicion , Body Worn Camera,Passenger Car/ Automobile,1,1,0,0,1,"About 5:21 PM on Friday, 8/1/2025 Officers observed MA reg. XXXwith illegally dark tinted windows. Officers performed a T/S operator was identified as XXX(prior name of XXX(BOP includes assault to kill and prior F/A's). XXXhad suspended license was removed and car was frisked to negative results.  Verbal Warning issued to operator, family member contacted to retrieve car.",1
FC21001466,2021-04-13 19:05:00,MORRISSEY BLVD,BOSTON,2122,Stopped,Reasonable Suspicion ,,Pickup Truck,2,2,0,0,0,"TRAFFIC STOP FOR FORD PICK UP MA REG XXXWITH INSTALLED ROOF, TINTED WINDSHIELD, AND MISSING FRONT PLATE.

VEHICLE OPERATOR XXX STATED THAT THE CAR IS OWNED BY HIS BROTHER XXX AND WAS RECENTLY IN AN ACCIDENT CAUSING FRONT PLATE TO BE MISSING.

OPERATOR XXXHAS 53 ADULT HITS ON HIS BOP INCLUDING SEVERAL CONVICTIONS FOR DISTRIBUTION OF CLASS B DRUGS. OPERATOR XXXSTATED THAT THE VEHICLE IS OWNED BY HIS BROTHER XXX (NO SIGNIFICANT CRIMINAL HISTORY) AND WAS POLITE AND CORTEOUS THROUGHOUT INTERACTION. WRITTEN WARNING WAS ISSUED AND OPERATOR XXXWAS FIOED AND RELEASED. FEMALE PASSENGER (BLACK FEMALE 40-45 YEARS OLD, BLONDE HAIR) WAS NOT INTERVIEWED DURING THIS INTERACTION.

LEVICHEV/ISBERG -H202F-",0
FC23000382,2023-01-17 21:08:00.0000000,,BOSTON,2120,Stopped,Probable Cause,,Passenger Car/ Automobile,1,1,0,0,1,"P#230028225

About 9:08 PM on Tuesday, 01/17/2023, Detectives Hawkins (V818) and Byrnes (V884) of the Boston Police Homicide Unit were traveling in an unmarked police SUV on Prentiss Street approaching Parker Street. Detectives observed a gray Ford Mustang (Pennsylvania tag XXXtraveling on Parker Street towards Mission Hill at a high rate of speed well in excess of the 25 MPH limit established by City of Boston Ordinance for any ""unposted"" sections of the City. 

The roadway surface was wet and there was a substantial amount of pedestrian traffic. Detectives caught up to the Mustang in the area of Parker and Alleghany Streets and initiated a traffic stop. The male operator was observed to be reaching around his waist area and the right side of the driver seat and was removed for a pat frisk of his person and immediate lunging distance of the vehicle interior. The operator identified himself asXXXand provided his Massachusetts license number verbally. A query confirmed that XXXwas duly licensed. XXXadmitted that he had been speeding and indicated that he got carried away driving a rental and was simply nervous about some personal use marijuana he had. 

Verbal warning issued.

FIO completed to link XXXto the vehicle.

Prior Firearm conviction.",1
FC24000441,2024-01-31 18:06:00.0000000,MELVILLE AVE,DORCHESTER,2124,Stopped,Probable Cause,Body Worn Camera,Passenger Car/ Automobile,2,2,0,0,0,"Traffic Stop for VALS (suspended license 90/23) at XXXMelville Ave. on a black Volkswagen CC, bearing MA REG: XXXCJIS revealed the registered owner asXXXXXactiveXXXt associate with numerous F/A violations on his BOP, most recently arraigned on firearm related offenses on (01/24/24) out of Suffolk Superior Court. 

Officers approached the vehicle and identified the operator to beXXX (DOB: XX/XX/XXXXactive XXXassociate. Officers observed XXX reclined fully back in the passenger seat who avoided eye contact with officers and was continuously scrolling on his phone. Officers also observed an unidentified male in the rear passenger seat.

Operator produced a valid drivers license and officers released vehicle and parties on scene. 

C111F (Sandoval/M.Foley)",0
FC23002233,2023-04-30 18:00:00.0000000,TIBBETTS TOWN WAY,BOSTON,2129,Stopped,Reasonable Suspicion ,,Passenger Car/ Automobile,2,1,0,1,0,"About 6:00 PM on 04/30/23- T- Stop for VALS (tint) on a black Jeep Cherokee (MA Reg: XXXat XXXTibbetts Way, Charlestown.

Operator/Owner: XXX DOB XX/XX/XXXX- active Charlestown Blood, has an open F/A case out of Middlesex Superior Court along with an extensive F/A history on BOP.

Passenger: XXX DOB XX/XX/XXXX- has been known to associate with numerous Charlestown Bloods NO BOP. 

FIOE'd to associate both individuals together.

Mccullough/Ostholthoff/ Kennedy (AK15F)",0
FC23001769,2023-04-04 21:05:00.0000000,,BOSTON,2119,Stopped,Reasonable Suspicion , Body Worn Camera,Passenger Car/ Automobile,2,1,0,1,0,"T/S of CT REG XXXin the area of Melnea Cass Blvd and Hampden St. Officers previously observed the vehicle in the area of Villa Victoria. Officers observed the vehicle traveling down Washington St weaving in and out of lanes (89/4A) and conducted a stop of the vehicle for the mentioned violation. 

Officers made contact with the operator XXX and the front passenger (XXX Officers noted heavy window tint on the vehicle. Officers also noted that the interior of the drivers side door did not have any panels covering it. Operator stated that he was in the process of installing a new sound system to the vehicle to justify this. 

A CJIS inquiry was conducted of the operator which showed MA BOP consisting of Fugitive from Justice as well as VALs. III Inquiry showed prior Cocaine Distribution and Burglary charges out of Florida. Officers are aware that the area where the stop was conducted is an area plagued by drug use, sales and trafficking. 

Operator informed Officers that the vehicle belongs to his step father. FIO to associate with vehicle. Written warning issued. 

D203F (McDonough/Crowley)",0
FC21001456,2021-04-09 01:00:00,BLUE HILL AVE,DORCHESTER,2126,Stopped,Encounter,,Passenger Car/ Automobile,1,1,0,0,0,About 1:56 a.m. officers conducted a motor vehicle traffic stop on Ma Reg# XXXfor a traffic violation outside of 1165 Blue Hill Avenue. When officers approached the vehicle they observed the operator XXX to be very upset and agitated. Officer Greene requested for the XXXto supply her driver's license to which she complied while stating that she wanted to speak to a supervisor because she did not believe she violated any traffic laws. The C908(Sgt Paulino) arrived on scene and explained that she could dispute her issue at the area district station or in court depending on the outcome of the traffic stop. XXXwas given a verbal warning and released.,0
FC23001331,2023-03-13 21:40:00.0000000,BARRY ST,DORCHESTER,2125,Stopped,Reasonable Suspicion ," Body Worn Camera, Gun, Shots Fired",Passenger Car/ Automobile,3,1,2,0,3,"Officers recovered two illegal FA from XXXBarry St, APT 3 after a SSA. XXX was charged with possession of a FA x2, discharging a FA. The above individuals exited MA REG XXXprior to the shooting, then attempted to re-enter the vehicle while Officers were on scene. XXXdoes not have a criminal history.

HK01F (E. Foley/O. Russell), H813 (Det Traft), H912 (Sgt Burns)",1
FC21000588,2021-02-22 19:15:00,,BOSTON,2114,Stopped,Reasonable Suspicion ,,Passenger Car/ Automobile,1,0,1,0,1,"ABOUT 19:30 HOURS MEMBERS OF THE A1 ANTI-CRIME UNIT CONDUCTED A DRUG INVESTIGATION IN THE AREA OF PORTLAND ST AT VALENTI WAY. OFFICERS OBSERVED MA REG XXXOPERATED BY XXXOFFICERS OBSERVED THE MV TO BE PARKED AND THE OPERATOR JUST SITTING THERE. AFTER ABOUT TEN MINUTES OFFICERS OBSERVED A UNKNOWN FEMALE ENTER THE PASSENGERS SIDE. THE VEHICLE CONTINUED TO TRAVEL DOWN PORTLAND TOWARD CAUSEWAY. XXXTURNED RIGHT ONTO CAUSEWAY AND TRAVEL TOWARD BEVERLY. DURING THE LEGNTH OF TRAVEL, THE MV WAS CROSSING FROM LANE TO LANE AND USING OPPOSITE DIRECTIONALS OF TRAVEL. THE VEHICLE THEN PUT THE LEFT DIRECTIONAL ON HOWEVER TRAVELED RIGHT ONTO BEVERLY ST. ON BEVERLY, THE VEHICLE ABRUPTLY STOPPED THEN CONTINUED TO PROCEED AND ABRUPTLY STOP AGAIN JUST AFTER ""TAVERN IN THE SQUARE"" RESTURANT. THE FEMALE PASSENGER THEN EXITED THE MV, STARED DIRECTLY AT OFFICERS WITH A WIDE EYE STARE. THE PASSENGER THEN STATED SOMETHING TO XXXTHE UNKNOWN FEMALE PASSENGER THEN PUT HER HEAD DOWN AND RAN ACROSS THE STREET IN THE DIRECTION OF THE LOADING AREA OF 101 BEVERLY ST.

XXXCONTINUED AND CAME TO ANOTHER ABRUPT STOP BLOCKING THE CROSSWALK AT VALENTI AND BEVERLY. OFFICERS WERE ABLE TO CONDUCT A TS, WHERE XXXIMMEDIETLY INSISTED ON OFFICERS TO CONDUCT A CONSENTIAL SEARCH OF HIS MV AND PERSON, WHICH REVEALED NEGATIVE RESULTS. XXXSTATED HE WAS GIVING A FEMALE FRIEND XXXA RIDE TO SOME HOTEL ON SOME STREET BUT COULD NOT PROVIDE A STREET OR HOTEL NAME. OFFICERS ARE FAMILIAR WITH XXXFROM A SIMILAR ENCOUNTER WHERE MULTIPLE P/B OF HEROIN WERE RECOVERED. BWC ACTIVATED DURING STOP, VERBAL WARNING GIVEN",1
FC20002185,2020-04-21 01:35:00,MASSACHUSETTS AVE,BOSTON,2125,Stopped,Reasonable Suspicion , Body Worn Camera,Passenger Car/ Automobile,2,1,0,1,0,"Officers observed a 2009 Black Honda Accord (MA REG XXXoperating in the area of 1200 Mass Ave. Officers noticed the vehicle had excessive tint on all of its windows including the windshield. Officers also noticed a MA State police sticker on the front drivers side windshield. 

Officers pulled up next to the vehicle and asked the operator to roll his window down. The operator later identified as XXX (DOB XX/XX/XXXX) and a female passengerXXX (DOB XX/XX/XXXX were the only two occupants of the vehicle. Officers asked XXXif he was on the job. XXXreplied no but ill be on your job next year, It doesn't matter what my score is I'm connected. The passenger XXXbegan yelling I work for politicians. Both parties were being extremely disrespectful to the Officers. 

The vehicle was pulled over for VALS. XXXagain kept stating that he was connected and that we were going to be getting a call. XXXstarted to video tape the traffic stop asking Officers for there badge numbers and to see there faces. XXXwas issued a traffic citation XXXXXXrefused to take his ticket/ID and registration. Instead he kept filming Officers stating I thought you guys were professionals. Officers placed the ticket/ID and registration on XXXlap. 

FIO'D and released

F102A Keddy/O'Leary",0
FC22001287,2022-04-03 18:36:00,TREMONT ST,ROXBURY,2120,Stopped,Reasonable Suspicion ,,Suv (sport Utility Vehicle),2,2,0,0,0,"T/S for speeding and equipment violations on MA reg XXXat the corner of Melnea and XXX Ct.

Operator identified asXXX (Wainwright associate)XXXhas multiple f/a charges and distribution of 94C on BOP.

Passenger identified as XXX XXXhas Armed robbery and B&E on BOP. XXXwas wearing a blue and white Washington Nationals hat which is common among Wainwright associates.

FIOEd to link occupants with vehicle

DK01(Murphy/O'Leary)",0
FC25000640,2025-02-14 18:50:00,,DORCHESTER,2125,Stopped,Probable Cause," Gang, Body Worn Camera",Passenger Car/ Automobile,1,0,0,1,1,"T-Stop for Vals MA Reg: XXX(Speeding)  Operator: XXX (Prior F/A's 94C)- Active XXX Officers were also aware a vehicle associated to XXXwas victim to a recent on-going shooting investigation. (I252007858)  Officers has had numerous prior cordial interactions with XXXDuring the aforementioned traffic stop XXXappeared to extremely nervous and agitated, unlike Officers previous interactions. XXXwas adamant he did not want to be seen without his shiesty mask on.  XXXand vehicle frisked to no avail.  Verbal warning issued. FIO'd & Released.  BK02F/BK01F (Bertocchi/Kovaleski/Gannon/Gelinas)",1
FC21001052,2021-03-21 01:30:00,AVE DE LAFAYETTE,BOSTON,2111,Stopped,Encounter,,Passenger Car/ Automobile,1,1,0,0,0,"XXX (DOB XX/XX/XXXXobserved passed out at the wheel of CA Reg. XXX(2020 white Ford Fusion RENTAL) opposite the Hyatt Hotel (1 Ave de Lafayette). M/V STOP conducted for well-being check. XXXwell known to Officers from numerous previous encounters (violent, uncooperative, and highly confrontational nature; previous threats to LEO/resisting arrest; numerous previous drug arrests). XXXpresent for recent on-site firearm arrest (I202072648)/previous encounters w/ XXXremoving him from Hyatt Hotel with incident (I202050687). FIOED & released.

ELVIN/DREW/CHAN/MCCARTHY/ROCA/VAZQUEZ",0
FC23002679,2023-05-25 19:59:00.0000000,FREMONT ST & FAUNCE RD,BOSTON,2126,Stopped,Probable Cause, Body Worn Camera,Passenger Car/ Automobile,2,2,0,0,0,"T/S for VALS (C.89/S.9) of MA Reg XXXat the intersection of Fremont Street and Faunce Rd.  OperatorXXX) who said that she has been driving her boyfriend’s motor vehicle for a while.  Operator said that her boyfriend has been living with her in Brookline, MA.  Register owner XXX(Active Morse/94C on bop) who was not in the m/v.  

Verbal warning issued. 

FIO to associate relationship between Operator with the Owner. 

C113F (Araujo/Fantaroni).",0
FC24000877,2024-02-26 01:50:00.0000000,HARVARD ST,DORCHESTER,2124,Stopped,Probable Cause,Body Worn Camera,Passenger Car/ Automobile,1,0,1,0,0,"TStop for VALS (90/9D) of a 2001 Toyota Corolla (Ma Reg: XXX
Operator identified asXXX Multiple prior Firearms and 94C charges. 

XXXstated that he was aware that his rear window tint was not mass compliant and will get it to a legal limit moving forward. 

FIO'd to document interaction 

Verbal warning given.

C112 (Champagnie, P/ Bailey)",0
FC25000184,2025-01-12 22:30:00,HARVARD ST,DORCHESTER,2124,Stopped,Probable Cause, Body Worn Camera,Passenger Car/ Automobile,2,2,0,0,1,"T/S at XXXHarvard St of MA REG XXXfor 90/23 and 90/D  Operator - XXX(Prior F/A, Open F/A)  XXXplaced under arrest for above violation, search and vehicle inventory yielding negative findings.XXXXXXX/XX/XXXX (Prior ABDW) arrived on scene and took possession of the keys to the vehicle.   FIO to associate XXXand XXX C111F (Cox/ D'addieco)",1
FC22001645,2022-04-25 18:51:00,MAGNOLIA ST,DORCHESTER,2121,Stopped,Reasonable Suspicion ,,Passenger Car/ Automobile,2,2,0,0,2,"YVSF intel - VK23

Officers observed MA reg: XXXwith excessive tint. This is a known NOB vehicle, often occupied by NOB associates. A traffic stop was conducted at XXXMagnolia Street. Operator was found to beXXX (wearing a memorial pin for NOB homicide victim XXX, and the passenger was NOB associate XXX XXXwas uncharacteristically quiet, and a vehicle registered to him has fled from officers twice in the last two weeks. Due to this and other factors, Officers removed the occupants and conducted a frisk of them and the vehicle, with negative results. Verbal warning for VALs.",1
FC20005835,2020-12-01 20:30:00,MONTAGUE ST,DORCHESTER,2124,Stopped,Reasonable Suspicion ," Body Worn Camera, Shots Fired, Victim Shot",Passenger Car/ Automobile,2,0,2,0,1,"H104F (Taylor / Cummins) stopped TN REG XXXin relation to a person shot call, occupied four times at Roslin St and Montague St. Officers advised of a dark color sedan fleeing the area.

Driver XXX had open firearm charges on BOP.

Passenger XXXwas not found in CJIS, stated he did not have a MA License.

The driver consented to a MV search which yielded negative results. All parties were released.",1
FC23000650,2023-02-02 21:45:00.0000000,MALTA ST,MATTAPAN,2126,Stopped,Probable Cause,,Passenger Car/ Automobile,1,1,0,0,0,"Officers stopped MA REG XXXat XXX Malta St. for EXCESSSIVE TINT 90/9D and EXP/NONRENEW REG. XXX was the operator/owner of the vehicle. XXXhas been arrested for Possession With Intent to Distribute Class B as well as other drug charges.

XXXwas unaware that his vehicle's registartion was expired. Upon further investigation officers discovered that the vehicle was expired for two days. 

Officers issued a verbal warning for both violations. 



L202F Kaplan/Prendergast",0
FC22002681,2022-06-24 14:05:00,MELVILLE AVE,BOSTON,2124,Stopped,Probable Cause,,Passenger Car/ Automobile,1,0,1,0,0,"T-Stop for VAL's (Plate Cover, Broken Taillight) on MA Reg XXX(White '99 Lexus GS 300) being operated by the registered owner XXX (Active Villa Victoria Associate). XXXstated that he was headed to work somewhere outside of the city. XXXwas issued a MA Uniform Citation written warning, FIO'd and released. It should be noted that the vehicle had black light covers on the rear taillights and front headlights.",0
FC20005583,2020-11-14 01:44:00,,BOSTON,2121,Stopped,Probable Cause, Body Worn Camera,Passenger Car/ Automobile,2,1,1,0,2,"Officers conducted a traffic stop for VALs at the intersection of Georgia Street and Hartwell Street.

Operator of the vehicle was identified as XXX. Passenger in the vehicle was identified as XXX. XXX has open trafficking cocaine and open trafficking heroin charges on his BOP from March, 2020. XXXhas separate open trafficking heroin and trafficking cocaine charges on his BOP from June, 2020.

XXX did not have a valid driver's license. Occupants removed from vehicle and occupants and vehicle pat-frisked (no weapons located). It should be noted that there were multiple empty voids inside the vehicle that could be used to store contraband/weapons (all voids were found to be empty at the time of this traffic stop). 

Licensed operator came to the scene and took possession of the vehicle.

B416A (R. O'Leary) / B432A (Kerrigan) / B201A (Riordan/Powell)",1
FC24003046,2024-07-24 22:58:00.0000000,VINTON ST & DORCHESTER ST,BOSTON,2127,Stopped,Reasonable Suspicion ,Body Worn Camera,Suv (sport Utility Vehicle),1,0,1,0,0,"Officers stopped suspect XXX in area of Dorchester St & Vinton St in which caller stated WM, 20s, gray shorts, hooded sweatshirt attempted to break into White Tesla. Officers did not observe any signs of an attempted B&E to vehicle. 

Caller did not remain on scene.

Mr. XXXstated he was coming from Old Colony area. CJIS query yielded negative results on warrants.

Suspect FIO'd and released.

F201F (White/Banton)",0
FC23001826,2023-04-07 21:35:00.0000000,CENTRE ST,ROXBURY,2119,Stopped,Probable Cause," Body Worn Camera, Gang",Passenger Car/ Automobile,2,2,0,0,0,"04/07/23 - 21:35

T-Stop for VALS (no headlights displayed) at XXXCentre St on MA Reg - XXX- White 2013 Ford Fusion

Operator -XXX DOB XX/XX/XXXX(Heath St.) 

Passenger - XXX (Heath St.)

XXX stated that he just got out today. XXX served 2 years for F/A possession. 

Verbal warning. Both parties cordial with officers. 

JK01F (Ruiz/Tilley)",0
FC22001428,2022-04-11 16:34:00,,CHARLESTOWN,2129,Stopped,Reasonable Suspicion ,,Passenger Car/ Automobile,4,2,0,2,4,"Officers were working a call for a Person with a Gun/Robbery In Progress at 58th Thirteenth Street, Charlestown (See I#222025450).

As Officers were canvasing the area for suspects, Park Rangers observed a Gray 2022 Nissan Altima (MA Reg. XXXRental) roll through the stop sign at 1st Ave & 5th Street. The Rangers activated their lights and sirens and conducted a traffic stop at Chelsea St. & Vine St (See P#220155919). Several A-1 units also assisted. BWC were active on scene.

Operator: XXX (DOB XX/XX/XXXXis a former Charlestown Blood gang associate with numerous robbery and drug offenses on BOP.

Passenger: XXX (DOB XX/XX/XXXX

Operator Side Rear:XXX (DOB XX/XX/XXXXprevious larcenies & receiving stolen on BOP

Passenger Side Rear:XXXDOB XX/XX/XXXX
Occupants removed, occupants and MV were pat frisk for weapons which resulted in negative results. Park Rangers issued a citation for Failure to Stop (Stop Sign) to the operator and parties were released.

FIO for intel and to associate XXXwith MA REG XXX
A101F (Abreu/Erb)",1
FC24000568,2024-02-07 00:44:00.0000000,BLUE HILL AVE,BOSTON,2121,Stopped,Probable Cause,Body Worn Camera,Passenger Car/ Automobile,1,0,1,0,0,"T/S for VALS (Speeding/tailgating) of MA XXX(2020 White infiniti QX60) 

Driver: XXX(DOB: XX/XX/XXXXresides at XXXDraper st Dorchester MA

Known to associate with XXXmembers, (REF. I#222035936) and was a suspect in a traffic stop resulting in the finding of a spent shell casing 

XXXwas cordial and cooperative during the interaction 

Verbal warning issued 

FIO for association with the vehicle 

HK01A (Zammito/D. Foley)",0
FC25002206,2025-05-08 16:20:00,,ROXBURY,2120,Stopped,Reasonable Suspicion , Body Worn Camera,Passenger Car/ Automobile,1,0,0,1,1,"About 1620 hours on Thursday, May 8th, 2025, Sgt. Det. DeVito queried a black Ford Edge XXXparked on Carmel Street at Tremont Street, Mission Hill.   The CJIS query showed the registered male owner,XXX (DOB: XX/XX/XXXXhad a full extradition warrant from the FBI for ""DISTRIBUTION AND POSSESSION WITH INTENT TO DISTRIBUTE 500 GRAMS OR MORE OF A MIXTURE OR SUBSTANCE CONTAINING A DETECTABLE AMOUNT OF METHAMPHETAMINE"".   She observed one male occupant, who resembled the registered owner (average size, medium brown complexion Hispanic male, beard). BK02F assisted and the male was removed from the vehicle. He said he did not speak English and gave officers a MA driver's license. Officers queried his license and compared XXXphoto to the male and confirmed it was not him.   The male, XXX (DOB: XX/XX/XXXXwas released. He said it was his wife's car. The car is dual-registered toXXX (DOB: XX/XX/XXXXat XXXHammond Street, where XXX said he lived.",1
FC21004113,2021-10-20 10:07:00,BRIARCLIFF TER,MATTAPAN,2126,Stopped,Probable Cause,,Passenger Car/ Automobile,1,1,0,0,0,"Officers respondedXXX suspect was XXXXX/XX/XXXXXXX was seated inside of XXXat the time of the incident, but stated it was his sister's vehicle and that he was not driving it. 

XXX is currently on an ankle monitor and has recent F/A charges. 

C111D (Little/Miller)",0
FC20003321,2020-06-17 09:20:00,,BOSTON,2126,Stopped,Encounter, Body Worn Camera,Passenger Car/ Automobile,3,2,1,0,2,"About 9:20AM on Wednesday 06/17/2020, Officers stopped PA reg XXXfor vals (expired registration) at the intersection of Cummins Highway and Bismarck Street. 

Operating the motor vehicle was XXX (DOB XX/XX/XXXXactive charlame 2 with prior FA, and armed robbery on his BOP. 

Front passenger was XXX(DOB XX/XX/XXXXactive Charlame 2 with prior FA and violations on his BOP he is also on probation.

Back passenger was XXX (DOB XX/XX/XXXXwith prior FA and narcotics on her BOP.

Motor vehicle towed and XXX citied for the above violation. All parties FIOE and released. 

It should be noted yesterday 06/16/2020 the vehicle matching a description of a vehicle involved in a shooting in the area of Richmere Rd (I202042072). Bric Bolo 20-72 

C112D Grehan/Monzon",1
FC24005117,2024-12-30 22:50:00.0000000,,BOSTON,2124,Stopped,Probable Cause,Body Worn Camera,Passenger Car/ Automobile,1,1,0,0,1,"TS of MA REG XXX(White 2007 SAAB 9-3) for Revoked Registration (MGL Ch 90 s9). Owner / Operator identified as XXXDOB XX/XX/XXXX(49 Adult Arraignments on BOP including multiple prior F/A, 94c and other violent crimes). Passenger was observed to be an adult black male wearing a camouflage beanie, green jacket with a black hoodie underneath and camouflage pants. The passenger was observed to be wearing his seat belt and refused to identify himself during the stop.

Both parties were issued exit orders and both parties and their immediate grabbing areas were frisked for weapons to no avail. XXXattempted to obtain his insurance receipts via his phone, however his phone battery died while searching. Officers advised XXXto ensure his insurance is up to date and to contact the RMV tomorrow morning.

Written Warning Issued via MACCS XXX
FIO'd for Intel Purposes

C111F (Kennedy / Arroyo)",1
FC21004243,2021-11-01 03:02:00,,BOSTON,2116,Stopped,"Intel, Reasonable Suspicion ",,Passenger Car/ Automobile,4,2,1,1,0,"T-Stop for VALs (Red Light violation) Columbus Avenue & Yarmouth Street @03:02 hours. 

Stop conducted of a red Honda CR-V (MA REG: XXXrental vehicle. 

Driver identified as, XXX (DOB: XX/XX/XXXX
Front seat passenger, Unknown, sleeping through duration of stop.

Rear right passenger, XXX(DOB: XX/XX/XXXX

Rear left passenger,XXX (DOB: XX/XX/XXXXprior F/A (open)

Should be noted Mr. XXXwas present during a multiple firearms recovered incident which led to multiple arrests on 10/12/2021 by the Y.V.S.F. (I212074156)

Massachusetts Uniform Citation issued in hand to operator. All parties cooperative with officer.

FIO to associate parties with vehicle and for intel.

D441A (Montero) and assisting D4 units.",0
FC22001477,2022-04-14 10:00:00,MELVILLE AVE,DORCHESTER,2124,Stopped,Reasonable Suspicion ,,Passenger Car/ Automobile,1,1,0,0,0,"XXXentered nail salon at XXXWashington St and stared at cameras. then entered parking lot in rear of XXXwash and filmed the location of cameras and employees license plates. XXXalso filmed the vehicles and plates in the gas station at Melville and Wash. 

Officers stopped XXXat XXXMelville and told him he is trespassed from the gas station and XXXwash.

Officers conducted Warrant check yielding negative results.",0
FC23003949,2023-08-13 00:45:00.0000000,TREMONT ST,ROXBURY,2120,Stopped,Encounter, Body Worn Camera,Passenger Car/ Automobile,1,1,0,0,0,"About 12:45 am Officers conducted T stop for vals at XXXTremont St, Boston.  (MA Reg XXX
Driver/ Registered owner identified asXXX Prior F/A, Active Mission/Annunciation. 

Remarks on vehicle showed bolo for Mr. XXXout of Quincy on 08/07/2023 for Domestic A&B and Warrant issued. Officers contacted Quincy Police who stated XXXturned himself shortly afterwards and the vehicle is no longer a vehicle of interest. 

FIO'ed/ released

Henriquez/ Jenner (D105A)",0
FC25001237,2025-03-24 18:41:00,BLUE HILL AVE,MATTAPAN,2126,Stopped,Probable Cause, Body Worn Camera,Passenger Car/ Automobile,2,1,0,1,1,TS of MA REG XXX(2012 Black Mercedes C-Class) at XXXBlue Hill Ave for Excessive Window Tint (MGL Ch 90 s9D). Operator was identified as XXX DOB XX/XX/XXXX(prior F/A & 94C on BOP). XXXstated to Officers that his License was currently Suspended which was confirmed via CJISWeb Inquiry as well.   XXXwas issued an Exit Order and Pat Frisked for weapons which yielded negative results. XXXwas allowed to contact the mother of his children XXX DOB XX/XX/XXXXin order for her to come and operate the vehicle due to XXXlicense status.   MA Uniform Citation XXXwas issued to XXXand mailed to him due to printer issues in the cruiser.   FIO'd for Intel  CK02F (Kennedy / R. Adams),1
FC24002255,2024-05-27 00:00:00.0000000,ERIE ST,DORCHESTER,2121,Stopped,Probable Cause,"Body Worn Camera, Gang",Passenger Car/ Automobile,1,1,0,0,0,"Tstop speed greater than reasonable Illinois Reg XXX(rental) Operator identified as XXX Active Charlame 2 prior F/A . XXXoriginally refused to ID himself after several minutes of XXXhostility he advised that his license was expired. XXXgirlfriend XXX produced an active license and took possession of the vehicle. Citation issued for speeding warning issued for unlicensed OP.

Murray/Shetrawski",0
FC23001120,2023-03-02 01:30:00.0000000,FRANKLIN ST,BOSTON,2108,Stopped,Encounter," Auto Investigator, Body Worn Camera",Passenger Car/ Automobile,1,1,0,0,0,"TS/VALS @ WASH/FRANKLIN ST, DTX -- (MA) Reg. XXXa gun-metal gray Mercedes w/ limo tinted windows *32 INQUIRIES *

A-1 Officers initially observed the suspect's m/v speeding/circling around Downtown Crossing area/looping the block. Plainclothes Officers in an unmarked cruiser maintained observation of the m/v as it and traveled down Arch St and did not come to a complete stop at the intersection of Franklin/Arch and then finally to an abrupt stop outside of the Millennium Tower Luxury ResidencesXXX Franklin St). Before Officers were able to initiate at TS/threshold inquiry, the operator -- an unidentified 20-30 y/o white female of thin build --- parked and immediately darted out of the driver's seat and into the building out of view.

Approximately 5-10 minutes later, Officers observed the same m/v traveling the wrong way down Bromfield Street in the direction of Washington Street before taking a erratic 3 point turn onto Washington St. facing outbound in the direction of School St. TS initiated; owner/operator identified as XXX(DOB XX/XX/XXXXof XXXEutaw Ave (#1) in Lynn (*no bop/iii; no Mark43 reports*).

Note: As Officers approached, XXXimmediately rolled up the rear windows which were entirely non-transparent/prevented the Officers from ensuring there were no other occupants. Officers asked XXXto lower the windows to check and XXXimmediately resisted in a nervous manner, stating ""there's no one in here, I'm sure"". XXXwas issued a second verbal command to lower the windows forthwith and he complied without incident, however, he remained visibly anxious and appeared to be very nervous as Officers visually inspected the rear. Cordial encounter w/ XXXNFI available/released forthwith w/ verbal warning.

FIOED for Intel/documentation purposes only



ELVIN (A437A) / LUKAS & SCOTT (AK01A)",0
FC20004008,2020-07-31 00:35:00,CAWFIELD ST,DORCHESTER,2125,Stopped,Intel, Body Worn Camera,Passenger Car/ Automobile,1,1,0,0,0,"Traffic stop of MA REG XXXfor failing to signal while turning onto Cawfield Street. Operator was identified as XXX. XXXstated he was parking the car at XXXCawfield because the male he rented it from XXX(CV Male) lived at XXXXXX walked to XXXwhere he lives. Advised to stop driving until he got a license. Verbal warning issued. 

B801 notified.

XXXis known to associate with Woodward and NOB Associates on Albion Street",0
FC21004749,2021-12-17 00:30:00,,BOSTON,2118,Stopped,Probable Cause,,Passenger Car/ Automobile,1,1,0,0,0,"Motor Vehicle Stop (No Inspection Sticker) at Shawmut Avenue and Lenox Street @ 12:30 A.M. Stop conducted of a blue colored Honda CRV Utility, bearing MA REG: XXXOperator identified as R/O, (MXXX; DOB: XX/XX/XXXXPrior F/A (Open). Stated he was in the area delivering food to a sick aunt on Lenox Street, unable to provide name or address. 

XXXwas present during a multiple firearms recovered incident (10/12/21), by the YVSF, (I212074156) resulting in multiple arrests.

Previously FIO'd (11/23/21) in B3 providing same explanation of sick aunt recovering from Covid. Informed Officers today he has no aunt in that area of the city.

Massachusetts Uniform Citation issued in hand (No Inspection Sticker/Excessive Tint). BWC activated. LaRosa/Keenan (D103A).",0
FC23002563,2023-05-18 17:50:00.0000000,,BOSTON,2126,Stopped,Probable Cause, Gang,Passenger Car/ Automobile,2,2,0,0,0,"Officers stopped MA REG XXX(2017 Black Toyota Camry) for VALS (CH89/S9 Fail to stop for stop sign & CH 90/S9D Excessive tint) at Cummins Hwy and Ridlon St.

Driver of vehicle revealed to beXXX(Active Annunciation/Mission associate). BOP revealed - Open B & C Possess to Distribute, multiple firearm violations, and assault to murder.

Passenger revealed to be XXX (Active Annunciation/ Mission associate). BOP revealed - Open firearm case, multiple past firearm violations, and unarmed robbery.

Both parties cordial with Officers.

FIOE for intel.

LK01F (Kaplan/ Freedman)",0
FC23001726,2023-04-02 00:00:00.0000000,AMERICAN LEGION HWY,BOSTON,2131,Stopped,Intel, Body Worn Camera,Passenger Car/ Automobile,1,1,0,0,1,"Officers conducted a Traffic Stop of a White Toyota Scion (MA REG: XXXfor defective brake lights (c.90s7) at 724 American Legion Hwy.

Operator identified as XXX(DOB: XX/XX/XXXXMr. XXXproduced officers a Ma Driver's license and stated he did not have an in-hand registration for the vehicle.

Mr. XXXcould be seen visibly nervous.

CJIS inquiry revealed Mr. XXXMA driver's license status suspended.

Officers issued Mr. XXXan exit order due to operating without an active driver's license.

Vehicle mentioned above was heavily tinted and Mr. XXXwas extremely adamant that officers do not cite for window tint.

Officers Cited and Summons Mr. XXXfor 

90/23 Operating M/V with suspended license

90/7 Defective brake lights

90/9D Excessive window tint 

L101D - Mirville/Burgos",1
FC21000665,2021-02-26 11:30:00,,BOSTON,2126,Stopped,Probable Cause,,Passenger Car/ Automobile,1,1,0,0,0,"Traffic Stop for VALS (No front plate) MA Reg XXXat Mildred & Babson. Owner / Operator identified asXXXXXX ""Harvard Street"" Open Firearm; Firearms on BOP). Verbal warning issued for front plate, XXXpolite and friendly during encounter. 

Coffey / O'Toole",0
FC24003474,2024-08-25 22:45:00.0000000,TALBOT AVE,DORCHESTER,2124,Stopped,Probable Cause,Body Worn Camera,Passenger Car/ Automobile,3,0,3,0,2,"TS of Unregistered MV (MGL Ch 90 s9) of VIN # XXX (2001 Black Acura 3.2 CL) at XXXTalbot Ave for Excessive Speed (MGL Ch 90 s17). The following individuals were identified in the vehicle:

1) Driver: XXXDOB XX/XX/XXXX- prior arrest for ABDW in 2023. 

2) Front Passenger: XXX DOB XX/XX/XXXX- open F/A & 94c on BOP. Currently on GPS Ankle Monitor. XXXalso spoke with Officers about his firearm case in which he stated that he found the firearm while breaking into a vehicle and a round went off while handling the firearm.

3) Rear Passenger: XXXDOB XX/XX/XXXXStated that he was from Honduras. No information found via MARK43 or CJISWeb Inquiries for the name XXXwith the DOB given. 

All 3 occupants were issued an exit Order and Pat frisked for weapons which yielded negative results. 

Written Warning Issued via MACCS (Citation # XXX
FIO'd to document relationship between the occupants and for Intel Purposes.

C431F (Kennedy) / CG01F (J. Coppinger / Cox)",1
FC21003824,2021-09-28 17:53:00,,BOSTON,2126,Stopped,Probable Cause,,Passenger Car/ Automobile,1,0,1,0,0,"At about 05:53pm on Tuesday September 28, 2021 Officers conducted a traffic stop for VALS (Tints & REVOC/INS) on MA REG XXX(2007 White Hyundai Elantra). Operator was identified asXXX DOB XX/XX/XXXX(multiple Firearm and Drug charges on BOP) stated she was driving her children home, Officers observed 2 juvenile males in the back seat. XXXwas issued verbal warning for REVOC/INS, and Tints. XXXalso advised to contact her insurance provider and the registry prior to operating the vehicle again. Vehicle was legally parked, XXXFIO'd and released. 

C421F (Kennedy)",0
FC21001793,2021-05-10 15:37:00,,BOSTON,2115,Stopped,Probable Cause,,Passenger Car/ Automobile,1,1,0,0,1,"About 5:39 pm on Monday 05/10/21 Officers conducted a traffic stop for VALS at the intersection of Edgerly Road and Westland Ave Boston. 

Officers while at the intersection of Massachusetts Ave and Westland Ave observed blue BMW 335XIC bearing MA registration XXXthe vehicle had excessive tint (MGL 90 s9D) and no front registration plate (MGL 90 s6). Officers conducted a traffic stop, and operating the vehicle was XXX (DOB: XX/XX/XXXXA CJIS query of XXXrevealed a firearm violation from 02/12/21. Officers frisked the vehicle for weapons yielding negative results, and issued XXXMA Uniform Citation XXXfor the violations. 

D105F (O'Connor/Crowley)",1
FC20002889,2020-05-24 17:00:00,,BOSTON,2124,Stopped,Reasonable Suspicion , Body Worn Camera,Passenger Car/ Automobile,3,3,0,0,2,"Officers stopped MA Reg: XXXa white 2010 GMC Terrain, at the intersection of Westville St and Geneva Ave. The vehicle was included in an Officer Safety/ BOLO bulletin (#20-47)on 5/23/20 for a possible firearm possession. Operator identified as XXX (prior firearms), front passenger identified as XXX, and rear passenger identified as XXX (Columbia Point & prior firearms). Occupants and vehicle were frisked for weapons to no avail. XXXwas found to have a suspended license. Verbal warning issued, FIO'd and released. 

CK01F (Lekaditis/DePina)",1
FC24001320,2024-03-24 17:07:00.0000000,WASHINGTON ST,BRIGHTON,2135,Stopped,Reasonable Suspicion ,Sex Offender,Passenger Car/ Automobile,1,0,0,1,1,"Members of the D-14 DCU were conducting a drug investigation in the Fidelis Housing Development. During the investigation, a black Mercedes XXXwas observed to pull into the lot at XXXFidelis Way. Officers conducted an inquiry of the vehicle which revealed the registered owner to have an extensive BOP containing both Firearm & Drug Violations and not to reside in the development. 

Officers observed a male exit XXXFidelis Way and enter the front passenger seat of the Mercedes. The Mercedes traveled a distance conducting a meaningless ride, dropping the passenger back off at XXXFidelis Way. Officers believing a drug transaction transpired attempted to stop the passenger who fled into XXXFidelis Way. Officers maintained surveillance of the Mercedes and conducted a traffic stop at XXXWashington St, Brighton. 

Officers approached the driver who was identified as the registered owner, XXXwho was immediately confrontational with officers and was yelling and utilizing profanity. Officers also observed XXXcontinually place his right hand out of view. Officers based on XXXactions/ demeanor and aware of XXXBOP to contain firearm violations, instructed him to exit the vehicle to conduct a pat frisk.

Officers also from the open door, as well as the widows began to visibly look into the interior of the M/V without making entry. XXXinformed officers they could not go in his vehicle. XXXthen recanted this statement and verbally gave consent for officers to search his vehicle. 

Officers inquired with XXXhis purpose for being in the Fidelis Developemnt to which XXXinformed officers he was going to see his boy that lives at that address. Officers inquired what he met his boy for, to which XXXagain replied I just went to see my boy. XXXthen stated he picked his boy up to see him and just drive him around the block. XXXinformed officers to check his record from ""1980's- 2007"", ""I been in the streets, I just got done from doing time, we started Intervale."" (Referring to Intervale Street.) XXXalso stated, ""I'm a jam you up on some bullshit."" 

Officers informed XXXthe reason he was stopped and after their investigation was completed informed XXXhe was free to leave. 

It should be noted the Mercedes window tints are mirrored making it difficult to see into the vehicle.",1
FC20001324,2020-02-22 19:30:00,ROSSETER ST,BOSTON,2121,Stopped,Encounter, Gang,Passenger Car/ Automobile,1,1,0,0,0,"Approximately 1930 hours on Saturday, February XXXXXX, XXX0XXX0 Officers Rodrigues and Eunis in the VK07 unit, conducted a traffic stop of MA reg.XXX (red XXX018 Nissan Altima) in the area of XXX Rosseter Street Dorchester MA. for VAL's(Speeding and tinted window). Officers approached the vehicle and had to make countless requests for the operator later identified as XXX DOB XX/XX/XXXXXXX Active Crownpath associate to roll down his windows as it was excessively tinted. Once Officers were able to gain visual of the operator and the interior of the vehicle, Officer's observed an open bottle of Corona beer and a rolled marijuana cigarette. 

Officers issued MA uniform citation to Mr. XXX for open container, excessive tint and speeding. 

BWC activated during stop.",0
FC24001632,2024-04-13 00:00:00.0000000,WASHINGTON ST,DORCHESTER,2121,Stopped,Probable Cause,"Body Worn Camera, Gang",Passenger Car/ Automobile,2,1,1,0,0,"Tstop marked lanes violation and excessive window tints, MA Reg XXXOperator was XXX active XXXprior F/A, passenger was XXX active XXXprior trafficking and armed robbery. Both XXXand XXXwere cordial with officers and XXXacknowledged his traffic infractions. warning issued. 

Murray/Shetrawski",0
FC25001449,2025-04-05 04:47:00,BLUE HILL AVE,DORCHESTER,2121,Stopped,Probable Cause," Reveler, Body Worn Camera, Gang",Passenger Car/ Automobile,3,2,1,0,3,"About 4:47 AM on Saturday, 04/05/2025, Officers assigned to District B-3 while addressing multiple 911 calls and community complaints of revelers in the area of American Legion Highway and Blue Hill Avenue conducted a traffic stop on MA Reg. XXXgray colored 2017 Honda Accord, for expired registration in the area of XXXBlue Hill Avenue.  Driver identified asXXX(DOB XX/XX/XXXX Rear right passenger identified asXXXDOB XX/XX/XXXX- XXXprior F/A)  Rear middle passenger identified as XXX  Multiple other passengers in the refused to identify.  During the stop, XXXwas constantly moving and adjusting himself and pinning the rear passenger side door despite multiple requests to stop moving. Exit order was issued due to expired registration and occupants' behavior.   XXXrolled up the vehicle's windows and took almost a full minute to exit the vehicle and attempted to bypass a pat frisk of her person, including shielding her purse and pulling away from Officers. XXXwas placed in cuffs for fear she was attempting to conceal a weapon or illicit items, however a frisk of her person and purse yielded negatives results and she was promptly removed from handcuffs.  A frisk of all other occupants and vehicle yielded negative results.  Vehicle was towed by Akiki & Sons, citation for offenses issued to XXX FIOE to associate vehicle with occupants.  C112A (Ashe/O'Neill)",1
FC23000157,2023-01-07 16:50:00.0000000,BLUE HILL AVENUE,BOSTON,2119,Stopped,Probable Cause,,Passenger Car/ Automobile,1,0,1,0,0,"T-Stop for Vals (Hands Free Driving) ME Reg: XXX
Operator: XXX (Prior F/A's and Violent Crimes)XXX was recently released following a 20 year incarceration for Indecent A&B Aggravated Rape Home Invasion and Kidnapping.

FIO'd to associate with MV.

BK01/BK02 (Bertocchi, Cubarney, Kerrigan, O'Brien)",0
FC22000453,2022-02-07 15:00:00,PARKER ST,JAMAICA PLAIN,2130,Stopped,Probable Cause,,Passenger Car/ Automobile,5,5,0,0,0,"YVSF Intel - VK23

Officers observed the following Heath Street associates standing aroundXXX vehicle (MA reg: XXXwhich was parked at XXXParker Street:

XXX (known to have numerous warrants)XXX

As officers approached the group to arrest XXXit appeared as though he was going to comply. XXX and XXX instructed him to run, and further told him to ""make them work for their money."" XXXtook off running, and after a foot pursuit, was taken into custody along the bike path behind the Jackson Square MBTA Station.",0
FC21003631,2021-09-15 18:19:00,HUMBOLDT AVENUE,BOSTON,2121,Stopped,Probable Cause,,Passenger Car/ Automobile,11,10,1,0,1,"Officers placed XXX (Active H-Block) under arrest for an outstanding warrant. A consent search of MA REG: XXXyielded negative results. The following H-Block associates expressed their dismay for law enforcement by voicing their opinions: XXX, XXX, XXX, XXX, XXX, XXX XXXy, XXX XXX XXX, XXX FIO'd for intel.

-BK02F (Cubarney/Morrissey) -BK01F (S. Murphy/O'Brien)",1
FC24001383,2024-03-28 21:40:00.0000000,,MATTAPAN,2126,Stopped,Probable Cause,"Gang, Body Worn Camera",Suv (sport Utility Vehicle),2,2,0,0,0,"T/S of MA REG XXX(2014 Black Kia Sorento) at Blue Hill Ave and Goodale Rd. Mattapan for multiple lane changes with failing to use their turn signal (MGL Ch 90 s14B). Operator was identified asXXXDOB XX/XX/XXXX(prior FIO with XXX members). XXXstated that the vehicle belonged to his Uncle and that his Uncle's license is currently suspended. A CJISWeb Inquiry showed the vehicle to be registered to XXX DOB XX/XX/XXXX(Active XXX, prior F/A & 94c) who's license is currently suspended. XXXstated XXXis aware of his license being suspended and that is the reason he let him operate the vehicle. 

XXXwas issued a verbal warning. FIO'd to associate XXXwith the vehicle and to document the relationship between XXXand XXX
C431F (Kennedy)",0
FC20000541,2020-01-22 21:48:00,PEIRSON ST,BOSTON,2119,Stopped,Probable Cause,,Suv (sport Utility Vehicle),2,1,1,0,0,"Officers observed Mr XXX operating MA REG XXX in the area of Newmarket square.  The vehicle made several loops of Mass ave, Allerton street and adjacent streets.  Officers then observed him slowly drive by known prostituteXXX.  Mr.XXX then parked the vehicle on Pierson street and waited for Ms. XXXto approach.  Ms. XXXentered the vehicle and the vehicle drove to Blue Hill ave and Huckins, where Mr.XXX got out.  He stated to officers at first that he knows her because she is friends of a friend, but shortly reneged that statement and informed officers that he did not known her prior to today.  He stated that he had the intentions of paying for sex, but never made an agreement or spoke specifics with Ms.XXX.  Mr.XXX stated that he needed to find a place to take her since he lives with his mom and was driving around in his moms car.

 

ms XXXstated that she got into the vehicle with the intentions of sex for a fee, but stated that immediately after getting into the vehicle she ""made the cops"" and never discussed any specifics.",0
FC23002098,2023-04-23 02:00:00.0000000,AMERICAN LEGION HWY,BOSTON,2124,Stopped,Encounter," Body Worn Camera, Gang",Suv (sport Utility Vehicle),2,2,0,0,0,"About 2:04am Officers conducted a motor vehicle stop of MA reg XXXblack 2014 Ford Edge for speeding. Driver wasXXX XX/XX/XXXX(St. Joe's associate with prior f/a) and passenger was XXX XX/XX/XXXX(St. Joe's/Forest Hills XXXassociates and in position of leadership within the Nine Trey Gangster Bloods with multiple prior f/a, discharging a f/a and armed assault to murder). Both parties were cordial and XXXwas issued a verbal warning for the speed. 



CK02A - Calabrese/Turner",0
FC23005862,2023-12-16 01:10:00.0000000,COMMONWEALTH AVE,BRIGHTON,2135,Stopped,Probable Cause,,Passenger Car/ Automobile,1,0,0,1,0,XXX was stopped after driving around the K913 and making a right turn on red without stopping and he also made it from the left lane not the right one. He was counseled not to do it again and he was also explained thaat a right on red can only be made from a right lane and only after stopping and only where it is allowed by postings,0
FC23002209,2023-04-30 03:11:00.0000000,,DORCHESTER,2125,Stopped,Reasonable Suspicion ," Body Worn Camera, Gun",Passenger Car/ Automobile,2,2,0,0,0,"About 0311 hours on Sunday April 30, 2023 Officers Parlon and Falco in the C113A initiated a traffic stop at the intersection of Hamilton St. and Barry St.

Officers observed a black Nissan Rouge bearing MA PAN XXXtraveling at a speed greater than reasonable (90. 17) on Bowdoin Ave. Officers were traveling at 30 MPH and the Nissan was gaining distance from the cruiser. Unless otherwise posted the speed limit within the city limits of Boston is 25 MPH. It should be noted that that it had been raining all night and the roadway was wet from the rain. Officers initiated a traffic stop in the area of Hamilton St. and Barry St. 

The driver was later identified as XXX XX/XX/XXXXand the passenger was later identified asXXXXX/XX/XXXXThe passenger, XXXopened the glove box retrieved the registration. While the glove box was open officers observed what appeared to be the handle of a firearm in the glove box. Officers removed both parties from the vehicle and and placed them into handcuffs. The passenger was mirandized and ordered to present a license to carry a firearm. The passenger stated it was in her wallet in her bag in the passenger compartment of the vehicle. Officers retrieved the passenger's license to carry a firearm. Upon further investigation a black Glock firearm was located in the glove box. The driver, XXXstated the firearm was his. The driver also produced a license to carry a firearm.

A CJIS query revealed that both parties had active license to carry a firearm out of Brockton and Boston. Both parties were released forthwith. A verbal warning was given for the above mentioned motor vehicle offenses.",0
FC24000477,2024-02-02 10:14:00.0000000,WARREN ST,ROXBURY,2119,Stopped,Probable Cause,"Drugs, Body Worn Camera",Passenger Car/ Automobile,1,1,0,0,0,"Officer responded to a radio call for an IVPrem/Drug at XXXWarren St, Roxbury.

Officers observed a gray Nissan Altima (MA REG: XXXmatching the description given by the 911 caller parked in front of the aforementioned address (Public Way). 

Officers made contact with the operator later identified asXXXXX/XX/XXXXXX was wearing an orange jumpsuit matching the description given by the 911 caller. 

XXXBOP revealed - Multiple Drug related offenses.



Upon making contact, officers informed XXXthe reason for the encounter. XXXwas confrontational and stated he did not understand the reason. Officers observed XXXholding a large open bag of marijuana and he was actively rolling a marijuana cigarette. Officers informed XXXit was illegal to have an open container in public and requested XXXlicenses, to which he provided. 

XXXwas accompanied by an unknown male who was seated in the front passenger seat. The unidentified male was confrontational throughout the encounter as well. 

Officers issued XXXa verbal warning and informed him to properly store the bag of marijuana. 

FIOD and released. 

BK01D (Centeio/Baez)",0
FC20004563,2020-09-08 10:00:00,WOODGLEN RD,HYDE PARK,2136,Stopped,Probable Cause, Body Worn Camera,Passenger Car/ Automobile,1,0,1,0,0,"TS for VAL's (Inspection Sticker) Operator was XXXI XX/XX/XXXXwearing a grey hooded sweatshirt and red sweatpants) stating he was taking his mother to get a rental car. 

A similar vehicle had been in the area prior to a person shot call on Garfield Ave earlier in the week.",0
FC23002601,2023-05-20 18:24:00.0000000,BELLEVUE ST & KANE ST,BOSTON,2125,Stopped,Probable Cause, Body Worn Camera,Passenger Car/ Automobile,3,3,0,0,0,"T-Stop for Vals FL Reg: XXX(Expired Reg)

Operator: XXX

Front Passenger: XXXPrior F/A)

Rear Driver's Side Pass: XXX 

Due to the expired reg and XXXlicense status, all occupants were removed from the vehicle. Inventory conducted to no avail, prior to tow's arrival XXX was allowed to drive the vehicle to XXXprivate driveway until she is able to have the funds to fix the vehicle's status.

All parties were cordial and compliant with Officers on scene during their interactions.

FIO'd to associate occupants and M/V. It should be noted that this is the second interaction with this group in this particular motor vehicle together and in this particular area.

BK01F (Gannon/Gelinas) BK02F (Bertocchi/Bamford)",0
FC23000256,2023-01-12 02:10:00.0000000,,DORCHESTER,2122,Stopped,Probable Cause, Body Worn Camera,Passenger Car/ Automobile,2,1,1,0,1,"About 2:10 am, Thursday, January 12, 2023, Officer Kennedy, assigned to the H425A, observed Ma Reg XXXfailed to stop for the stop sign (Ch. 89/Sec. 9) at Adams St. East St.

 Officer Kennedy conducted a traffic stop at Juliette St and Fox St., The operator was identified as XXX (D.O.B. XX/XX/XXXX/Brockton Ma). CJIS inquiry on XXXshowed prior operating without license charges and firearm charges (1/11/23 Dismissed). XXXstated they were heading to Walnut Ave (B2).

The passengerXXX (D.O.B. XX/XX/XXXXMansfield Ma), has open charges for Accessory After Murder and Unlawful Possession of a firearm. 

Pat frisk was conducted to no avail. 

Both parties were released from the scene on foot/Lyft. XXXwill be summon to Dorchester Ct for Unlicensed Operation (90/10). 

Ref I-232002926",1
FC23000167,2023-01-06 22:30:00.0000000,,BOSTON,2111,Stopped,"Probable Cause, Reasonable Suspicion "," Drugs, Warrant Arrest, Body Worn Camera, Gang",Passenger Car/ Automobile,4,4,0,0,3,"T- Stop for VAL's on a Green Toyota Camry (MA REG: XXXChinatown Boston.

Owner/Driver-XXXDOB: XX/XX/XXXX- active XXX. open firearms case out of West Roxbury District Court on BOP. XXXwas arrested on 01/06/23 for carrying a dangerous weapon (spring assisted knife) along with operating MV with a suspended license. 

Front seat passenger-XXX DOB: XX/XX/XXXX- active XXX. firearm violations along with multiple distribution class b charges on BOP. XXXwas arrested on 01/06/23 for posses to distribute class B.

Rear seat passenger-XXXDOB: XX/XX/XXXX- active XXX. open trafficking class B case out of Suffolk Superior Court along with multiple firearm violations on BOP. 

Officers are familiar with XXXwho was the victim of a stabbing that occurred at XXXState St DowntownXXX DOB: XX/XX/XXXXactive XXX took possession of XXXvehicle. XXXhas multiple firearm violations and trafficking class A on BOP.

FIOE'd for intel/ link vehicle with group.

McCullough/Ostholthoff (A102F)",1
FC23005971,2023-12-21 18:40:00.0000000,,BOSTON,2111,Stopped,Probable Cause," Warrant Arrest, Body Worn Camera",Passenger Car/ Automobile,1,1,0,0,1,"About 6:40pm, on 12/21/23, traffic stop for VALs on a 2023 red Hyundai Elantra (MD REG# XXXat Kneeland St. & Knapp St.

Operator identified as XXXl (DOB XX/XX/XXXXXXXhas an extensive history of 209a charges stemming from incidents at XXXHudson St. Downtown. XXXis known to flee these calls in motor vehicles. XXXhas previous F/A on BOP.

Officers placed XXXunder arrest for 2 active warrants and unlicensed operation. (I232103970)

FIO for officer safety and to associate w/ vehicle

AK01F (Marchand/Hiltunen/Monzon)",1
FC23004404,2023-09-13 01:10:00.0000000,,DORCHESTER,2124,Stopped,Probable Cause," Body Worn Camera, Gang",Passenger Car/ Automobile,2,1,1,0,2,"Tstop for VALS (Broken Headlight) of MA REG: XXXat Spencer St & park St.

Op identified as XXX - Prior F/A // Lucerne Associate) & Passenger identified as XXX Prior F/A // Lucerne Associate).

It should be known upon approach; Officers noticed the passenger to beXXX XXXwas recently disseminated on a B.R.I.C flyer regarding the mass shooting that took place at the Boston J'ouvert Festival. It should also be known XXXwas identified as being in possession of a Firearm as well. Officers observed both XXX& XXXto both be very visibly nervous as well as failing to make eye contact with Officers on scene.

Based on the prior listed factors, Officers performed an exit order of both occupants and performed a pat frisk of both the occupants & the vehicle. Pat frisk of the vehicle & occupants yielded negative results.

Officers requested for a ballistic evidence K-9 to perform a sweep of the vehicle. The K-9 yielded negative results as well for any ballistic evidence in the vehicle.

FIO'D to associate occupants with the m/v.

CK02A (Champagnie // Farley // Calabrese).",1
FC20002391,2020-05-04 18:50:00,,BOSTON,2119,Stopped,Probable Cause,,Passenger Car/ Automobile,2,0,2,0,0,"Officer observed Mass. Reg. XXXin the area of Regent Street. A query of the vehicle showed that the owner of the vehicle, XXXto have a suspended license. Officer conducted a traffic stop of the vehicle in the area of Dale Street and Regent Street. The vehicle was being operated by XXX and XXX in the front passenger seat. Officer was familiar with XXX due to previous interactions. 

Mr. XXX was informed to let the owner of the vehicle know that her license was suspended. XXX stated he would inform his aunt.",0
FC24004578,2024-11-15 21:40:00.0000000,CIRCUIT DR & JEWISH WAR VETERANS DR,BOSTON,2121,Stopped,Probable Cause,Body Worn Camera,Passenger Car/ Automobile,1,0,1,0,0,"T/S for VALS (Speeding-90/17) on a Gray 2014 BMW 538 (MA REG: XXXat Circuit Drive and Jewish War Veterans Dr. 

Officers observed the vehicle travelling over 40mph in a posted 25mph zone. Officers conducted a CJIS query which produced results that the vehicle was queried over 133 times.

Operator identified asXXX(prior F/A's, Assault to Murder, ABDW F/A)

Officers spoke with XXXwho was cordial and stated that he received the vehicle from XXX"" on yesterday. Verbal warning issued.

FIOE for intel.

B104F (Gilmore/Ryan)",0
FC21002955,2021-08-01 20:59:00,,ROXBURY,2119,Stopped,Probable Cause,,Passenger Car/ Automobile,1,1,0,0,0,"TStop for VALs at Blue Hill Ave/ Woodcliff St. on FL Reg: XXXa Black Mazda CX-5.

Operator:XXX (Active Castlegate Associate) Previous F/A on BOP.

Officers engaged XXXin casual conversation about his recent car accident. XXXstated he has been operating this vehicle primarily. 

Verbal warning issued, XXXreleased from scene without further incident. 

FIO completed to associate XXXwith vehicle. 

B103F (Evangelista/Robichaud)",0
FC21002628,2021-07-12 20:20:00,HOWE ST,DORCHESTER,2125,Stopped,Probable Cause,,Passenger Car/ Automobile,2,2,0,0,0,"YVSF Traffic Stop

While monitoring the area due to recent violence between the Wendover/NOB and Cameron gangs, officers conducted a traffic stop of a white Ford Edge rental with MA reg XXX for excessive window tint.

Operator: XXX (Cameron)

Passenger: XXX  

Verbal warning issued",0
FC22002601,2022-06-20 18:15:00,,BOSTON,2119,Stopped,Intel,,Passenger Car/ Automobile,1,1,0,0,0,"Traffic stop of MA REG XXXfor marked lanes, passing on the right and speeding at the intersection of Warren and Waverly Street. Operator was XXX who has an extensive record for Distribution of Class B and is often seen outside of his residence of XXXBlue Hill Ave and Blue Hill Ave and Dewey. 

Casual conversation about Mr. XXXunique cane revealed that the top unscrews and and the handle has a dagger attached to it that Mr. XXXsaid is a sword. Mr. XXXstated he took it off because he had to go to court last week.

Verbal warning issued for the above offenses",0
FC20002697,2020-05-19 22:00:00,,BOSTON,2119,Stopped,Reasonable Suspicion , Gang,Passenger Car/ Automobile,1,1,0,0,0,"T/S (MA XXXfor Vals (Speeding/Tint) at the intersection of Walnut Avenue and Elmore Street. Operator was XXX(Bowdoin Dirty Hawks, Multiple F/A & Drug Charges). XXXstated it was his girlfriend's car. 

Verbal Warning Issued, FIO'd and Released.

B436F(Hegerich)",0
FC21003062,2021-08-10 01:37:00,SAINT MARGARET STREET,BOSTON,2125,Stopped,Encounter,,Passenger Van,2,0,2,0,1,"Officers were on random patrol when they observed a white female (XXX standing suspiciously in front of XXXSt. Margaret Street. As officers approached, XXXalerted a male (later identified as XXXby shouting out XXXThe officers observed a flashlight in the driveway and heard a vehicle door close. Officers observed XXXto be standing next to a white DMD Plumbing Van that was parked in the driveway. 

XXXimmediately stated to officers that he was looking for his wallet. Officers investigated the vehicle to ensure there was no damage and no items appeared to be displaced. A CJIS query showed no active warrants for either party. XXXwas searched with no items being found on his person. XXXbags were searched with no apparent items found.

XXXwas wearing black sweatpants with black nylon Adidas pants underneath, as well as a dark colored sweatshirt.

Both parties were informed to not return to the area and transported to XXXRowell Street by the F101A.",1
FC21000068,2021-01-05 22:16:00,NORFOLK ST,BOSTON,2126,Stopped,Probable Cause,,Passenger Car/ Automobile,1,1,0,0,0,"About 10:16pm on Tuesday January 05, 2021 officers conducted a traffic stop of MA REG XXXat 577 Norfolk Street. 

Officers observed the above described vehicle make a right hand turn onto Norfolk Street, from the middle lane of Morton Street. This intersection has a clearly posted sign that says NO TURN ON RED. 

Officers conducted a motor vehicle stop for the above infraction and were met by the driver,XXX, who immediately accused officers for pulling her over because she was black. XXXwas completely uncooperative and aggressive with officers. XXXwas unable to provide her vehicle documents and continuously used vulgar language towards officers.

She was issued MA Uniform citation XXX

It should be noted XXXleft the traffic stop before her license was returned to her and officers placed it in the US mail to the address on file with CJIS XXXCummins HWY.",0
FC20005888,2020-12-06 02:13:00,CHARLOTTE ST,DORCHESTER,2121,Stopped,Probable Cause, Body Worn Camera,Passenger Car/ Automobile,2,2,0,0,1,"Officers conducted a traffic stop of MA REG XXXa white 2010 Audi A5, for VALS (speed) in the area of XXXXXX St.

Officers made contact with the Owner/Operator XXX(Active Bicknell), who stated that he was staying with his Aunt at XXXXXX. XXXalso told Officers that he was currently living in West Roxbury but would not provide the West Roxbury Address.

A Query of XXXshowed multiple F/As, ABDW, and resisting charges on his BOP. Officers conducted consent search of XXXvehicle and person which yielded negative results.

XXXwas given a warning, released, and walked into XXXXXX St.",1
FC24004014,2024-10-04 22:00:00.0000000,BEACH POINT PL,DORCHESTER,2125,Stopped,Reasonable Suspicion ,"Gang, Body Worn Camera",Passenger Car/ Automobile,5,5,0,0,1,"TSTOP of MA REG: XXXin the area of Beach Point Place. 

Officers observed a large gang presence and observed the operator of the vehicle screaming at known gang members and blocking the entire street. Officers conducted a stop of the vehicle and identified the operator as XXX (known to officers from previous shots fired / XXX Gang Member). 

XXXand the vehicle were frisked based on circumstance and observations. XXXwas FIOE'd and released. 

Officers were approached by the following group of XXX Members. 

 *XXX (Recent F/A) 
 *XXX
Officers observed the following XXX vehicles on scene and observed a group of about 20 individuals congregating on the boardwalk. 

 * XXX(registered toXXX)
 * XXX(registered toXXX beat murder in 2011, multiple f/a)
 * XXX(registered tXXXrequently at XXX gatherings. 
FK01F (M.O'Loughlin, Burke)",1
FC20005827,2020-12-01 11:40:00,,BOSTON,2124,Stopped,Probable Cause, Body Worn Camera,Passenger Car/ Automobile,1,1,0,0,0,"Traffic stop at Washington / Lithgow for VALS on a gray 2019 Dodge Charger rental (MA Reg XXXDriver identified himself as XXX XXX(Harvard Street) has multiple firearms on the BOP. Verbal warning issued. 

Coffey / O'Toole CK01D",0
FC24004562,2024-11-15 01:03:00.0000000,,BOSTON,2121,Stopped,Probable Cause,"Body Worn Camera, Gang",Passenger Car/ Automobile,1,1,0,0,0,"T/S for VALS (Excessive Tint and Failure to Display Lights) on a 2022 Gray Jaguar F-Pace MA REG: XXXat the intersection of Geneva Ave and Bowdoin St.

Operator: XXX (DOB: XX/XX/XXXXActiveXXX Prior F/As, Discharging F/A, Armed Robbery and Unarmed Robbery.

During encounter XXXwas calm and cordial with officers.

Verbal Warning Given.

FIO'd to associate with MV.

CK01A (McPherson, Champagnie. P) CK02A (Murray, Coleman. C)",0
FC23005809,2023-12-12 17:15:00.0000000,,BOSTON,2114,Stopped,Probable Cause, Body Worn Camera,Passenger Car/ Automobile,1,1,0,0,0,"About 5:15PM on Tuesday 12/12/2023, Officers conducted a traffic stop for VALS on a gray 2012 Toyota Camry (MA REG: XXXat the intersection of New Chardon Street and Bowker Street, Downtown Boston. 

The following individual was identified:XXX(Maverick associate) - CJIS inquiry revealed XXXhas a history of F/A to include armed assault to murder. 

XXXstated to officers that he was in the downtown area to pick up his daughter from school. 

FIOE for intel. 

AK01F (Hiltunen/ Marchand/ Monzon)",0
FC21000610,2021-02-23 22:13:00,,BOSTON,2121,Stopped,Probable Cause,,Passenger Car/ Automobile,1,1,0,0,0,"About 10:13PM on Tuesday, February 23, 2021, officers conducted a TStop for VALS (Excessive Tint) on a 2020 Nissan Altima Hertz Rental Car, gray in color, bearing MA-Reg. XXX, near the intersection of Columbia Road and Powellton Road, Dorchester.



The operator and sole occupant of the vehicle wasXXX (DOB: XX/XX/XXXXwho was in the Gang Database as an active Crown Path member. XXXhad multiple prior firearm related entries on his BOP.



XXXstated that he tinted the vehicle himself and that the tint was 20%.



XXXwas issued a verbal warning for the VALS.



XXXwas FIO'ed for intel purposes and to associate him with the 2020 Nissan Altima rental car.",0
FC20006070,2020-12-21 11:25:00,HARRISON ARCHWAY,BOSTON,2118,Stopped,Probable Cause," Gang, Body Worn Camera",Passenger Car/ Automobile,2,2,0,0,1,"TS VALS 11:20AM 12/21/2020

COLOMBIA RD ACTIVE PRIMARY ASSOCXXX stopped for VALS operating MAREG#XXX. Open FA charge and FA and Drug distribution history. Vehicle frisk yield negative results. XXXsummonsed to BMC. Active primary Cathedral member XXXalso on scene. XXXFA and armed robbery on BOP.

Fullam R. D411D",1
FC22001512,2022-04-16 00:00:00,,DORCHESTER,2124,Stopped,Reasonable Suspicion ,,Passenger Car/ Automobile,2,2,0,0,2,"Officers conducted a motor vehicle stop of MA reg XXXfor excessive tint/no inspection sticker after observing the vehicle leave XXXHelen St.

Vehicle was registered toXXX XX/XX/XXXX

The operator: Lenox associate XXXr XX/XX/XXXXopen F/A's, had a suspended license as well as an active warrant for unlicensed operation. XXXwas taken into custody on the warrant. 

Front Passenger: EYG associateXXX XX/XX/XXXXon GPS monitoring for unarmed robbery, prior F/As, assault w/I to murder. 

Both XXXand XXXwere frisked for weapons to no avail. The interior of vehicle had several voids throughout the vehicle. 

XXXstated they were on Helen St visiting XXXpeople and that the car belonged to his girlfriend XXX

XXXdoes not have an active license,XXX arrived on scene, was issued a MA Uniformed Citation for tints/inspection sticker and the vehicle was released forthwith. 



CK01F",1
FC25001288,2025-03-26 00:00:00,,BOSTON,2126,Stopped,Reasonable Suspicion ,,Passenger Car/ Automobile,1,0,1,0,1,Members of the B3 DCU were conducting observations on a location that will remain omitted. Officers observedXXX arrive at that location in Ma Reg: XXX(Blue Acura TSX). An unknown male entered the front passenger seat and within one minute exited the vehicle.   Officers requested assistance for a traffic stop to conduct a threshold inquiry. XXX was stopped and conducted a frisk of the motor vehicle and frisk of XXX which yielded negative findings.,1
FC24002526,2024-06-15 19:55:00.0000000,,DORCHESTER,2126,Stopped,Probable Cause,Body Worn Camera,Suv (sport Utility Vehicle),1,0,0,1,0,"T-Stop at Morton and Old Morton for Speeding

Vehicle: Rental 2022 Red Kia Soul bearing GA# XXX
Operator:XXX (DOB: XX/XX/XXXXLengthy BOP including Open F/A charge, Kidnapping, and Armed Robbery.

XXXcordial and conversational with officers.

Verbal warning issued. FIO'd to associate XXXwith vehicle.

C112F (Garvey/Coppinger)",0
FC24003972,2024-10-01 09:35:00.0000000,DORCHESTER AVE,DORCHESTER,2124,Stopped,Probable Cause,Body Worn Camera,Passenger Car/ Automobile,4,4,0,0,0,"About 09:35 PM, Tuesday, October 1, 2024, Officer D. Kennedy & Officer Q. Nguyen, assigned to the H102D, encountered a group congregating in the Dunking Donuts parking lot at XXXDorchester Ave, Dorchester. It should be noted there is a LARGE visible sign stating, ""NO LOITERING/NO TRESPASSING,"" Which has a period of 15 minutes only posted; also, surrounding stores/residences complain about the constant public drinking, drug use, and the large group of people in front of the storefronts/parking lot between XXXDorchester Ave through XXXDorchester Ave and on Bailey St.

The subjects were identified as follows.

Subject 1: XXX (D.O.B. XX/XX/XXXXstanding outside of the driver's window of Ma Reg XXX(Blue Toyota Camry / unoccupied). CJIS showed XXXlicense was suspended. Prior Poss Class D & A&B on P.O.

Subject 2: XXXD.O.B. XX/XX/XXXXsitting in Ma Reg XXX(2025 Toyota Camery). Prior Poss to Dist. Class B and Cont. Sub Trafficking, Armed Assault to Murder, & F/A.

Subject 3:XXX(D.O.B. XX/XX/XXXXstanding outside on the driver's rear of Ma Reg XXXbetween Ma Reg XXX& Ma Reg XXXCJIS showed no identification on XXXor a B.O.P or Warrants. XXXis described as a black male with a beard/mustache, approximately early 30's, wearing an orange hoodie, black pants, & carrying a black bookbag.

Subject 4:XXX (D.O.B. XX/XX/XXXXstanding outside on the driver's rear of Ma Reg XXXin between Ma Reg XXX& Ma Reg XXXCJIS showed no B.O.P or Warrants.

All parties were released. All parties left the parking lot and proceeded to Bailey St. XXXdrove away in his vehicle (Ma Reg XXX
FIOE for intel purposes. Body Worn Camera Activated.",0
FC22000824,2022-03-05 15:00:00,,BOSTON,2124,Stopped,Probable Cause,,Passenger Car/ Automobile,3,3,0,0,0,"Officer conducted a traffic stop of MA REG XXX(2007 Black Honda Accord) at Bowdoin Street and Greenbrier St. for VALs, Excessive tint 90/9D (17%), speeding 90/17, and no inspection sticker 90/20. 

Driver identified XX/XX/XXXX(Assault - Hand Gun on BOP)

Front seat passengerXXX DOB: XX/XX/XXXX(Prior F/As and F/As Trafficking on BOP) 

Rear seat passengerXXX DOB: XX/XX/XXXXXX initially gave officers his middle name XXXas his first name and only after obtaining his ssn were officers able to identify him properly. 

XXXstated the car was a private rental and contacted a person on his cell phone saved as XXXwho gave officers the name of the registered owner. 

XXXwas given a verbal warning for speeding. 

The owner was made aware of the inspection sticker and tint violations while on the phone with XXX

FIOE'D to associate occupants with vehicle.",0
FC23000584,2023-01-30 18:00:00.0000000,COLUMBIA RD,DORCHESTER,2125,Stopped,Reasonable Suspicion , Gun,Suv (sport Utility Vehicle),1,1,0,0,0,"T/S for VAL's (Headlights) of MA REG XXXat XXXColumbia Rd. 

Operator identified as XXX (Prior F/A, 94c). XXXstated he was on his way to Dorsett Hall to meet up with a group of friends. 

Verbal Warning issued. 

B411F (Donovan/Deluca)",0
FC23001118,2023-03-02 02:45:00.0000000,COLUMBIA RD,BOSTON,2125,Stopped,Probable Cause, Body Worn Camera,Passenger Car/ Automobile,2,1,1,0,2,"About 2:45am on Thursday 03/02/22 Officer Zammito and Polanco in the H202A conducted a traffic stop of a 2012 White ford focus XXXfor excessive window tint in front of XXXColumbia rd.XXXwas driving with XXXin the passenger seat.

It should be noted that XXXhas past firearms charges. 

The operator was unable to provide a valid license.

At the conclusion of the stop, the operator XXXwas able to provide a picture of his learners permit. XXX took possession of the vehicle as the operator. 

Officer advised XXXto have his permit in his possession while operating a motor vehicle.

Officer issued verbal warning for window tint.

FIO purpose to associate the 2 parties and the vehicle.",1
FC23000629,2023-02-01 18:51:00.0000000,GREENHEYS STREET,BOSTON,2121,Stopped,Probable Cause, Body Worn Camera,Passenger Car/ Automobile,2,2,0,0,1,"Traffic Stop for VAL 90/6 (Obstructed Plate) of MA REG XXX2020 Honda Accord.

Driver: XXX (Prior F/A) 

Passenger: XXX (Multiple Prior F/A)

Both parties' cordial.

FIO for intel.

(B103F Green/Luciw)",1
FC24002897,2024-07-11 22:00:00.0000000,DOWNER CT,BOSTON,2122,Stopped,Probable Cause,"Gang, Body Worn Camera",Suv (sport Utility Vehicle),4,3,0,1,0,"YVSF 

Officers encountered a group of known XXX Gang members at XXXDowner Court. Officers engaging this group in casual conversation observed XXX Gang members known to them, XXX.

There were approximately 10 other men in this group unknown to officers.

Officers also observed XXX who has been encountered with XXX gang members in the past. Officers made observations of XXXto be armed with a firearm. A pat frisk yielded the removal of a firearm from XXXsweatshirt pocket. As the pat frisk continued a second pistol was removed from XXXThe second pistol was removed from a ""belly wrap holster"" underneath XXXsweatshirt.

XXXwas registered to both firearms and did ultimately provide an active LTC.

Two vehicles were possessed by this group MAREGXXXGreen Honda Civic.",0
FC24004246,2024-10-24 23:00:00.0000000,,HYDE PARK,2136,Stopped,Reasonable Suspicion ,Body Worn Camera,Passenger Car/ Automobile,1,1,0,0,0,"About 11:00 pm on 10/24/2024 officers received a report from Boston Fire E49 that a black male, with dread locks and a striped shirt, was walking in the area of Neponset Valley Parkway and Truman Parkway trying doors to houses and possibly vehicles. BFD reported that the male party may have gone into the nearby apartment complex via Riley Road or Sierra Road.

Upon checking the apartment complex parking lot, officers located XXXXXXsitting in a blue 2011 Chevy Impala (MA XXXMr. XXXstated that he had been sitting in the vehicle and had not been walking in the area. Mr. XXXwas compliant with officers. 

Ross/Pokrant (L101F).",0
FC23002029,2023-04-19 01:47:00.0000000,NAZING,DORCHESTER,2121,Stopped,Reasonable Suspicion ," Auto Investigator, Body Worn Camera",Suv (sport Utility Vehicle),1,1,0,0,1,"Officers Falco and Parlon while assigned to the C111A conducted a traffic stop on Nazing Street at Blue Hill Avenue on a black, 2021, Ford Explorer MO RegXXX for Failure to Display Headlights (c90 s7). CJIS inquiry revealed the registration “NOT ON FILE” (c90 s23). 

Operator identified asXXX (DOB: XX/XX/XXXXmultiple firearm and narcotics charges (Trafficking Class A & B, Large Capacity Firearm) from 12/26/2012 to 01/17/2023XXXstated he rented the motor vehicle from Flex Car and displayed a proper sales agreement for the motor vehicleXXXdid not have the registration in the motor vehicle (c90 s11).XXX was removed from the motor vehicle and a pat frisk was conducted of his person to no avail. An inventory of the motor vehicle was conducted to no avail. Due to the close proximity ofXXX’s address he was allowed to legally park the motor vehicle on the side of the street and advised to call Flex Car to obtain proper registrationXXXwas cordial, compliant, and cooperative throught the entirety of the stop. Citation XXXissued for MGL c90 s7 Headlights; Fail to Display and c90 s11 Registration Not in Possession.

Body Worn Cameras activated.",1
FC21001039,2021-03-20 02:02:00,MAGAZINE ST & NORFOLK AVE,BOSTON,2119,Stopped,Probable Cause,,Passenger Car/ Automobile,1,1,0,0,0,"TStop for VALs of MA Reg. XXXon Magazine Street in the area of Norfolk Ave.

Officers observed a female party walk up to MA Reg. XXXwhile the vehicle was stopped at the red light at the intersection of Magazine Street and Norfolk Ave. The female began to speak to the operator of the vehicle and upon seeing the marked BPD unit immediately turned around and walked away from the vehicle.

Officers effected the traffic stop and spoke with the operator, XXXXXXstated that he knew the female and was just seeing her in passing. 

XXXissued verbal warning for VALs, FIOed and released.

B103A (Kerrigan/O'Leary)",0
FC23000885,2023-02-17 00:56:00.0000000,,BOSTON,2114,Stopped,Probable Cause," Drugs, Body Worn Camera",Suv (sport Utility Vehicle),2,2,0,0,0,"Officers responded to a call for drug activity in the area of XXXBowdoin Street. Officers observed NJ XXXparked on Bowdoin occupied by the driver, XXX. Prior to being on Bowdoin Street, Officers observed the vehicle at the intersection of Summer and Arch which has been the location of multiple hand to hand drug transactions.XXX was observed going into the rear of the vehicle multiple times and meeting with individuals at the window although no hand to hand transactions were observed. The vehicle traveled from Summer and Arch to the above address on Bowdoin Street. 

While in the area of Bowdoin Street, Officers observed XXXand an unidentified female exit the rooming house and enter the vehicle. The vehicle entered the roadway and made an illegal u-turn. T-stop for VALs Bowdoin at Cambridge. XXXwas hostile towards Officers and recorded the interaction on a cell phone. XXXwas also uncooperative throughout the interaction. The female in the rear passenger side refused to speak with Officers and was unable to be identified. 

FIO'd for intel / attach occupants to vehicle as it was a rental. 

AK02A (Lukas/Scott/Petruzziello) A202A (Cassino/Wynn)",0
FC21001240,2021-03-31 17:59:00,,DORCHESTER,2124,Stopped,Encounter,,Passenger Car/ Automobile,2,2,0,0,0,"About 5:59 pm, on Wednesday, 03/31/21, Officers stopped MA Reg XXXfor vals at the intersection of Blue Hill Ave and Ansel Rd, Dorchester.

Operating the motor vehicle was XXX (DOB XX/XX/XXXXactive Beech St member. Passenger was identified asXXX (DOB XX/XX/XXXXParties FIOED and released to associate them with the vehicle. 

CK01F Monzon/Miller",0
FC23004221,2023-08-31 17:48:00.0000000,WASHINGTON ST,DORCHESTER,2121,Stopped,Probable Cause," Body Worn Camera, Other Agency/Unit Notified",Passenger Car/ Automobile,1,1,0,0,1,"Officers conducted a traffic stop of MA REG XXX(2021 Gray BMW X3) at XXXWashington St. Dorchester for Excessive Tint (MGL Ch 90 s9D). Operator was identified as the registered owner XXXDOB XX/XX/XXXX(open F/A & 94c) who was also showing to have a Suspended License (MGL Ch 90 s23) as of 08/28/2023. Officers were also aware that on 08/25/2023 MA REG XXXfled from the Gang Unit with XXXbeing identified as the operator (SeeXXX). XXXwas issued an exit order and detained in handcuffs. Officers conducted a pat frisk of XXXand of the vehicle for weapons which yielded negative results. Arriving on scene was a XXX DOB XX/XX/XXXX(prior Unarmed Robbery) who had a valid MA Driver's License. Officers and XXXallowed XXXto operate the vehicle in lieu of XXX
Officers issued MA Uniform Citation XXX(Written Warning) to XXXfor the Tint and Suspended Operation. XXXwas then FIO'd and Released.

C111F (Kennedy / M. Foley)",1
FC25000294,2025-01-20 21:30:00,,BOSTON,2121,Stopped,Probable Cause, Body Worn Camera,Passenger Car/ Automobile,2,2,0,0,2,T/S Vals (90/9D) of MA REG XXX2012 red Honda Accord at Blue Hill Ave and Seaver St.  Operator: XXX(DOB XX/XX/XXXX(multiple O f/a and armed robbery) (active XXX   Front seat passenger: unidentified  Rear passenger:XXX (DOB: XX/XX/XXXX(multiple f/a) (active XXX   Operator and passengers were immediately hostile with Officers from the start of the stop. The window tints were measured at 3%. Passengers attempted to roll the windows up multiple times. Officers asked the operator to turn the car off which he complied. The operator turned the car back on and when asked to turn it off refused multiple times. All parties and vehicle were frisked for weapons to no avail.   Uniform citation issued XXXfor 90/9D  C425F (Williams) C431F (Kane),1
FC25002892,2025-06-05 19:04:00,,BOSTON,2121,Stopped,Intel, Body Worn Camera,Suv (sport Utility Vehicle),2,2,0,0,0,While on patrol Officers observed a Buick Encore bearing MA REG: XXXon Blue Hill Ave take a left hand turn onto Warren St.   Officers were aware that a BRIC ID Wanted/FIO was issued on 05/30/2025 by District B2 Detectives in regards to an aggravated assault that occurred involving this vehicle. Officers observed the vehicle to not have a front plate and conducted a traffic stop on Warren St at Gaston St.  Operator: XXX (DOB: XX/XX/XXXX Passenger: XXX (DOB: XX/XX/XXXX Verbal Warning issued.  BWC activated.   District B2 Detectives notified.  BK03F (Kerin/O'Brien/McQuaid/Donovan),0
FC24000530,2024-02-03 16:57:00.0000000,,CHARLESTOWN,2129,Stopped,Probable Cause,"Gang, Body Worn Camera, Shots Fired",Suv (sport Utility Vehicle),1,0,1,0,1,"About 4:57pm, on 02/03/24, traffic stop on a 2015 Jeep Grand Cherokee (RI REG# XXXat Medford St. & Polk St., Charlestown.

Officers were aware of this vehicle being present and operated in the area of a recent call for shots fired at XXXOld Ironsides Way, Charlestown on 01/31/24.

Operator identified as XXX (DOB XX/XX/XXXXXXXis an active Charlestown Blood member with Murder, multiple F/A, and open 94C on BOP.

On this day, the vehicle was observed pulling out of a parking space at the rear of XXXOld Ironsides Way on Medford St.

Officers have only ever seen this vehicle operated by XXXand frequently has passengers that have extensive criminal histories and F/A charges.

Due to officer's knowledge of the vehicle being present during the recent shots fired incident and XXXclose ties with gang activity and those involved in F/A violence in the area, an exit order was issued. A pat frisk of XXXand the vehicle yielded negative results for weapons. Officer's did observe the center console/cup holder arear of the vehicle to be manipulated and loose.

XXXclaimed to have no knowledge of the recent incident and anyone involved but claimed to still be friends with XXX (DOB XX/XX/XXXXandXXX(DOB XX/XX/XXXX
FIO'ed and released.

A-1 Detectives notified.

AK15F (Marchand/Kennedy/Ostholthoff)",1
FC20003784,2020-07-16 15:17:00,,DORCHESTER,2124,Stopped,Probable Cause,,Passenger Car/ Automobile,1,1,0,0,1,"T Stop for attached plate at Blue Hill Ave and Woodrow Ave ofXXX XX/XX/XXXXOperating a black 2000 Toyota Corolla he stated he recently purchased but has not registered. XXXrecent F/A charge and is on monitored probation Roxbury district court. Car searched and towed. 

CK01D Coffey/O'Toole",1
FC25005566,2025-10-16 00:00:00,MASSACHUSETTS AVE,ROXBURY,2119,Stopped,Probable Cause," Gang, Body Worn Camera",Passenger Car/ Automobile,2,2,0,0,0,"2:50 AM T/S of MA Reg XXX(90/20 Expired Inspection Sticker) at Massachusetts Ave and Chesterton St, Roxbury.   Op: XXX XXX (No BOP)  Pass: XXX (Prior 94C)  Both parties were cordial with officers during stop stating they came to get McDonald's for XXX son.   Warning for VALS. FIO'd for association and intel.   FK01A (Walsh/Hill)",0
FC20006069,2020-12-21 08:30:00,WASHINGTON ST,BOSTON,2118,Stopped,Probable Cause," Gang, Body Worn Camera",Passenger Car/ Automobile,1,1,0,0,0,"830AM 12/21/20 TS VALS 1709 Washington St.

Active primary Annunciation road member (XXX) operating ""girlfriends"" vehicle MAREG#XXX. Firearm history

D411D Fullam R",0
FC21002407,2021-06-29 21:40:00,,BOSTON,2131,Stopped,Probable Cause,,Passenger Car/ Automobile,4,3,1,0,4,"At about 2140 Officers Conley, Lopes, Texeira and Depina, while assigned to the VK07 unit of the YVSF, conducted a traffic stop of the above listed m/v (Ma reg. XXXfor a m/v infraction at the intersection of Washington St/Firth Rd Roslindale. Officers were aware that the m/v had been involved in an incident involving a firearm that occurred earlier in the day (see report #212044280). Several E5 units assisted as well as K9 Officer Quinn. All occupants were FIO'd and the operator was verbally warned for the traffic infraction (failure to yield to pedestrian in crosswalk which occurred at Washington St/Murray Hill Rd).",1
FC22001520,2022-04-17 17:45:00,NORFOLK STREET,BOSTON,2124,Stopped,Probable Cause,,Passenger Car/ Automobile,2,2,0,0,2,"T-stop of a 2006 silver Honda Civic (MA REG# XXXfor no inspection (90.24) and defective brake light (90.7) occupied two times. Driver and registered owner was XXX (DOB: XX/XX/XXXXCJIS query revealed XXXto have a suspended license. Officers asked the second male if he had a drivers license who originally refused to identify himself before providing a MA ID. Passenger was XXX (DOB: XX/XX/XXXXactive Westville Terrace and past shooting victim. CJIS inquiry of XXXrevealed F/A related warrant. XXXplaced under arrest, XXXissued a MA citation, FIOED and released. While transporting XXXback to district B-3 XXXmade a comment about of all days he got stopped he was glad it was today.

C111F (Coyne and Landrum)",1
FC23002739,2023-05-29 16:45:00.0000000,RECTOR RD & HOLLINGSWORTH ST,HYDE PARK,2126,Stopped,Probable Cause, Body Worn Camera,Passenger Car/ Automobile,3,3,0,0,3,"Officer stopped MA REG XXX(White Cadillac STS) for VALS CH89/S11 Blocking a crosswalk & CH90/34J Revoked Registration at Rector Rd. and Hollingsworth St. 

Driver- XXXpast firearm trafficking and possession of firearm on BOP.

Backseat passenger- XXXpast distribution of class B, Fugitive from justice, and larceny more than $1200.00 on BOP.

Front passenger-XXX- Past possession of sawed of shot gun, malicious destruction of property, and credit card misuse on BOPXXXmatches the photo of an IDENTIFICATION WANTED for credit card fraud at multiple locations. I#232039784XXXwas wearing the same clothing, same hair type and facial hair from the BOLO as well.

E-18 Detectives notified.

L411F (Kaplan)",1
FC23001861,2023-04-09 03:42:00.0000000,HANSBOROUGH ST,DORCHESTER,2124,Stopped,Probable Cause, Body Worn Camera,Passenger Car/ Automobile,3,3,0,0,0,"About 3:42am on Sunday 4/9/23 Officers spoke with Multiple parties who were occupying MA REG XXXa red 2019 Honda Accord, as they were parked in front of XXXHansborough St blocking both a fire hydrant and driveway.

Officers identified the operator as XXX, who stated that she was dropping a friend off. AS Officers were conversing with XXXthe other parties in the vehicle made contact with the Officers. Officers were able to identify the rear female passenger as the owner of the vehicle XXX.

Both XXXand XXXhave been involved in or associated with mulitple calls for aggrivated assualts, MV Larcenies, and Fire Arm Activity in the city. They have also been FIOed and associated with multiple Active Gang members from multiple gangs in the city.

Officers also identified the front seat passenger asXXX.XXX has an Open FA case and a previous FA Conviction.

Officers were unable to positively identify the rear drivers side passenger who was a black male, approximately 5'10, weighing approx 200 lbs, wearing a purple sweat suit, black shiesty, and an Arizona Diamondback hat.

CK01A (Lewis/Osis)",0
FC24000370,2024-01-28 02:39:00.0000000,COLUMBIA RD,BOSTON,2125,Stopped,Reasonable Suspicion ,Body Worn Camera,Passenger Car/ Automobile,5,4,0,1,5,"VALs TS for a black 2007 Nissan Altima (U Turn Causing Slowing/Stopping, Failure to Yield) . Vehicle was occupied by Driver XXX was the driver, XXX (Prior FA and trafficking, along with multiple open cases) in the front passenger seat, XXX and an unidentified male. All subjects complied with commands, and were cordial. Frisks yielded negative results for weapons. Subjects were ordered out due to fidgeting movement in the back seat. Warning was given. 

Do

H436A",1
FC21004629,2021-12-06 23:07:00,LEVANT ST,DORCHESTER,2122,Stopped,Encounter,,Passenger Car/ Automobile,1,1,0,0,1,"While responding to a shot spotter activation at XXXLevant, Officers stopped MA REG XXXexiting the area of the shot spotter driving down Levant street heading towards Geneva Ave. 

Operator was identified as XXX, an exit order was given and Officers performed a pat frisk of XXXand the immediate area to negative results. 

XXXstated he was leaving his girlfriends house at XXXDelano Street when he heard the shots. XXXwas cooperative with Officers throughout the encounter. 

H104F (Donovan / Welter)",1
FC23005789,2023-12-11 18:25:00.0000000,,DORCHESTER,2124,Stopped,Probable Cause," Body Worn Camera, Other Agency/Unit Notified, Gang",Passenger Car/ Automobile,2,2,0,0,2,"Officers while traveling on Talbot Ave towards Blue Hill Ave, observed MA REG XXX(2023 Gray Toyota Camry) with Excessive Tint (MGL Ch 90 s9D). A CJISWeb Inquiry showed 79 inquires with a remark from Quincy Police of ""POSSIBLE FIREARM POSSESSION 23059537"". Officers inquired with Operations if the vehicle was wanted by Quincy, at this point while awaiting Operations response from Quincy, Officers observed MA REG XXXgo through the red light from Talbot Ave and turn left onto Blue Hill Ave. Officers activated their emergency lights and sirens and conducted a traffic stop in front of XXXBlue Hill Ave.

The driver was identified asXXX DOB XX/XX/XXXX(Active Columbia Rd, Open 94c & prior F/A). Front passenger was identified as XXX DOB XX/XX/XXXX(Active Mt. Plesant, Open 94c, & prior F/A). While speaking with both XXXand XXXOfficers observed an open container of alcohol in the backseat (MGL Ch 90 s24I). Officers issued an Exit Order based on the open container and the Remark from Quincy Police. Officers pat frisked XXXand XXXfor weapons which yielded negative results. Officers advised XXXof the potential fines associated with the open container, and had XXXplace the container in the trunk of the vehicle. 

Officers were notified by Operations that the vehicle was involved in an incident and that Quincy would like the driver of the vehicle FIO'd. It should be noted that XXXstated that he is about to return the vehicle and remove the tints from the windows. It should also be noted that the after market tints were installed with a gap at the top of the windows in what Officers believed to be an attempt to not have a tint meter used on them. 

Written warning XXXissued to XXX
C111F (Kennedy / R. Adams)",1
FC23004338,2023-09-07 10:00:00.0000000,,BOSTON,2118,Stopped,Reasonable Suspicion , Body Worn Camera,Passenger Car/ Automobile,1,0,1,0,1,"T stop for vals (Driving in marked bike lane) at Mass ave and Magazine streets.

Operator identified as XXX (Numerous Firearm related offenses on BOP including a Firearm Trafficking Conviction).

XXXwas extremely cooperative with officers and upon asking Mr. XXXif there were any weapons in the vehicle he immediately consented to a search of his vehicle for weapons with negative results.

Mr. XXXstated to the officers he has been staying out of trouble and has been working for Dunkin Donuts for a few years now.

Mr. XXXwas given a verbal warning and released.

BK01F

OBRIEN/MCQUAID",1
FC24004211,2024-10-21 23:00:00.0000000,,ROXBURY,2119,Stopped,Reasonable Suspicion ,"Body Worn Camera, Gang",Passenger Car/ Automobile,2,2,0,0,2,"About 11:00PM, on Monday, 10/21/2024, T/s on Magazine St and Eustis St for speeding (90/17), window tint (90/9D), no front plate (90/6) of MA Reg XXX
Operator identified asXXX Active Coleus Park.

Front Passenger identified as XXX Active XXX (BOP includes several prior F/a violations, discharging f/a, ABDW f/a). 

Upon approach, officer observed front passenger dip his body to the left then return to the upright position. XXXwas breathing heavily showing signs of nervousness and began calling numerous different people on his cell phone while the officer was attempting to converse with him. 

Due to the above mentioned reasons, in addition to the immediate area being subject to firearm violence in recent weeks, an exit order was issued and both parties as well as the vehicle were frisked.

Both XXX& XXXwere cordial during the interaction.

FIOE to assoc parties / vehicle 

Kovaleski",1
FC21002716,2021-07-11 00:30:00,,BOSTON,2119,Stopped,Encounter,,Passenger Car/ Automobile,1,1,0,0,0,"About 12:30 am, on 07/11/21, Officers stopped MD Reg XXXfor vals at the intersection of Washington St and Brinton St, Roxbury. 

Operating the motor vehicle was XXX(DOB XX/XX/XXXXActive Annunciation Rd member / Mission Hill Sub Group, with prior armed assault to murder, multiple FA violations, and 94C violations on the BOP. 

XXXwas given a verbal warning, FIOED and released to associate him to the vehicle. 

VK22 Monzon/D'Addieco",0
FC24001539,2024-04-07 21:42:00.0000000,BLUE HILL AVE,BOSTON,2124,Stopped,Probable Cause,Body Worn Camera,Passenger Car/ Automobile,1,1,0,0,0,"T/S of VA REG: XXXfor speeding (90/17) at XXXBlue Hil Ave, driver identified as XXX, prior F/A, active Everton / Geneva. XXXcordial throughout stop. Officers noted after-market tints on MV. FIO to associate with MV. 

Written warning issued.

C112F (Kane/Araujo)",0
FC24004618,2024-10-23 14:45:00.0000000,WASHINGTON ST,ROXBURY,2119,Stopped,Reasonable Suspicion ,"Other Agency/Unit Notified, Body Worn Camera",Passenger Car/ Automobile,2,1,1,0,0,"Officers assigned to the BK01D (Centeio and Mason) conducted a traffic stop of XXX2006 black Toyota Rav4 for Intel. Officers identified the operator as XXX and front seat passenger XXXThe address of XXXCummins Highway, Mattapan was provided byXXX and XXXNewhall Street, Dorchester was provided by XXX.XXX was issued a verbal warning for the Vals.",0
FC21002581,2021-07-09 23:36:00,,ROXBURY,2119,Stopped,Probable Cause,,Passenger Car/ Automobile,2,2,0,0,2,"YVSF officers conducted a traffic stop (MA XXXWhite Honda Accord) for VALs at the intersection of Blue Hill Ave and Dudley St. 

It should be noted that the vehicle did not immediately pull over. The driver was identified as XXX (DOB: XX/XX/XXXXActive VnF associate) and the passenger was identified asXXX XXX, Active VnF associate). 

A CJIS query result revealed XXXhas multiple drug and firearm offenses to include ASSALT TO MURDER on BOP. 

A CJIS query result revealed XXX had an active WARRANT for multiple firearm related charges (see I182056942).XXX also has a extensive BOP using alias date of birth XX/XX/XXXXXX/XX/XXXX, and XX/XX/XXXX) which include multiple firearm related offenses. 

It should be noted that once officers ordered XXX out of the vehicle, he frantically reached, from his seated position in the front passenger seat, for the ignition of the vehicle in an attempt to turn the vehicle on. Officers were able to gain control of XXX and prevent the vehicle from being turned on and placed both males in handcuffs. 

XXX was placed under arrest by virtue of a STRAIGHT WARRANT issued 07/08/2021 by the Hon. Judge Campo (Suffolk Superior Court) . 

XXXwas compliant and was FIO'd and released. 



VK06 (Muhammad/Degrave/Tpr Hazelton)",1
FC21001965,2021-05-22 00:00:00,WASHINGTON ST,DORCHESTER,2121,Stopped,Reasonable Suspicion ,,Passenger Car/ Automobile,2,2,0,0,2,"TS for VALS on MA REG:XXX. Operator was XXX (Active H-Block) and front seat passenger was XXX (Stopped with H-Block associates in past). XXX drove MV and XXXinstructed not to operate a vehicle until he has an active DL. Both occupants cordial throughout stop. FIO'd and released.

-BK02F",1
FC23000735,2023-02-08 19:18:00.0000000,MAYFAIR ST,ROXBURY,2119,Stopped,Reasonable Suspicion , Body Worn Camera,Passenger Car/ Automobile,3,3,0,0,3,"Officers conducted a TSTOP of MA REG. XXXat XXX Mayfair St for B2 Detectives (B810 Det. Ramos) (B811 Det. Nicholas) to assist with an ongoing investigation.

OperatorXXXXX/XX/XXXXwearing a black bubble Moncler jacket, black sweatshirt under jacket, black sweatpants with a white stripe, black and white Balenciaga shoes and a white surgical mask.

Front Passenger: XXX XX/XX/XXXXwearing a black durag, black sweatshirt with XXXon left front chest, black sweatpants, and black, red, and green Gucci slides.

Rear Passenger: XXX XX/XX/XXXXwearing gray sweatshirt, light-washed blue jeans, gray low top New Balance sneakers

XXX stated he rented m/v on ZipCar 2 days ago and would be returning tonight at 11 PM.

FIO to associate parties and m/v.

B101F (Albanese & Verdini) and numerous B2 Officers. BWC activated.",1
FC23004022,2023-08-18 03:30:00.0000000,DORCHESTER AVE,DORCHESTER,2122,Stopped,Reasonable Suspicion , Body Worn Camera,Suv (sport Utility Vehicle),2,0,2,0,0,"Officers were patrolling the Fields Corner area due to increased drug activity in the vicinity. About 3:30am officers observed three unknown males exit the rear parking lot of Advanced Auto Parts at XXXDorchester Avenue. Officers also noted a vehicle idling in the lot. Officers conducted a U-turn to further investigate, and the unknown males became aware of officers presence and left the area on foot. 

Officers stopped MA Reg XXXidling in the rear of the lot with an individual leaning on the driver's side door. Officers identified the driver of the vehicle as the owner XXX. XXXhas an extensive history of drug distribution and firearms offenses including multiple guilty verdicts. Officers identified the other individual as XXXBoth parties stated they knew each other from growing up in the area and were just hanging out in the parking lot conversing. Officers advised them to vacate the area.

C-11 DCU notified.

HK01A (MacLeod/Zammito)",0
FC25000819,2025-02-27 21:38:00,,SOUTH BOSTON,2127,Stopped,Probable Cause," Body Worn Camera, Gang",Passenger Car/ Automobile,2,2,0,0,0,T/S for VALs at Dorchester Avenue & W Fifth Street of MA Reg: XXXa 2023 gray Toyota Camry registered to EAN Holdings LLC.  Operator identified as XXX (DOB: XX/XX/XXXXXXXhas previous firearms charges from 2022/2021 (Guilty/Committed for 18 months).  Front right seat passenger identified as XXX(DOB: XX/XX/XXXXXXX is an active membeXXX.  Operator issued MA Uniform Citation XXXfor 89/9 Failure to Stop/Yield.  FIO’d to associate occupants to MV.  F101F (Healey/Alves),0
FC23003753,2023-07-30 19:47:00.0000000,,BOSTON,2121,Stopped,Probable Cause," Body Worn Camera, Gun",Pickup Truck,2,2,0,0,1,"Radio call for a Person Shot in the area of Blue Hill Ave & Castlegate Rd (I232060395) at 7:47PM.

Boston Police Operations Channel 3 broadcast vehicle description of a black Cadillac pickup truck with an attached U-Haul as possible suspect vehicle last seen fleeing outbound on Blue Hill Ave towards Seaver St.

T/S conducted of a black Cadillac Escalade pickup truck with attached U-Haul bearing VA Reg: XXXat the intersection of Warren St & Elm Hill Ave. 

Operator: XXX (DOB: XX/XX/XXXXprior F/A

Front seat passenger: XXX (DOB: XX/XX/XXXX
Due to the nature of radio call as well as the time and proximity to location of radio call, both occupants removed from vehicle and pat frisked yielding negative results. Officers conducted a frisk of the M/V and recovered two (2) firearms. 

Officers placed XXX into custody without issue.

The vehicle was towed to Boston Police Headquarters pending a search warrant. 

FIO'd for intel. 

-B103F (Luciw/Green)",1
FC21003511,2021-09-08 17:58:00,TREMONT ST,BOSTON,2116,Stopped,Reasonable Suspicion ,,Passenger Car/ Automobile,2,2,0,0,2,"TS on a gray 2012 Honda Accord (MA XXXfor VALs at 385 Tremont Street. 

Operator wasXXX(DOB XX/XX/XXXXpassenger was XXX (DOB XX/XX/XXXXXXX has closed 2019 firearms case (Middlesex Superior - Nolle Prossed). XXXhas open 2021 firearms-related case (Roxbury DC). 

Officer observed handle of a large, twenty inch regular screw driver shoved between center console and passenger seat (next to XXXVehicle, XXXand XXX pat frisked yielding negative results. 

During non-custody conversation with XXXon the sidewalk, XXXinformed the Officer he was ""with four other people"" when he and the group assaulted the victim in his open case involving a firearm. BWC's captured interaction. 

FIO'd for officer safety and intel. 

Ostholthoff/A426F Petruziello/A435F",1
FC22000368,2022-02-01 00:00:00,,BOSTON,2118,Stopped,Encounter,,Suv (sport Utility Vehicle),3,3,0,0,0,"Officers stopped black 2017 Ford Explorer (MA Reg. - XXXfor VALS at the intersection of Mass Ave & Melnea Cass Blvd.



Operator:XXX (DOB XX/XX/XXXX- active Johnston Rd, prior F/A

Front Seat Passenger:XXX(DOB XX/XX/XXXX- active CP2, prior F/A

Rear PassengerXXX(DOB XX/XX/XXXX- prior F/A



Verbal warning issued. FIO'd and released. BWC's activated.



BK01A (MacDonald/Picarello), BK02A (Bent/McCabe).",0
FC25000528,2025-02-05 21:30:00,,ROXBURY,2121,Stopped,Intel,,Passenger Car/ Automobile,2,2,0,0,0,"In regards to an on-going investigation Officers conducted a traffic stop of NH Reg: XXX(2019 Blue Ford Edge) at Seaver St and Harold St.  It should be noted that this vehicle identically resembled that to a vehicle that was involved in a non-fatally shooting in District 11. Specifically the make, model, color, rims, and distinct inspection sticker of the vehicle. Images of the suspect vehicle were originally disseminated to Officers, by Sgt Det Merner, following the incident   Operator:XXX  Passenger:XXX   Both occupants were removed from the vehicle and pat frisked to no avail.  Sgt Det Merner was notified that this vehicle had been stopped. C11 Detective Haugh was also notified, and arrived on scene.  Prior to the vehicle being towed it should be noted that XXXbecame extremely volatile with Officers and was adamant about retrieving his backpack from the rear of the vehicle.   Vehicle was subsequently frozen pending a search warrant. Towed to Boston Police HQ and secured.  BK02F/BK03F (Bertocchi/O'Brien/McQuaid/Kerin)",0
FC22000619,2022-02-19 17:19:00,FANEUIL ST,BRIGHTON,2135,Stopped,Probable Cause,,Passenger Car/ Automobile,1,0,1,0,1,"On February 19, 2022 Officer Sobhy, Officer Hynes and Detective Nunez under the supervision of Sergeant Detective DeLeon conducted a traffic stop of Ma. Reg# XXXHyundai Sonata at XXXFaneuil St. 

Officers Hynes prior to the motor vehicle stop, conducted a registry of motor vehicle CJIS inquiry which revealed the license plate (Ma. XXXon the motor vehicle to be ""canceled"", this information was relayed to all members of the drug unit. Officers observed the motor vehicle traveling on Faneuil St in the direction of Goodenough St and initiated a traffic stop at XXXFaneuil St.

Officers approached the driver who identified himself as XXX. XXXafter officers clearly had their badges displayed announcing Boston Police put the vehicle into reverse and attempted to back away from the officers. Officers at this time believed XXXwas attempting to flee the stop, safely approached the drivers door and have XXXexit the vehicle. Officers for their safety conducted a frisk of XXX
XXX did not produce a drivers license to officers, but provided his name and date of birth which was entered into CJIS. Pursuant to the CJIS inquiry of XXXit was revealed his license was active. XXXadvised officers he just recently purchased the motor vehicle. 

Officers advised XXXhe could not operate the motor vehicle on a public way because the motor vehicle was uninured and unregistered.

XXXinformed officers he was attending school to get his CDL license for trucking. Officers collectively decided in order not to effect XXXschooling decided a verbal warning would suffice and officers would have XXXpark his motor vehicle in a private lot in the Faneuil Street Development where he resides.

XXXagreed and parked the vehicle in the lot located at XXXFaneuil St, Brighton.",1
FC23001665,2023-03-29 23:00:00.0000000,WASHINGTON ST,ROXBURY,2120,Stopped,Probable Cause," Body Worn Camera, Gang",Passenger Car/ Automobile,4,4,0,0,1,"Officers conducted a t/s for Ch90 s17 and Ch89 s9 at the intersection of Washington St and Ruggles St. Officers first observed the vehicle speeding at Wash and Lenox st.

Operator identified asXXX (Active Mission). Mr. XXX does have prior f/a on BOP. 

Front seat passenger identified as XXX(Active Mission). Mr. XXXhas an extensive criminal history of f/a's and dist of 94C. Mr. XXXextremely confrontational and argumentative with Officers.

Rear drivers side identified as XXX (Active Mission). Mr. XXXdoes have prior f/a on BOP.

Rear passenger side identified as XXX (Active Mission).

Due to numerous observations, prior criminal histories and the location of the stop Officers asked the occupants if there were any weapons in the car. Mr. XXX stated ""come on bro I stopped you know there's nothing in here"".

FIOEd for intel.

DK01F (Murphy/O'Leary)",1
FC23003761,2023-07-31 19:55:00.0000000,MASSACHUSETTS AVE,ROXBURY,2119,Stopped,Probable Cause, Body Worn Camera,Passenger Car/ Automobile,1,1,0,0,0,"Officers conducted a traffic stop on MA reg XXXfor texting and driving (ch. 90 s.13) at the intersection of Melnea Cass and Mass Ave.

Officers identified the operator asXXX. Mr. XXXhas numerous 94C related charges on his BOP as well as B&E.

FIOEd for intel

DK01F (Murphy/Lonergan)",0
FC21001271,2021-04-02 18:15:00,,BOSTON,2119,Stopped,Probable Cause,,Passenger Car/ Automobile,3,2,1,0,3,"About 6:15 PM, on Friday, 04/02/2021, Officers O'Loughlin and Ryan in the BK03F conducted a traffic stop of Illinois REG : XXXfor VALS at Albany Street and Melnea Cass Blvd, Roxbury. 

Driver :XXX (DOB: XX/XX/XXXX- Active VnF

Front Seat Passenger:XXX(DOB: XX/XX/XXXX- Active VnF

Back Seat Passenger : XXX (DOB: XX/XX/XXXX- Active VnF

CJIS query was conducted which informed Officers that the driver,XXX, did not possess an active drivers license.

Occupants were removed from the motor vehicle. Motor vehicle and occupants were frisked which yielded negative results. XXX took possession of the motor vehicle who possessed an active license.

Occupants were FIOED and released

BK03F (O'Loughlin/Ryan)",1
FC21003342,2021-08-27 22:15:00,,BOSTON,2119,Stopped,Reasonable Suspicion ,,Passenger Car/ Automobile,2,2,0,0,2,"TS for VALS on MA REG: XXXOperator was XXX (Open A&B with F/A) and passenger wasXXX. Frisk of MV and persons yielded negative results. XXXdrove MV and XXXinstructed to not operate the MV until properly licensed. Registered owner is XXX who has a recent F/A charge out of Middlesex County. FIO'd to associate with MV.

-BK02F (Cubarney/Morrissey)",1
FC25000671,2025-02-18 01:36:00,,BOSTON,2111,Stopped,Reasonable Suspicion , Body Worn Camera,Passenger Car/ Automobile,3,2,0,1,1,"About 1:36am on February 18, 2025 Officers conducted a Traffic Stop at Summer and Arch Streets, Boston.   Officers stopped a 2006 Acura TL (Mass Reg: XXX) registered to XXX. BOP: multiple B&E and unarmed robbery.  Operator was XXX had multiple B&E and a recent conviction for Armed Robbery out of Suffolk Superior (Docket#: XXX  Passenger was XXX XXXhad multiple armed robberies and firearms charges on his BOP.  XXXwas extremely nervous and pinned his right arm to his chest. XXXwas removed and frisked to no avail.  Officers observed a opened alcohol bottle in plain view in the center console.  XXXand XXXwere cordial but extremely nervous throughout the stop. XXXstated they were coming from a party at XXXTremont Street above the Burger King.   Officers issued citations to both parties for seat belt violations and open containers.   FIOE to associate.",1
FC20000035,2020-01-02 21:54:00,,BOSTON,2120,Stopped,Probable Cause,,Passenger Car/ Automobile,2,2,0,0,2,"T STOP FOR VALS (REVO/INSC) ON MA REGXXX A BLUE HYUNDAI SONATA. OPERATOR IDENTIFIED AS MR. XXX (PRIOR F/A) PASSENGER IDENTIFIED AS MR. XXX. OFFICERS ASKED MR. XXX FOR HIS LICENSE TO WHICH HE REPLIED ""I DON'T HAVE ONE"". OFFICERS ASKED MR. XXX TO EXIT THE VEHICLE AND AS HE DID SO ASKED IF HE HAD ANYTHING ON HIM TO WHICH HE REPLIED ""YEAH"". OFFICERS THEN BEGAN TO PLACE MR. XXX INTO HANDCUFFS AT WHICH TIME HE STATED ""I DON'T HAVE A GUN I JUST HAVE SOME WEED"". OFFICERS PERFORMED A PAT FRISK OF BOTH PARTIES AND THE VEHICLE WHICH CAME UP NEGATIVE FOR THE PRESENCE OF WEAPONS. MR. XXX WAS ALLOWED TO PARK THE VEHICLE IN THE PARKING LOT WITH HIS ACTIVE LICENSE, WARNING ISSUED FOR VALS.

BK01F (HIGGINS/O'DWYER) BK03F (O'LOUGHLIN/HOLMES)",1
FC24000793,2024-02-20 21:28:00.0000000,CHELSEA ST & NEW RUTHERFORD AVE,BOSTON,2129,Stopped,Probable Cause,Body Worn Camera,Passenger Car/ Automobile,1,1,0,0,0,"About 9:28PM on 02/20/2024 Officers conducted a traffic stop for VALS on a black 2018 Chrysler 300 (MA XXXat the intersection of Chelsea Street and Rutherford Ave, Charlestown. 

The following individual identified: 

XXXDOB: XX/XX/XXXXXXX stated to officers that he was on his way home to Roxbury and had just finished hanging out with friends. 
XXX was involved in a BOLO in relation to a shots fired incident that took place 04/15/2023 at XXXCircuit Street, Roxbury. 

BWC Activated. 

AK01F (Hiltunen/ Marchand/ Scano)",0
FC23000749,2023-02-09 15:20:00.0000000,,ROXBURY,2119,Stopped,Probable Cause, Gang,Passenger Car/ Automobile,2,1,1,0,0,"YVSF intel - VK23

Traffic stop for VALs of MA reg: XXXThe vehicle was a rental with extremely dark temporary window tint. The operator was found to be occupied by Orchard Park associates XXX andXXXnd both were pleasant and cooperative. XXX was given a verbal warning. 

XXX has an open firearm case and one prior firearm arrest. XXXhas one prior firearm arrest.",0
FC22001338,2022-04-06 15:17:00,,BOSTON,2114,Stopped,Reasonable Suspicion ,,Passenger Car/ Automobile,1,1,0,0,1,TS for VALS at the intersection of Merimac St/ New Chardon St. Above operator was uncooperative and confrontational with Officers. Operator refused initially to follow Officers task direction and commands. Pat frisked to no avail. Given verbal warning for VALS. Operator was told to properly transport some marihuana that was discovered. BWC activated.,1
FC23000884,2023-02-17 02:40:00.0000000,,DORCHESTER,2125,Stopped,Reasonable Suspicion , Body Worn Camera,Passenger Car/ Automobile,2,0,1,1,0,"TS for VALS @ Boston Steet& Columbia Road - MA REG# XXXWhite 2014 Ford Taurus 

Operator: XXX DOB XX/XX/XXXX(prior F/A charge, trafficking narcotics charge), XXXstated that the vehicle belongs to his mother. 

Passenger: XXX, DOB XX/XX/XXXX
XXXstated that he and XXXwere coming from Harbor Point where they were hanging out with friends. Both parties were cordial with officers.

FIO'd and released.

F499A (Czar)",0
FC20003741,2020-07-13 18:30:00,BEECHLAND CIR,ROSLINDALE,2131,Stopped,Probable Cause," Juvenile, Gun, Warrant Arrest, Body Worn Camera",Passenger Car/ Automobile,7,7,0,0,1,person with a gun call. XXXarrested for fleeing the vehicle and in possession of a firearm.,1
FC23000618,2023-02-01 11:00:00.0000000,,BOSTON,2124,Stopped,Probable Cause, Body Worn Camera,Passenger Car/ Automobile,1,1,0,0,1,"TS Johnston Rd / Blue Hill AVE FL REG XXXno brake lights / weaving

Rental vehicle operated by XXX (Open FA). XXXhad multiple bags of marijuana underneath pringle chips inside of a pringle chip container. XXXrequested EMS due to shortness of breath and low blood pressure. EMS arrived on scene. XXXreported he lives out of his vehicle. XXXrefused EMS transport and was issued a verbal warning.

VK04",1
FC24000428,2024-01-31 00:51:00.0000000,ALLSTATE RD,BOSTON,2127,Stopped,Probable Cause,"Drugs, Body Worn Camera",Passenger Car/ Automobile,2,0,2,0,2,"Officers conducted a traffic stop at Boston St and Ellery St in relation to I#242008219, which resulted in the arrest of the operatorXXX

In the passenger seat of the motor vehicle was XXXA CJIS inquiry of the passenger (XXXrevealed that he had open Distribution and Possession offenses. 

FIOE completed to associate XXXto XXXand to associate him to the motor vehicle. 

F102A (Sullivan/Tildsley)",1
FC23001661,2023-03-29 21:20:00.0000000,,DORCHESTER,2124,Stopped,Probable Cause,,Passenger Car/ Automobile,2,0,2,0,1,"T -stop of a white Nissan Altima at the intersection of Morton St and Owen St for tints. Officers origianlly observed the vehicle at the intersection of Morton St and Norfolk St operating with no headlights on as well as heavily tinted windows. Officers conducted a U-turn at which time they observed the vehicle to turn their headlights on. Officers then conducted a t-stop and were met by the operator XXX (DOB: XX/XX/XXXXno Bop. XXXwas extremely cordial and immediately stated they were coming from getting food and that he turned his headlights on cause he observed officers make a U-turn. The passanger who had a seatbelt on and refused to identify was also cordial and stated they were coming from Bullys on Blue Hill Ave. Back passenger was observed to not have a seat belt on and would not roll down the heavily tinted rear window completely. Back passenger eventually identified himself as XXX (DOB: XX/XX/XXXXon probation until 2025 after serving 5 years for F/A and discharging charges out of Essex superior court. Officers observedXXX to be aimlessly scrolling and would not look in officers direction as well as to be speaking in an extremely hushed tone. Parties were removed from the vehicle and frisked to no avail. Written warning issued, FIOED, and released. 

Coyne/Turner",1
FC20000913,2020-02-08 19:22:00,,DORCHESTER,2121,Stopped,Probable Cause, Body Worn Camera,Passenger Car/ Automobile,2,2,0,0,0,"Officers effected a traffic stop for VALs of MA Reg. XXXat the intersection of Geneva Ave. and Olney Street. The operator,XXX (DOB XX/XX/XXXXstated that the vehicle belonged to her friend, XXX (DOB XXX
XXXhas recent Trafficking Class B Charges, multiple other recent Drug/Distribution Charges, and past Firearms Charges on her BOP. During the traffic stop, XXXhad multiple personal bags and at least 3 cell phones which were all ringing throughout the interaction.

XXXhas past Carjacking, Firearms, and Drug Distribution charges on his BOP. XXXalso has an active warrant out of Florida for VALs.

The license plates were attached to a 2014 BMW X3 but were registered to a 2002 Ford Explorer. XXXwas cited and summoned for VALs and the vehicle was towed from the scene.

H415F (O'Leary) / H436F (Woods)",0
FC20000022,2020-01-02 10:45:00,,BOSTON,2131,Stopped,Encounter, Body Worn Camera,Passenger Car/ Automobile,1,1,0,0,0,"At approximately 10:45 am, Officer Murray (JT55) pulled overXXXin his motor vehicle (2007 Honda Accord bearing MA Registration XXX) for Speeding (52 in a 30 mile per hour zone) on Hyde Park Avenue. 

During the stop,XXXbecame upset and argumentative stating that Officer should have pulled him over sooner, and that he was now ""inconvienced"" because he would be late to his doctor's appointment. Officer Murray issuedXXXa citation for speeding (XXX; $220).XXXthen left the area, as did Officer Murray. 

At approximately 12:20 pm, after conducting a traffic stop, Officer parked in the same place on Hyde Park Avenue and observedXXXstanding on Hyde Park Avenue and Larch Place videoing the officer, his cruiser. A vehicle beeped atXXXto move his vehicle, which was parked on Larch Place, so they could get out. He ceased recording and left the area. 

Original traffic stop captured on Officer Murray's body camera.",0
FC22000756,2022-02-28 16:54:00,,BOSTON,2121,Stopped,Probable Cause,,Passenger Car/ Automobile,2,2,0,0,2,"1:15 PM 2/28/2022 Blue Hill/Esmond multiple B-3 day units placed XXX under arrest for various F/A violations following an investigation. XXXhas multiple previous F/A convictions, class B charges and Murder charges on his BOP. XXXoperating MO REG XXX2020 Jeep Grand Cherokee. 

After K9 (TE508) indication. Firearm located inside the drivers side door panel after removing the window switch. Additional round of ammunition located natural void in near the rear of the center console.",1
FC22000579,2022-02-16 18:20:00,,BOSTON,2125,Stopped,Reasonable Suspicion ,,Passenger Car/ Automobile,1,1,0,0,0,"TS for VALS on MA REG: XXXOperator identified as XXX (Assault to Murder, Assault to Kill, F/A's, Mayhem on BOP). Conversational and compliant throughout stop. XXXexplained that he's an ""Academy OG"" who is no longer involved due to it being a ""young man's game."" FIO'd to associate with motor vehicle.

-BK02F (Cubarney/Kerin)",0
FC23005846,2023-12-15 02:16:00.0000000,ROXBURY ST,ROXBURY,2119,Stopped,Probable Cause, Body Worn Camera,Passenger Car/ Automobile,3,2,0,1,2,"SS in the rear XXXRoxbury St (Timilty Middle School) on a 2009 Gray Mercury Sable MA XXXOfficers were on Patrol in the area and observed the aforementioned vehicle idling in the rear of the school.

XXX(DOB: XX/XX/XXXX
Passenger:XXX (DOB: XX/XX/XXXX
Officers inquired as to why both parties were in the rear of the school when school is not in session and advised them, they were trespassing. While conducting a CJIS inquiry officers noticed both parties to be extremely nervous and avoiding eye contact with officers. When officers asked XXXfor ID he kept his left arm pinned to his side and reached over to the center console with his right arm.

Based on observations officers issued an exit order.

MV/occupants frisked for weapons to no avail.

Verbal Warning issued.

FIO’d to associate with MV.

B201A (McPherson, Colpoys)",1
FC23005513,2023-11-21 16:59:00.0000000,,DORCHESTER,2125,Stopped,"Encounter, Probable Cause, Reasonable Suspicion ",,Passenger Car/ Automobile,2,1,1,0,1,"Officers detained XXX (DOB XX/XX/XXXXin relation to an Armed Robbery with a Firearm in C-6. Officers found XXXin the right rear passangers seat of a vehicle (MA COMM REG XXXthat was supposedly used in an Armed Robbery in District C-6. The Vehicle was crashed while attempting to evade Officers after C-11 Units located the Vehicle. XXXhad stayed in the Vehicle after multiple individuals exited the Vehicle and ran from Officers. The Individuals were suspected to have a Firearm in their possesion.

Officers were able to ID XXXand found that he had Firearm related charges on his BOP from May of 2023.

Officers and K-9 Officers searched the Vehicle, and the surrounding area for a firearm to no avail. 

XXXwas released",1
FC20001670,2020-03-06 09:37:00,GIBSON ST,BOSTON,2122,Stopped,Probable Cause,,Pickup Truck,1,0,1,0,0,"On Friday March 6th, 2020 Sgt. B Mahoney observed XXX run a red light on Neponset at Popes Hill St.

About 09:37 AM Sgt Mahoney observed Mr. XXXstop at red light on Neponset at Popes Hill then run the red light, operating Ma. Com. Rg. XXXSgt Mahoney, traveling to Dorchester Ct. approached the car as it stopped in traffic at Neponset and Victory Rd. Sgt Mahoney displayed his badge and uniform, sternly explained that the intersection had 2 schools within a half block each way. His information was retrieved and he was advised a citation would be coming in the mail.

Ma written warning XXXwas mailed

Operations notified P200119810",0
FC23001854,2023-04-08 22:45:00.0000000,,BOSTON,2111,Stopped,Reasonable Suspicion , Body Worn Camera,Passenger Car/ Automobile,1,1,0,0,0,"T-Stop for VAL's on a white BMW sedan (MA Reg: XXXLincoln St and Bedford St, Downtown.

Driver:XXX DOB XX/XX/XXXX- F/A charges on BOP.

Registered owner is XXXgirlfriend XXXDOB XX/XX/XXXX
FIOE'd to link XXXwith vehicle.

Mccullough/Ostholthoff (AK15F)",0
FC20000917,2020-02-08 17:55:00,,BOSTON,2115,Stopped,Probable Cause, Body Worn Camera,Passenger Car/ Automobile,1,1,0,0,1,"TS of MA Reg: XXXfor VALS at Commonwealth Ave & Hereford St.

Prior to making contact, a CJIS inquiry of MA Reg: XXXrevealed the owner,  XXX (DOB: XX/XX/XXXXhas several open cases for firearm violations. MV also has over 28 recent inquiries.

Officers made contact with the operator, who was in fact XXXWhile speaking with XXXofficers observed several finished marijuana blunts in the ash tray, material for rolling marijuana, and a few nuggets of what appeared to be Marijuana on the dashboard. 

An exit order was given.

A frisk of XXXwas negative for weapons, but was positive for 2 additional small bags of marijuana to which XXXstated was for personal use and he did not use today. A frisk of the MV was negative for weapons and additional contraband other then the marijuana that was observed on the dashboard. 

XXXwas issued Mass Uniform Citation issued XXXWarning) 

XXXwas released forthwith. 

D101F (Herbert/Melay)",1
FC25000882,2025-03-04 19:00:00,ANNUNCIATION ROAD,ROXBURY,2120,Stopped,Reasonable Suspicion ," Gang, Body Worn Camera",Passenger Car/ Automobile,2,1,1,0,1,"Housing Police stopped XXXXXX at XXXParker Street (Bromley Heath Housing Develpment).   CJIS inquiry showed attached plates coming back to a 2006 Honda Odyssey (Canceled).  Officers made contact with XXXwho stated, ""Nah we not doing this right now, can y'all pull me over back in XXXI got beef over here"". Due to the recent spike in crime between both XXX Officers followed XXXback to XXXAnnunciation Road and conducted the stop. Officers were directly behind XXXthe entirety of the way back.   XXXwas then frisked for weapons on his person and in his vehicle due to his status as an XXX associate and his presence in the XXXto which yielded negative results. XXXwas advised to remove the attached plates and place them on the appropriate vehicle.   It should be noted that XXXmade numerous comments stating:   * "" I got shot over there (referring toXXX""  * "" I'm tapped, Imma still go over there, my mom lives there""  * "" Those kids been getting tortured for years now (referring to XXX  BK01 BWC activated.  FIO for intel purposes  Z434 Z429",1
FC24004533,2024-11-13 00:00:00.0000000,SAFFORD ST,HYDE PARK,2136,Stopped,Encounter,Body Worn Camera,Passenger Car/ Automobile,1,1,0,0,0,"TS for VALS (Stop Sign Violation- 89:9) MA REG: XXX(rental) 2023 Nissan Murano (Blue) at XXXSafford St, Hyde Park

Operator:XXX(DOB: XX/XX/XXXX
BOP revealed Prior Numerous Firearm Possession violations and 94C on BOP 

Mr. XXXwas cordial during the stop.

Written warning issued viaXXXXXX",0
FC22002346,2022-06-03 00:00:00,,BOSTON,2126,Stopped,Probable Cause,,Suv (sport Utility Vehicle),1,1,0,0,0,"TS Illegal U-turn Morton/Blue Hill Ave MA Reg XXX2018 BMW X-5. Driver XXX. Vehicle had white sicker in the bottom drivers side of windshield and white E-Z pass in the center of the windshield. B-3 Detectives notified.

CK01D Adams/O'Toole",0
FC23000866,2023-02-15 17:04:00.0000000,,BOSTON,2116,Stopped,Probable Cause, Body Worn Camera,Passenger Car/ Automobile,1,1,0,0,0,"Officers conducted a traffic stop 2018 Red Dodge Challenger (MA REG: XXXfor VALS at the intersection of Tremont Street and Stuart Street. 

Operator Identified as: 

XXX(DOB: XX/XX/XXXX
CJIS inquiry revealed that XXXhas a history of multiple F/A Charges and ABDW. 

FIO for Officer safety and Intel. 

AK01F (Hiltunen/ Marchand)",0
FC22002380,2022-06-06 10:45:00,SHAWMUT AVE,BOSTON,2118,Stopped,Reasonable Suspicion ,,Passenger Car/ Automobile,3,3,0,0,3,"TS for speeding, tints and expired inspection on MA Reg XXXin area of Shawmut and Melnea Cass. Operator XXX, front seat passenger unidentified, back seat passengers XXX (Everton/Geneva) and XXXhas open firearm charges and his house on Topliff Street has been the target of recent shots fired. XXXand EYG associates were also on a recent Officer Safety bulletin (05/27/22) for firearm activity. 

XXXwas recently FIO'd with XXX after a shots fired incident in Dudley area. Due to the above facts, occupants were removed from vehicle and frisked for weapons. No weapons found during frisk but front passenger side door was found to be extremely loose and had previously been manipulated, leaving large natural voids in the door. Glove box was locked and could not be opened with key. XXXstated it was ""jammed."" 

XXXstated he was no longer living on Topliff but would not give officers location of his current residence.

FIO to associate occupants with vehicle. 

DK01F O'Leary/ May",1
FC22001861,2022-05-08 00:38:00,BLUE HILL AVE,BOSTON,2121,Stopped,Probable Cause,,Passenger Car/ Automobile,1,1,0,0,1,"Officers conducted a TStop for VALs (equipment violation - no headlights) of MI Reg. XXXOperator identified as XXX (open A&B Firearm, open armed robbery, and other open firearm offenses on BOP).

XXXdid not have an active license. XXXand vehicle pat-frisked for weapons (no weapons found). Licensed operator took custody of the vehicle. Verbal warning given for VALs. FIO'ed to associate XXXwith vehicle.

(O'Leary/Bamford)",1
FC25005868,2025-11-02 01:50:00,,DORCHESTER,2124,Stopped,Probable Cause, Body Worn Camera,Passenger Car/ Automobile,1,0,1,0,1,"Traffic Stop Norfolk /Woodrow 01:50   Officers noted MA Reg XXX(2010 Honda Accord) driving too close to vehicle in front of him. Officers then noted vehicle recklessly pass the vehicle and fail to stop at red light.   During the Stop OP:XXX pretended to only speak Spanish to officers, not identifying himself. Mr. XXXgave his license to officers after a few minutes and began speaking English.  Mr. XXXthen rolled his window up, ignoring officers demands to keep it down due to window tint on the vehicle and officer safety. At this time officers removed Mr. XXXfrom the vehicle. Mr. XXXwas hostile with officers once out of the vehicle. Officers then placed Mr. XXXin handcuffs and detained him for the remainder of the encounter. Mr. XXXgirlfriend (unknown) was present.  Vehicle and Mr. XXXfrisked to no avail.  Citations issued to Mr. XXXand released.  C112A (Belanger/Fawkes)",1
FC25000132,2025-01-09 13:33:00,,BOSTON,2108,Stopped,Intel, Body Worn Camera,Passenger Car/ Automobile,3,3,0,0,1,"About 1:30pm on Thursday 01/09/2025, Officers Eaton assigned to the A425D conducted a traffic stop of (MA REG: XXX at School and Province Street.  Also assisting was Officer Heywood in the A709D.  Officers attention was drawn to a white BMW (MA REG: XXX Officers observed the vehicle to have excessive tint and the license plate to have a tinted cover almost making it difficult for Officers to view. At this time Officer Eaton activated his lights and sirens in attempt to pull over the vehicle.  (MA REG: XXX stopped at Province and School street. Officers identified the operator asXXX (DOB: XX/XX/XXXXand the passenger to beXXX(DOB: XX/XX/XXXXalso in the rear seat wasXXX(DOB: XX/XX/XXXX  Officer Eaton informed the driverXXX the reason for the traffic stop and requested for his drivers license. XXXreplied that he didn't have it on him. A CJIS inquiry indicated that XXXdid not have a active drivers license. Officers advised XXXthat he couldn't operate the vehicle. The rear passengerXXXdid have a active license and took ownership of (MA REG: XXX.  A CJIS inquiry also revealed that XXXhas a open case for carrying a firearm.  07/10/24 PD: XXXCOURT: SUFFOLK SUPERIOR DKT#: XXXOFF: FIR CARRY W/AMM W/O LICENSE FIR CARRY W/AMM STATUS: O WPD: WDT: DISP: DF 7/11/24 D/R PTCOR-B 1/8/25   It should be noted that A1 Officers had a encounter with XXXand XXXon 1/08/2025 for a fight at Suffolk Superior Court (I252002019).  A FIO was conducted for intel and to associate him in the area.",1
FC23001503,2023-03-22 21:57:00.0000000,,DORCHESTER,2124,Stopped,Probable Cause," Auto Investigator, Body Worn Camera, Other Agency/Unit Notified",Passenger Car/ Automobile,3,3,0,0,0,"Officers conducted a traffic stop at Westview St and Westview Way of Maryland Temp Tag XXXdue to it being parked in a posted Tow Zone and also impeding traffic as it was parked with the front end sticking out into the street. Officers spoke with the following individuals on scene:

1)XXX DOB XX/XX/XXXX- Claimant

2) XXX DOB XX/XX/XXXX- See I232013306 when XXXwas arrested at the same location for F/A related Offenses. XXXhad belongings within the front passenger seat including a cell phone that she removed. 

3) XXXDOB XX/XX/XXXX- See I232013306 where XXXwas arrested for Receiving Stolen M/V as him and XXXwere found to be in a Stolen Uhaul. 

Both XXXand XXXwere argumentative with Officers while on scene. Maryland Temp Tag XXXwas found to be Unregistered and was subsequently towed. MA Uniform Citation XXXissued to XXX

FIO'd for Intel Purposes and to further associated XXXand XXXwith the area.

C111F (Kennedy / R. Adams)",0
FC20000790,2020-02-03 23:02:00,,BOSTON,2118,Stopped,Intel, Gang,Passenger Car/ Automobile,3,1,2,0,3,"t-stop for vals heavy tint ch90-9d  operator of the vehicle 1-XXX Lenox st. gang member front passenger 2-XXXLenox st gang member rear passenger 2-XXX) lenox st. gang member.  all occupants in the vehicle began moving and reaching around once the vehicle came to a stop.  all occupants removed and a pat frisk of the occupants and vehicle with negative results.  officers observed marijuana / baggies and a scale in the vehicle.

 

verbal warning for the tinted windows.

 

DK01F Medrano /Doolan",1
FC20004897,2020-10-01 01:48:00,BOSTON ST,DORCHESTER,2125,Stopped,Reasonable Suspicion , Gang,Suv (sport Utility Vehicle),1,1,0,0,0,"Officers initiated a M/V stop of a white SUV (VA REG XXXin the area of 69 Boston Street. Occupant was identified asXXX (DOB XX/XX/XXXX). FIO'D and released. XXX is an active Wendover member with prior F/A and drug charges. 



FK01A Keddy/McCarthy",0
FC21004327,2021-11-08 16:59:00,,BOSTON,2125,Stopped,Probable Cause,,Passenger Car/ Automobile,2,2,0,0,1,"YVSF Intel - VK23/VK04

Officers observed a black Jeep Cherokee (MA reg: XXXtraveling outbound on Quincy Street in the inbound lane, cutting a large line of traffic. The vehicle was stopped as it turned onto Drayton Ave. The operator, who was wearing a full baclava type ski mask, handed the officers a driver's license in the name of Heath Street associate XXX; however, officers recognized the operator to beXXX XXXbrother. XXXhad two felony warrants and was arrested without incident. XXXgirlfriend,XXXwas a passenger, and took custody of the vehicle.",1
FC24003700,2024-09-11 18:06:00.0000000,SHAWMUT AVE,ROXBURY,2118,Stopped,Probable Cause,"Warrant Arrest, Body Worn Camera",Suv (sport Utility Vehicle),1,1,0,0,1,"Officers observed XXX (active XXX associate) in the area of XXXShawmut Ave consulting with individuals in a white Volkswagen atlas (NH REG: XXXOfficers are aware of the suspects active warrant out of West Roxbury Court. Officers confronted the suspect and placed him under arrest without incident. XXXwas cordial with Officers.

D101F (Williams/Castor)",1
FC21000132,2021-01-11 00:00:00,,BOSTON,2126,Stopped,Reasonable Suspicion ,,Passenger Car/ Automobile,2,2,0,0,0,"1/11/2021 

TSTOP Bluehill Ave/Fairway MA comm reg XXX(window tint) 2013 Black Infiniti M37 . Operator XXX (Active LTC), front pass XXX (Multiple F/A on BOP, active Heath St) FIO and released. 

CK01D S. O'Brien/O'Toole",0
FC25004245,2025-08-05 19:36:00,HYDE PARK AVENUE,BOSTON,2131,Stopped,Reasonable Suspicion , Drugs,Passenger Car/ Automobile,1,1,0,0,1,"Under the direction of S/D. Champagnie, members of the Drug Control Unit, detailed to District B3, were in the area of Cummins Hwy and Fairway St, Mattapan, MA, conducting a drug investigation.  On Tuesday August 05, 2025 at about 07:30 PM, Officer Leon, while in the area mentioned above, did observe an unknown male described as a 18-20 year old brown skinned male with curly twisted hair, enter the front passenger seat of Mass Reg XXXwhich had been waiting in the Burger King parking lot located at XXXCummins Hwy for a few minutes prior to the unknown male entering said M/V. Said M/V then pulled out of the parking lot, parked on on cummins Hwy facing River St and proceeded to allow the unknown male to exit. Said M/V then conducted a U-turn and proceeded to drive up Cummins Hwy towards Harvard St. Officer Leon then requested assistance via BPD Channel #3, with assistance in conducting a threshold inquiry with the driver of said M/V. With the assistance of marked Boston Police units, said M/V was stopped in the area of XXXHyde Park Av. Officer Leon proceeded to speak to the operator of said M/V, who was then identified as one,XXX (DOB XX/XX/XXXXThe Officer informed XXXof his observations and asked if XXXwas in possession of any drugs or weapons to which XXXreplied ""no"". XXXwas asked to step out of said M/V, Officer Leon conducted a pat frisk of XXXpersons for any weapons or drugs to no avail. During a pat frisk of XXXM/V, Officer Leon was able to locate one clear plastic bag containing a green leafy substance believed to be marijuana in the middle arm rest of said M/V. XXXwas FIO'ed and released from the scene.  It should be noted that the unknown male that was observed entering and exiting XXXM/V, was seen prior to this incident entering and exiting another M/V (Mass Reg XXXthat was also waiting in the Burger King parking lot at about 06:52 PM on today's date.",1
FC25003202,2025-06-21 11:40:00,,BOSTON,2124,Stopped,Probable Cause, Gang,Suv (sport Utility Vehicle),2,1,0,1,1,"Officers responded to the area of XXXStratton for a Shot Spotter Activation for four rounds. MA: XXX(2019 Jeep Compass, black) was seen on Lyford Street in the immediate area of the SSA traveling away from Franklin Field. Officers followed the vehicle and observed it to attempt to pull over on its own on Milton Ave, continue back into traffic, and signal left and right as if the operator was unsure where to go.  Officers stopped the vehicle to further investigate. The driver was identified asXXX had an unzipped fanny pack across his chest, his hands were trembling, and he was breathing heavily. XXXlater stated that his shaking and nervous behavior was due to him ""being cold,"" despite the temperature being 72 degrees at the time. XXXwas found to have a prior firearm charge from 2022.  The passenger was XXX who Officers knew to have past firearm charges and to XXXand prior gunshot victim. XXXalso had a backpack resting below his feet.  Based on the aforementioned factors, both parties were issued an exit order and frisked. No weapons were located. XXXhad a large afro, black t-shirt with a cartoon on it, gray jeans, and pink sneakers. XXXwore a white t-shirt, red sweatpants, and white sneakers. FIO'd and released.  Adams/Harrington",1
FC24001354,2024-03-26 21:05:00.0000000,MAVERICK SQ,EAST BOSTON,2128,Stopped,"Intel, Reasonable Suspicion ",Body Worn Camera,Passenger Car/ Automobile,3,0,3,0,3,"About 8:50 pm on 03/26/24, officers were surveilling the area of Maverick Square when they observed what they believed to be a hand-to-hand exchange of narcotics/currency from a passenger in a Gold Honda Civic (MA REG XXXOfficers observed the vehicle occupied by three and aimlessly driving around the Maverick Square area after the transaction.

Officers know the area to be an active drug area. After a period of time, Officers then encountered the vehicle parked in the rear of XXXMaverick Square. 

Officers conducted a IVMV of said vehicle and frisked the occupants and the vehicle for the safety of the officers and the public.

Officers discovered THC Cartridges to be in the vehicle and the occupants to be under the age of 21. 

Officers identified XXX(Driver), XXX.

It should be noted that the subjects were combative and of erratic behavior toward officers. Also, the area where the subjects parked remained near Maverick Square and away from the subjects domiciles. 

Officers gave MGL City Ordinance Violation Notice for 94C/32I Poss. Of Marijuana under 1 Oz.",1
FC20003099,2020-06-06 00:22:00,,BOSTON,2127,Stopped,Reasonable Suspicion ,,Passenger Car/ Automobile,2,0,2,0,0,"About 12:22am on Saturday 06/06/2020, officers observed XXXidling in the area of Dorchester Ave and Von Hillern St, Boston. 

Officers observed an unknown female approach the passenger side door of the above vehicle, and entered after a brief conversation. This location is known to officers for prostitution activity, 

Officers conducted a traffic stop of the above vehicle in the area of Old Colony Ave and Patterson Way. The operator, later identified asXXX, admitted to officers he picked up the unknown female to engage in sexual activity, The female, later identified as XXX, also admitted to officers that she was attempting to engage in sexual activity for a fee. Officers ordered the female out of the vehicle and to return home to which she complied. XXXwas FIO'd and released. 

F411A (Fitzgerald/Donahue)",0
FC25005342,2025-10-03 01:31:00,BOWDOIN ST,DORCHESTER,2122,Stopped,Probable Cause," Body Worn Camera, Gang",Suv (sport Utility Vehicle),3,3,0,0,2,"About 1:31 AM on Friday, 10/03/2025, Officers assigned to District B-3 conducted a traffic stop for speeding (MGL 90/17) on a white colored 2025 Chevrolet Trailblazer bearing Illinois Reg. XXXin the area of XXXBowdoin Street, Dorchester.  Driver identified as XXXXXX, open F/A), passenger identified asXXXear passenger identified as XXXX, prior F/A). XXXwas argumentative and had a rapid and visible chest rise and fall, XXXwas sitting in an unnatural manner and leaning forward despite her seat being reclined. Exit order issued for fear a weapon was present in the vehicle. Occupants and vehicle frisked for weapons to no avail.  Verbal warning issued for speed.  CK02A (Ashe/Calabrese/Parlon)",1
FC24004601,2024-11-17 12:07:00.0000000,,BOSTON,2121,Stopped,Probable Cause,Body Worn Camera,Passenger Car/ Automobile,1,1,0,0,0,"PO Jose M Diaz Jr. (106745) in the B453D at 12:07PM on 11/17/2024 (Event# P240578798) BWC activated.

T-Stop for speeding (50 in a 25) a Seaver & Elm Hill. (XXXWritten Warning issued)

Stop made at Seaver & Blue Hill of a Blue 2010 Mercedes C Class (MA Reg# XXX- OwnerXXX 

Driver/Sole occupant was identified as XXX (dob XX/XX/XXXXMA DL# XXXwith same home address as vehicle owner XXX Nazing St.XXXDriver apologized and stated he was just moving his girlfriend's car while he went to the store. 

FIOE generated to associate the driver with this vehicle due to prior Firearms entries on the BOP.",0
FC21004643,2021-12-07 15:45:00,,BOSTON,2118,Stopped,Intel,,Passenger Car/ Automobile,1,1,0,0,0,"Officers conducted a traffic stop of a 2021 Nissan Rogue (MAXXX) for VALS (excessive tint) of a vehicle at Massachusetts Ave and Columbus Ave. Officers tint meter read 1% tint on windows. Driver of the vehicle wasXXX (Orchard Park). XXXhas multiple F/A charges on BOP. XXXwas courteous with officers throughout the stop and stated the tints were not to hide from the police but for ""kids trying to make a name for themselves""

FIO to connect XXXto vehicle.

D103F Sullivan/O'Leary",0
FC23000320,2023-01-14 23:00:00.0000000,BENNINGTON,EAST BOSTON,2108,Stopped,Probable Cause, Body Worn Camera,Passenger Car/ Automobile,2,1,1,0,2,"GK01F Forbes/Ashman stopped MA reg XXXfor val's in rear of XXXBennington St.

Officers recognized driver as XXX XX/XX/XXXXwho immediately stated to officers he did not have a valid driver's license.

Front passenger XXXXX/XX/XXXX (one entry on BOP for receiving stolen property)XXX was wearing maroon and white sneakers, black jeans with red writing, and a black and grey Jordan brand hoody with Jordan symbol on front of hoody. 

XXXhas been involved in several incidents and FIO's (I212076670, fio 210167351, fio 202076039) that he was with confirmed XXX members to includeXXX, XXXa, and XXX (who also shares same address of XXXBennington St. with XXX
Parties and vehicles frisked to no avail. CJIS checks conducted revealing no active warrants. Verbal warning given for VAL's.",1
FC21000051,2021-01-04 17:30:00,,BOSTON,2128,Stopped,Reasonable Suspicion ,,Passenger Car/ Automobile,1,0,1,0,1,"About 17:30 hours on Monday 01/04/2021 Officers assigned to the A7 DCU under the direct supervision of Sgt. Det. Freeman were conducting a Drug Investigation in the area of Orient Heights. 

Officers stopped MA REG: XXXa 2010 Hyundai Genesis operated by XXX (DOB: XX/XX/XXXXas part of the Drug Investigation. Code 28 conducted by P.O Kennedy (A102F) which yielded negative results. 

Advised to vacate the area, FIO'd and released.",1
FC22001426,2022-04-11 15:10:00,,ROXBURY,2121,Stopped,Probable Cause,,Passenger Car/ Automobile,4,3,0,1,4,"YVSF invest #222025446

3:10PM/Brunswick Street

New Jersey registration XXX(2021 Hyundai Elantra gray).

Officers placed XXX under arrest for trafficking class A and B. 

He was the rear middle passenger.

All other occupants were very hostile towards Officers, whom were released from traffic stop. Citation issued to operator XXX",1
FC23002409,2023-05-09 18:03:00.0000000,,EAST BOSTON,2128,Stopped,"Intel, Probable Cause",,Passenger Car/ Automobile,2,1,0,1,0,"T Stop of MA REG: XXXfor VALs (Marked Lanes Violation) at Meridian and Nay Street East Boston. 

Driver: XXX DOB XX/XX/XXXXBOP: 94C Offenses, Multiple Firearm Offenses, Possession Of Explosive Device, Robbery, Assault and Battery, ADBW (F/A) and ABPO

Rear Passenger: XXX DOB XX/XX/XXXXBOP: Larceny, Chapter 90 related crimes. 

M/V registered to Hertz Rental. 

Prior to the traffic stop, the officers observed XXX, along with four unidentified males congregating inside of NY Reg XXX(Rental) in front ofXXX Maverick Square. 

FIO'd to associate parties with both M/V.

GK01F (Nedio/Nepomuceno-Mateo) & G101F (Byrnes/Petruzziello)",0
FC25006620,2025-12-26 00:00:00,HARVARD ST,DORCHESTER,2121,Stopped,Intel," Auto Investigator, Body Worn Camera",Suv (sport Utility Vehicle),1,0,1,0,0,"About 4:25pm on Friday, 12/26/25, Officers McLaughlin and Iacob conducted a traffic stop at XXXHarvard Street, Dorchester.  Officers were on a regular patrol on Washington Street and Talbot Avenue when they observed a grey Toyota Highlander XXXwith a broken right tail light.   Officers were aware from prior knowledge that the owner of the vehicle (XXX) has an open firearms case out of Stoughton. Officers pulled the car over at XXXHarvard Street and made contact with XXXwho was accompanied by two females who did not give their name.  XXXwas cooperative with officers and had an active/ license registration. Officers will mail citation XXXto the operator due to printer malfunction.",0
FC23005662,2023-12-02 03:14:00.0000000,,DORCHESTER,2121,Stopped,Probable Cause," Body Worn Camera, Gang",Passenger Car/ Automobile,4,4,0,0,4,"T/S for VAL (Expired Inspection Sticker) on a Purple 2012 Nissan Rogue MA REG: XXXat Seaver St and Normandy St.

Operator: XXX (DOB: XX/XX/XXXXActive Heath St, Open F/A and prior F/As.

Front Passenger: XXXDOB: XX/XX/XXXXActive Heath St, Prior F/A.

Rear Left Passenger: XXX(DOB: XX/XX/XXXXActive Heath St.

Rear Right Passenger:XXX (DOB: XX/XX/XXXXActive Heath St.

Officers approached the vehicle and observed XXXsweating profusely and breathing heavy. XXXtold officers that the vehicle was a rental that his ""baby momma"" had rented. 

Officers conducted a CJIS inquiry which revealed that none of the occupants in the vehicle had an active license.

Officers issued an exit order.

MV/all occupants pat frisked to no avail.

While officers were conducting a pat frisk of the vehicle XXXcontacted his wife who lives in Stoughton to come take ownership of the vehicle.

FIO'd to associate all with MV. 

B201A (McPherson, Colpoys).",1
FC25001353,2025-03-30 19:15:00,BOYLSTON ST,BOSTON,2199,Stopped,Encounter,,Passenger Car/ Automobile,1,1,0,0,0,T/S VALS MA XXXat the intersection of Boylston Street and Ring Road.   Operator identified as XXX XX/XX/XXXXopen F/A prior 94c   Verbal warning issued.,0
FC23005036,2023-10-25 21:00:00.0000000,HARRISON AVE,BOSTON,2118,Stopped,Probable Cause, Body Worn Camera,Passenger Car/ Automobile,1,1,0,0,1,"T Stop for vals (Excessive Tint, 90:9D) on MA REG: XXXat Harrison Ave and Melnea Cass

CJIS inquiry revealed numerous remarks stating that a firearm was pointed at a Mass State Trooper on 10/04/23. Officers inquired with a MSP trooper on scene, who advised that the vehicle had not been stopped since the incident occurred.

Officers identified the operator as the registered owner of the vehicle, XXX XX/XX/XXXXWhile on scene Officers observed Mr. XXXto be breathing at a rapid pace and aimlessly scrolling through his phone. Due to the above remarks and actions of Mr. XXXOfficers feared that a weapon, specifically a firearm, may be inside of the vehicle.

Officers informed Mr. XXXthat they needed to have a conversation outside of the vehicle. Mr. XXXbegan looking around and fearing that Mr. XXXmay flee, Officer Murphy unlocked the drivers side door and opened the door. Officer Murphy attempted to calmly guide Mr. XXXout of the vehicle and it at that point Mr. XXXreached his right arm towards the gear shifter. Officer Murphy was able to grab a hold of Mr. XXXhand and turn the vehicle off. Officers again began to safely guide Mr. XXXout of the vehicle when he became limp. Officers numerous times asked Mr. XXXto comply and stand up in order to safely conduct a pat frisk for weapons.

Officers were eventually able to get Mr. XXXto comply with Officers orders. A pat frisk of Mr. XXXand the vehicle for weapons was conducted to no avail. Officers explained the reason for the stop and the frisk, to which he stated that he understood. Officers spoke with MSP, who stated they are not interested in this vehicle at this time. 

Verbal warning issued for the tints that were measured at 4%.

DK01F (Murphy/Lonergan)",1
FC24004684,2024-11-23 00:43:00.0000000,,BOSTON,2121,Stopped,Probable Cause,Body Worn Camera,Suv (sport Utility Vehicle),1,1,0,0,0,"T/S for VAL (Red light Violation) on a black 2023 Chevy Equinox RI REG: XXXat the intersection of Columbia Rd. and Brinsley St.

Operator: XXX (DOB: XX/XX/XXXXOpen F/A, Prior F/A, ABPO.

Officers were at the intersection of Blue Hill Ave and Glenway St. when they observed the aforementioned vehicle at the red light. Officers were one car behind the vehicle when they observed it go through the red light when there was a sign saying no turn on red. The vehicle continued down Old Rd. then took a right onto Columbia Rd. Officers were able to get behind the vehicle and initiated a traffic stop at Columbia Rd. and Brinsley St. As officers approached the vehicle, Mr. XXXbecame very argumentative with officers. He stated that while at the red light located at Blue Hill Ave and Glenway St., someone in a Nissan pointed a gun at him, and that is why he ran the light. When asked for the license and registration, he looked at the officer positioned on the passenger side and slightly opened the middle compartment. Mr. XXXstated it was a rental and gave the officer his license. When asked for the rental agreement, due to it being a rental, he stated officers did not need it but said he would give the registration. On numerous occasions, Mr. XXXcontinued to question officers about the traffic stop when officers explained why.

While positioned at the passenger side due to natural darkness, the officer illuminated the flashlight into the vehicle. Mr. XXXbegan to argue as to why the flashlight was on and directed into the vehicle. The officer explained to him that the flashlight was on and pointed into the vehicle to be able to see because it was dark out. Mr. XXXthen began to say that officers pulled him over for a traffic violation, not to search the vehicle. The officer started to observe Mr. XXXhave a rapid heart rate and chest rising up and down, and to continue arguing with the officer. At that point, it was decided that an exit order would be conducted. The officer asked for another car to go to the location, and when the marked cruiser showed up, Mr. XXXeyes widened as if he was shocked. He asked why another car was needed. When officers went to conduct the exit order, Mr. XXXsaid he was not getting out of the vehicle and, at one point, put his hand on the gear as if he was going to flee the stop but noticed he couldn't due to the marked cruiser in front of him. He then requested a PS to the scene, and officers called for a PS, and one responded.

Officers and other officers on scene observed Mr. XXXto start moving all over the vehicle and began to reach to the back seat of the vehicle where there was a backpack on the floor and observed a fanny pack on the back seat. 

When the officer explained what was going on and the reason why an exit order was going to be issued per the PS, a ticket was to be issued. While Mr. XXXwas speaking to officers and the PS, he yelled out that there was no gun in the car when no one asked him.

FIO'd to associate with MV.

Citation Issued.

CK01A (McPherson, Champagnie. P)",0
FC20002963,2020-05-28 17:54:00,WESTMINSTER AVE,ROXBURY,2119,Stopped,Probable Cause, Drugs,Passenger Car/ Automobile,2,1,1,0,2,"E13 DCU drug invest.XXX operator.

XXXthe passenger, summonsed for Distribution Class B.",1
FC24002705,2024-06-29 17:01:00.0000000,,DORCHESTER,2121,Stopped,Probable Cause,Body Worn Camera,Passenger Car/ Automobile,1,1,0,0,0,"T/S for VALs (89/4A - Weaving & 90/9D - Obstructed M/V window tint) of a blue 2014 BMW 328I bearing MA Reg: XXXat the intersection of Columbia Rd & Washington St. 

Operator -XXX(prior F/A, ABDW, 94C - Trafficking) 

XXX was argumentative and confrontational with the Officer as she attempted to explain to him the reason for the stop and did not care to listen or let the Officer speak. XXX repeatedly stated that he feels he is being harassed by police due to his window tint. 

MA Uniform Citation XXXissued. 

FIO'd to associate XXX with M/V. 

B457F (Luciw)",0
FC22000815,2022-03-05 02:50:00,,BOSTON,2119,Stopped,Probable Cause,,Passenger Car/ Automobile,2,2,0,0,0,"Officers stopped black Honda MA Reg: XXXfor VALs at intersection of Cedric St and Langdon St. Operated by registered ownerXXX (prior F/A) with front passengeXXX Both have associations with BBMG associates. Both stated they were in area to attend after hours party at XXXCedric Street.

Verbal warning issued, FIO'd to associate with address.",0
FC23001091,2023-02-28 16:27:00.0000000,NEPONSET AVE,HYDE PARK,2136,Stopped,Probable Cause, Body Worn Camera,Passenger Car/ Automobile,1,1,0,0,1,"Officers stopped MA REG XXXin the area of XXXNeponset Ave for VALs (revoked registration, tint). Operator of the MV identified asXXX(DOB XX/XX/XXXX(prior F/A, 94c charges) . Inventory search of the vehicle yielded negative results. XXXwas allowed to tow the MV privately. 

LK01F (McNulty/DiPiro)",1
FC25005249,2025-09-28 16:15:00,,BOSTON,2121,Stopped,Reasonable Suspicion ," Body Worn Camera, Gang",Passenger Car/ Automobile,2,2,0,0,1,"About 6:15PM, on Sunday, 09/28/2025, T/s of KY REG XXXfor crosswalk violation (89/11) at the intersection of Blue Hill Ave & Quincy St.  Operator initially gave officer the name XXXDOB: XX/XX/XXXX  Further investigation revealed the operator to be former Walkhill Ave associate XXXDOB: XXXcurrently serving 10 years on probation out of Suffolk Superior Court. XXXhas prior charges out of Rhode Island for Armed robbery to wit firearm, Multiple firearm charges, and Conspiracy.   XXXsummonsed to Rox Court for the appropriate charges.     FIOE to assoc relationship.     Kovaleski",1
FC25002581,2025-05-25 00:45:00,MERIDIAN STREET,EAST BOSTON,2128,Stopped,Reasonable Suspicion , Body Worn Camera,Suv (sport Utility Vehicle),1,0,0,1,1,"On Sunday, 05/25/25 at 00:45 hrs., while assisting the G411A Unit, Officer Carey with P#2502394XXXin Day Square, the officers were approached by an unknown Hispanic male and were informed of a person displaying a firearm at XXXBennington Street, East Boston.  With a description of a white Hispanic male parked at that location operating a white Nissan Pathfinder, Officer Carey broadcast that information and Officer Marando responded there to locate a possible suspect.  With body v=camera activated, Officer Marando eventually located a person matching that description parked in his motor vehicle at XXXMeridien Street, (Walgreens Parking lot), in East Boston.  Officer Marando announced the suspect stop over channel # 2 and requested assistance. A frisk of the suspect was made as well as the vehicle he was located inside of. No weapons were located. A query was conducted via CJIS for outstanding warrants to no avail.   The suspect was compliant and walked home to his residential address of XXXBennington Street, #XXXEast Boston. Nothing follows.",1
FC25005530,2025-10-13 09:34:00,SPRING ST,WEST ROXBURY,2132,Stopped,Probable Cause,,Pickup Truck,1,0,1,0,0,"About 9:34 am on 10/13/25, Officers conducted a traffic stop of XXXmotor vehicle at XXXSpring Street.   A CJIS inquiry revealed that MA REG XXXbelonged to a Dodge Ram truck, but the plates were attached to a Ford F-150. XXX stated that he bought the truck for his company ( Stone Base Masonry and Waterproofing).   Vehicle towed for the attached plates",0
FC24000355,2024-01-27 01:06:00.0000000,,DORCHESTER,2121,Stopped,Intel,Body Worn Camera,Passenger Car/ Automobile,2,1,0,1,0,"TS For Failure to use Turn Signal and Excessive Tint on Ma Reg: XXX
Operator identified as XXX (Prior F/A) on Bop 

Passenger Identified as XXX 

All parties were cordial with officers throughout the entirety of the stop

Verbal warning issued

Fioe to associate subjects with M/V

C111A Bailey/Champagnie, P",0
FC23001862,2023-04-09 03:20:00.0000000,DORCHESTER AVE,DORCHESTER,2124,Stopped,Reasonable Suspicion ," Section 12/35, Body Worn Camera",Passenger Car/ Automobile,1,1,0,0,1,"Officers stopped XXX after a fight/person with a gun call at the Bowery Restaurant XXXDorchester Avenue). (232027323) XXXwas identified as a suspect that threatened to retrieve a firearm and shoot up the restaurant after a physical fight outside the restaurant. No firearm was actually observed on scene. 

XXXattempted to flee from officers and parked MA REG: XXX(Red Ford Fusion) in a random driveway. Officers were able to locate the suspect shortly after where he and the vehicle was frisked to no avail. XXXwas extremely hostile and erratic on scene.

XXXhas a lengthy criminal history involving firearms, drugs and violent crimes. XXXwas convicted for a stabbing in the past and boasted how he would do it again. He was ultimately placed on a section 12.

XXXalso has a history of making violent threats involving firearms at other restaurants/bars throughout the city. (I#232025069). A-1 Detectives notified. 

FIO to associate XXXwith MV. 

H104A - Keohan/Donlon",1
FC23000685,2023-02-05 21:25:00.0000000,BLUE HILL AVE,BOSTON,2124,Stopped,Probable Cause," Body Worn Camera, Gang",Passenger Car/ Automobile,2,2,0,0,0,"T-Stop for VALS (Failure to stop for red light) at XXXBlue Hill Ave on MA Reg XXXofficers came in contact with the driverXXX (Active Heath St & Prior F/A's) and passenger XXX (Active Heath St-Prior 94C). XXXstated he was headed to his aunt's home on Browning Ave. XXXwas issued a verbal warning, FIO'd and released.



CG01F (Villanueva/Garvey)",0
FC21001623,2021-04-27 16:45:00,,BOSTON,2124,Stopped,Probable Cause,,Pickup Truck,1,0,1,0,0,"On Tuesday April 27th, 2021 at approximately 3:00 pm while working a paid detail Officer Villanueva had an encounter with XXX and an unidentified passenger. The officer observed MA Reg XXXturn right onto Talbot Ave from Blue Hill Ave from the middle lane instead of being in the far right lane which caused him to slightly be in the opposite lane of traffic on Talbot and side by side with the vehicle making the proper right turn. XXXimproper right turn also is a violation of MGL 90/14 (Improper Right Turn from the wrong lane). The officer approached XXXto issue a verbal warning when his passenger an unidentified light skinned hispanic male began to shout obscenities at the officer. XXXthen began to shout and make verbal threats to the officer to do physical harm. At this time XXXwas blocking traffic from progressing forward onto Talbot Ave and was warned to continue on or he would be arrested for Disorderly Conduct. XXXentered his vehicle shortly after and continued forward. The officer later learned that XXXis an employee at Always Open Towing.",0
FC23004185,2023-08-30 03:15:00.0000000,PLAYSTEAD RD,DORCHESTER,2125,Stopped,Probable Cause, Body Worn Camera,Suv (sport Utility Vehicle),5,0,0,5,0,"Officers conducted a subject stop of 5 parties seated in RI Reg XXXin the parking lot of Playstead Park directly adjacent to a ""No Trespassing"" and ""No Loitering"" sign. All parties stated they were from Providence and drove to Boston to ""see the beach."" Officers identified the followingXXX - Prior drug charge in RIXXX- Prior F/A charge in RI

Also identified: XXX.

Officers advised all parties to vacate the area.

HK01A (MacLeod/Ruane/Keohan)",0
FC24004597,2024-11-16 00:00:00.0000000,ELLINGTON ST,DORCHESTER,2121,Stopped,Probable Cause,Body Worn Camera,Suv (sport Utility Vehicle),2,1,1,0,0,"Officers attempted to conduct a traffic stop of a gray Honda Cr-v (Ma reg: XXXfor VALS. As officers approached the vehicle, the operator took off at a high rate of speed down the wrong way of Ellington Street towards Erie Street. Officers eventually located the vehicle unoccupied in front ofXXX Ellington Street. Officers located the Identification inside the vehicle belonging to XXX (numerous prior F/A, armed robbery, 94C). Officers were able to identify with the ID found inside the vehicle with the operator. The registered owner of the vehicle isXXX who resides at XXXDevon St. 

FIO to associate XXXwith XXXand the address.

McLaughlin/Fantaroni",0
FC24001771,2024-04-24 12:10:00.0000000,,BOSTON,2124,Stopped,Reasonable Suspicion ,Body Worn Camera,Passenger Car/ Automobile,1,1,0,0,1,"Traffic Stop of MA Reg# XXXfor VALS (90:9D) at Blue Hill Avenue and Westview Street.

Officers observed the vehicle operating at Harvard Street and Greenock Street and appear to take notice of Officers presence, speeding up and taking a sharp right hand turn onto Paxton Street before conducted a U-turn at Blue Hill Avenue and Westview Street where Officers stopped the vehicle.

Operator: XXX(Open Human Trafficking charges, prior Kidnapping on BOP). 

XXXgrabbed an unknown item that was creating a bulge in his front left jacket pocket multiple times.

Pat frisk of XXXand vehicle yielded negative results.

FIOE to associate XXXwith vehicle.

Written warning issued.

C113D (Meaney & Cox)",1
FC22001306,2022-04-05 14:45:00,ROBESON ST,BOSTON,2130,Stopped,Probable Cause,,Passenger Car/ Automobile,3,3,0,0,1,"4/5/2022

Rossmore Rd / Forest Hills St TS XXXoperated by Heath St XXX. XXXwas placed under arrest for PC regarding domestic and robbery charges. The vehicle is registered to XXX. XXXreported the vehicle was a rental. 

4/4/2022 

1 Schroeder Plaza TS MAREG# XXXoperated by Mission gang member XXX. XXX placed under arrest for warrants. Vehicle registered to XXX.XXX reports vehicle was rental.

Should be noted an active feud amongst Mission Hill and Heath St gang members. Registered owner XXXhas an extensive BOP including a Murder charge which was a NG.

VK04",1
FC23005611,2023-11-29 02:59:00.0000000,,BOSTON,2124,Stopped,Probable Cause, Body Worn Camera,Passenger Car/ Automobile,2,2,0,0,2,"T/S for VALS of MA REG: XXX(Blue Volvo) in area of Washington st/Dunlap st.

Operator: XXXXXXPassenger: XXX- Past Charges include: Numerous Armed robberies (Gun), ABDWs (Gun), Home invasions, Carjackings, and 94c charges.

Officers observed Mr. XXXmaking numerous ducking motions under his seat when stopped (to the point officers could not see Mr. XXXand the passenger XXX making many reaching movements. 

Both parties and vehicle pat frisked yielding negative results.

Mr. XXXstated he was at XXXCorona St. and Mr. XXXasked for a ride. Mr. XXXsaid he did not know who Mr. XXXwas, but willingly gave him a ride. Mr. XXXstated that he wanted Mr. XXXto leave the vehicle. 

Mr. XXXstated Mr. XXXwas his brother, and that Mr. XXXwas soft. Mr. XXXstated that there were 10 chopped up hookers in the trunk of the vehicle, along with other bizarre statements. Mr. XXXstated he would leave the vehicle and walked away from the scene.

CXXXIS inquiry revealed no active warrants between both parties.

Mr. XXXissued written warning, and left the area. 

H415A (Patterson/Donlon), H102A (Beshay/XXXoyce), H103A (XXXohnson/Rodriguez), H425A (Kennedy)",1
FC23000361,2023-01-17 12:12:00.0000000,COLUMBIA RD,DORCHESTER,2125,Stopped,Probable Cause, Body Worn Camera,Passenger Car/ Automobile,2,2,0,0,0,"Traffic stop for expired registration sticker (90:20), vehicle (MA:REG XXXdriven byXXX (DOB: XX/XX/XXXXat XXXColumbia Road. 

Operator identified asXXX prior firearm charges on BOP.

Officers observed passenger, XXX (DOB: XX/XX/XXXXnot wearing a seatbelt (90:13A). Officers observed two additional unknown male passengers in the back seat. 

Officers confirmed on CJIS for active registration and Driver License. 

Verbal Warning issued. FIOE to associate driver with MA:REG XXX

B610D (Paredes/McPherson)",0
FC23002784,2023-05-31 21:16:00.0000000,,BOSTON,2111,Stopped,Probable Cause, Body Worn Camera,Passenger Car/ Automobile,1,0,1,0,0,"About 9:16pm, on 05/31/23, traffic stop for VALs on a 2018 Honda Accord (NY REG# XXXat Essex St. & Surface Rd., Boston.

Driver identified asXXX (DOB XX/XX/XXXXpreviously FIO'ed in relation to suspicious activity and package thefts in Georgetown.

Verbal warning issued.

A102F (Marchand/Hiltunen)",0
FC20004152,2020-08-11 01:05:00,,BOSTON,2119,Stopped,Intel,,Passenger Car/ Automobile,2,2,0,0,0,"About 0105, on Tuesday, 08/11/2020, Officer Peguero of the D411A, conducted a traffic stop of a black 2015 Honda Accord (MA XXXat the intersection of Washington St. and Melnea Cass Blvd.

 The operator was XXXXX/XX/XXXXand the front passenger wasXXX XX/XX/XXXXThe M/V was observed traveling inbound on Washington St./ Melnea Cass Blvd towards District B2. The operator was stopped and cited for defective headlight (Passenger) and no license in possession. Both Parties are known associated gang members of Lenox.",0
FC24003274,2024-08-10 00:00:00.0000000,GREENDALE RD,MATTAPAN,2126,Stopped,Probable Cause,Body Worn Camera,Passenger Car/ Automobile,2,2,0,0,2,"Radio Call for a person with a gun at XXXGreendale Rd. Upon arrival, officers observed XXX (Prior F/A) andXXX leaning on the outside of a black Honda Accord (Ma Reg# XXXA pat frisk of the individuals and motor vehicle revealed a loaded firearm magazine recovered from the center console. See (I#242066478)

FIO to associate both parties and m/v.

Fantaroni/Araujo.",1
FC21004732,2021-12-15 03:00:00,,BOSTON,2119,Stopped,Probable Cause,,Passenger Car/ Automobile,2,2,0,0,0,"TS at 3AM for VALS (Headlight and dark tints) on MA REG XXX

Officers spoke to the operator later identified asXXX Front passenger identified as XXX. XXXstated that he was returning home (Chelsea) from grabbing food in Roxbury. XXXstated that he was a shooting victim from an incident that took place earlier in the year. XXXwas cordial with officers.

FIOE Completed. D431A (Mariam) and D415A (Allen)",0
FC20001119,2020-02-14 15:00:00,,BOSTON,2125,Stopped,Probable Cause," Body Worn Camera, Gang",Passenger Car/ Automobile,1,1,0,0,0,"Traffic Stop in the area of Dudley St. & Magnolia St. for Violation of the Auto Laws.

Operator - XXX - Active Woolson - Firearm Offenses/ 94C Offenses on BOP

Issued Warning, FIO'd for Intel",0
FC24004229,2024-10-23 20:05:00.0000000,,DORCHESTER,2125,Stopped,Probable Cause,"Body Worn Camera, Gang",Passenger Car/ Automobile,1,1,0,0,1,"T/S Columbia Road and Bird Street on a gray Acura (MA REG XXX for marked lanes violation.

Op -XXX (XXX Associate) 

While traveling down Columbia Rd officers observed the vehicle cut through all 3 lanes of traffic and turn onto Bird Street. Officers activated the lights and sirens, the vehicle stopped briefly before accelerating until coming to a stop at Hancock and Bird. Officers approached and observed the subject with both hands between his legs reaching under the seat. Officers ordered him to show his hands which he complied with, the subject was then shaking uncontrollably. A pat frisk of the vehicle was conducted for weapons yielding negative results. Once the pat frisk was complete, officers identified the operator asXXX (XXX associate). 

Subject told officers the reason he was shaking was because something just happened at home that made him extremely upset. 

Citation issued XXX
FIO to associate with vehicle.

B102 DeLuca/Donovan & E. Wood B416F",1
FC24004458,2024-11-09 00:00:00.0000000,GREENWOOD ST,DORCHESTER,2121,Stopped,Probable Cause,Body Worn Camera,Passenger Car/ Automobile,2,2,0,0,0,"T/S of MA Reg XXXfor equipment violation (broken tail light) in the area of XXXGreenwood St. Operator identified asXXX and front Passenger XXX (multiple 94c offenses).

The Operator was cordial with the Officers during the interaction; however, the Passenger seemed annoyed by the Officers. The Operator said that the Passenger acts like that on a regular basis.

Written warning issued.

FIO to associate the Operator with the Passenger and the motor vehicle.

Araujo/Smigielski",0
FC25000359,2025-01-25 03:11:00,ENTERPRISE ST,DORCHESTER,2125,Stopped,Probable Cause," Body Worn Camera, Other Agency/Unit Notified",Passenger Car/ Automobile,2,2,0,0,0,"About 3:00AM on Saturday,1/25/25 Officers Bartley/Benoit in the F201A along with the FT55/Lepore FK01A Hill/Walsh responded to a radio call for Investigate Person at XXXEnterprise St, Dorchester. Officers were given the following cad notes  CLR STS THAT HE WAS AWAKENED BY CAR ALARMS GOING OFF  CLR STS THAT HE SEES A WHITE SEDAN IDLING AT THE LOCATION  MV HAS A SMALL BLACK SUNROOF / CLR DOESNT HAVE FURTHER DESCRIPTION OF THE WHITE MV  HEADLIGHTS OF THE MV ARE ON  Upon arrival officers observed a vehicle matching the description parked on Enterprise St. Officers encountered two occupants in the vehicle inside of a White BWM bearing MAREG XXX(XXXDOB XX/XX/XXXXand XX/XX/XXXXOfficers observed open container of alcohol on the passenger and a strong odor of marijuana and smoke emanating from of the vehicle on approach. Officers had both subjects step oy the vehicle and performed a frisk of the car. Officers Performed a CJIS inquiry on both subjects which produced negative results. Both subjects stated that they were staying at the Hilton on XXXBoston ST. Officers advised both subjects they were to subject to arrest but that they would be FIO'd and released. Verbal warning issued for VALS. Officers played the area and didn't observe and signs of break-ins.",0
FC20006126,2020-12-28 00:51:00,,BOSTON,2118,Stopped,Reasonable Suspicion , Body Worn Camera,Passenger Car/ Automobile,1,0,1,0,1,"Traffic stop conducted for VALs (Red light violation) of a Black GMC SUV (PA REG: XXXOperator identified as XXX (DOB: XX/XX/XXXXOfficers observed XXXto be exhibiting nervous behavior throughout the traffic stop. 

XXXcould only produce an active Dominican Republic driver's license and stated he was on probation. Several open trafficking (Fentanyl) drug charges on BOP out of Suffolk Superior. 

Party and vehicle frisked with negative results. FIO'd and released.

D201A (Montero/Hassan)",1
FC20005461,2020-11-06 01:38:00,BOSTON ST,DORCHESTER,2125,Stopped,Reasonable Suspicion ,,Passenger Car/ Automobile,2,0,2,0,2,"Officers conducted a M/V stop of a white Cadillac pick up truck (WI REG XXXin the area of 69 Boston Street (Holiday Inn Express). The operator was identified asXXX (DOB XX/XX/XXXX). The passenger was identified as XXX (XX/XX/XXXX). Officers observed that Mr. XXXhad his belt undone and the fly to his pants open. Officers also observed an empty plastic bag of what Mr. XXXstated use to contain cocaine. Mr. XXXstated that he was in the area looking to buy more Cocaine. FIO'D and released. 

Officers believe XXX is a common nightwalker that frequents the area. 



Keddy/McCarthy F201A",1
FC21002810,2021-07-23 20:07:00,HARRISON AVE,BOSTON,2111,Stopped,Reasonable Suspicion ,,Passenger Car/ Automobile,2,2,0,0,0,"TS for VALs on temporary TX XXXOperator was XXX (DOB XX/XX/XXXXactive Woodward associate). Passenger was girlfriend,XXX (DOB XX/XX/XXXX

XXX stated he lives in Texas and was in Boston visiting his mother and girlfriend. Provided TX address XXXBoca Chita Road, Livingston, TX"" (does not exist). Consented to vehicle search, yielding negative results. 

XXX was stopped in A1 on 4/8/21 in same vehicle but different temporary TX registration XXXDuring that stop, stated he had just moved back to Boston (FIOE #FC21001389). 

FIOE for intel.",0
FC23001474,2023-03-21 22:45:00.0000000,,BOSTON,2121,Stopped,Reasonable Suspicion , Body Worn Camera,Passenger Car/ Automobile,3,0,3,0,0,"T stop for red light violation at Warren and Carlisle streets.

Operator identified as XXX (F/A, assault to murder on BOP)

Passengers - XXX XXX - no significant BOP entries



Mr. XXXstated that him and XXXare brothers and continued to be confrontationall with officcers.

Fio'd amd released. Verbal warning issued.

BK01F/BK02F

OBRIEN/KERRIGAN/CUBARNEY/BERTOCCHI",0
FC25001528,2025-04-09 19:42:00,WENDOVER ST,DORCHESTER,2125,Stopped,Probable Cause," Body Worn Camera, Gang",Passenger Car/ Automobile,3,3,0,0,1,"About 7:42 PM, Wednesday, April 9, 2025, Officer D. Kennedy, assigned to the B411F, observed a new model KIA (Cali Reg XXXoperating without headlights on Dudley Street. Vehicle was stopped and Driver was identified as XXX) and the passenger was identified as XXX (front passenger) and XXX (rear passenger).   XXXwas arrested due to a default warrant out of East Boston District Court. CJIS revealed XXXhad open charges for F/A, both out of Roxbury District Court. XXXwere released from the scene.  The BK02F (P.O. Gannon, P.O. Bertocchi, & P.O. Gelinas) assisted.",1
FC25003701,2025-07-14 00:00:00,VAUGHAN AVE,DORCHESTER,2121,Stopped,Probable Cause, Body Worn Camera,Passenger Car/ Automobile,3,3,0,0,1,"Officers stopped XXX (open f/a) at XXXVaughan Ave in relation to a fight call. XXXwas extremely worked up and uncooperative with Officers on scene. XXXabruptly put his hands in his pockets and refused to take them out, a pat frisk was conducted yielding negative results. XXXwas accompanied by his father (XXX who was attempting to take XXXhome.XXX was operating MA REG: XXX  XXXis in a relationship withXXX, who resides at the above residence in apt XXX.  FIOE to associate the parties with the address.  H104F (Swanson/Ruane)",1
FC20000475,2020-01-20 00:41:00,,BOSTON,2121,Stopped,Intel, Body Worn Camera,Passenger Car/ Automobile,3,1,2,0,3,"About 12:41 AM on Monday, 01/20/2020, Officers conducted a traffic stop of a 2000 Gray Audi A6 (MAXXX at the intersection of Normandy Street and Devon Street for no inspection sticker. 

Operator: XXX, Active VnF with multiple drug charges and F/A charge on BOP. 

Front seat passenger:XXX. Minimal BOP

Rear seat passenger:XXX Active VnF with multiple drug charges and F/A charge on BOP.

XXX stated that he has a permit only and non of the other passengers had an active drivers license. All parties were removed and pat frisked as well was the motor vehicle with negative results. The motor vehicle was parked and XXX was advised of the driving restrictions of a permit. 

FIOD and released. 

B101A (Beauchemin/Ennis)",1
FC23001495,2023-03-22 19:55:00.0000000,,BOSTON,2128,Stopped,Intel,,Passenger car,1,1,0,0,0,"T Stop of MA REG: XXXfor VAL XXX, Going the Wrong Way) at Feywood Ave/ Crestway St, East Boston. 

Driver: XXX 

Vehicle rented through “Ean Holding LLC.”

BOP- Larceny, trespassing, resisting arrest and ABPO

FIOE’d to associate M/V with the individual.

GK01F (Nepomuceno-Mateo/Nedio)",0
FC24002508,2024-06-14 00:44:00.0000000,,BOSTON,2124,Stopped,Intel,Body Worn Camera,Suv (sport Utility Vehicle),1,1,0,0,0,"TS on Ma Reg: XXXfor 90/7 

Operator Identified as XXX (Prior F/A & 94c)

XXXwas cordial with officers throughout the entirety of the stop 

Verbal Warning issued 

FIOE'D to associate XXXwith M/V

C112A ( Bailey / Milien)",0
FC23000497,2023-01-24 17:59:00.0000000,PROVIDENCE ST,HYDE PARK,2136,Stopped,Probable Cause," Sex Offender, Homeless, Warrant Arrest, Body Worn Camera, Other Agency/Unit Notified",Suv (sport Utility Vehicle),1,1,0,0,1,"Warrant Arrest of XXX in the area of XXXProvidence St. XXXstated he had been living in RI Reg. XXXand usually parked in that area. XXXalso stated to officers that he had been working at Kelly's Liquors (871 Hyde Park Ave.) usually working 9am-3pm.

LK01F (DiPiro/McNulty)",1
FC21002527,2021-07-07 01:28:00,,BOSTON,2118,Stopped,Probable Cause,,Passenger Car/ Automobile,1,1,0,0,0,"TS for VALS on MA Reg# XXXat 1:15 AM in the area of Mass Ave. and Gerard St. 

Registered owner XXX DOB: XX/XX/XXXXis the son of the operator who is identified as XXX (DOB: XX/XX/XXXX

XXXtook off from the T-Stop on Gerard St. and officers lost site of him in the area of E Cottage St. XXXwas operating a motor vehicle on a revoked license. 

XXXis an active Hendry St associate and has multiple F/A and Drug related charges on his BOP. 

XXXwas summonsed to court. 

FIOE completed. D103A (Mariam / Galvin)",0
FC23002458,2023-05-11 21:20:00.0000000,,ROXBURY,2121,Stopped,Probable Cause, Body Worn Camera,Suv (sport Utility Vehicle),1,1,0,0,0,"T/S for VALS (Stop Sign) on a White 2019 Volkswagon Tiguan (MA REG: XXXat Townsend and Walnut.

Vehicle comes back registered to XXX (DOB: XX/XX/XXXX
Operator identified as XXX (Prior F/A and multiple 94C)

XXXwas verbally combative with Officers and ultimately displayed the rental agreement through ""Get Around"" car rental service. 

FIO to associate with m/v.

B104F (Gilmore/Ryan)",0
FC23003273,2023-07-01 02:05:00.0000000,,DORCHESTER,2124,Stopped,Probable Cause," Body Worn Camera, Gang",Passenger Car/ Automobile,1,1,0,0,0,"Officer observed fireworks going off in the area of Ansel Rd and Ashton Rd at approximately 02:05am. Officer observed a group of black males on Ansel Rd with used fireworks boxes in the middle of the road and spoke with the group. The group was cordial and stated they would not be setting off any more fireworks. Officer was able to identify XXX DOB XX/XX/XXXX(previous F/A & 94c and previous FIO's with Active Lenox members) and observed XXXleave the area in MA REG XXX(2013 Gray Cadillac CTS) which is registered to him.

FIO'd for Intel Purposes

CG01A (Kennedy)",0
FC21003098,2021-08-12 19:00:00,,BOSTON,2119,Stopped,Reasonable Suspicion ,,Passenger Car/ Automobile,1,1,0,0,0,"About 6:57PM on 08/12/2021, Officers Gilmore and O'Malley in the B103F were driving on Warren St and observed a gray Chevrolet Malibu (MA Reg: XXXwith heavy tint on the windows. Officers noticed the tint was above the legal limit through their personal experiences. The vehicle then pulled onto Savin St. Officers activated their emergency lights to conduct a traffic stop. Officers observed the driver, later identified asXXXXX/XX/XXXXstep out of the vehicle. Officers then informed XXXas to why he was being stopped.

Officers conducted a CJIS query which came back to registered owner XXX

Officers found that XXXis an known Annunciation Road associate through the Boston Police Gang Assessment Database.

It should be noted it was daylight and due to the heavy tint officers could not tell how many occupants were in the vehicle.

Officers gave XXXa verbal warning for his illegal tint. 

B104F Gilmore/O'Malley",0
FC24000197,2024-01-13 15:10:00.0000000,,DORCHESTER,2122,Stopped,Intel,Body Worn Camera,Passenger Van,2,1,0,1,0,"T/S of MA REG XXXat Geneva and Westville in relation to a XXXXXX identified as XXX stated her grandson XXX routinely uses the vehicle.XXX was the suspect in today's incident at XXXWestville St.XXX also has an active warrant.

FIO'd to associate with m/v.

H435D (E. Foley)",0
FC20001147,2020-02-16 12:55:00,,BOSTON,2125,Stopped,Intel, Body Worn Camera,Passenger Car/ Automobile,1,1,0,0,1,"About 12:55pm on Sunday, 02/16/20, while patrolling the area a motorist flagged down officers directing them to an unknown motor vehicle idling at the above intersection causing traffic. 

Officers encountered,XXX(Active: Forest Hills Pistons Member) who has prior F/A and Distribution Class A Charges on his BOP operating a 2004 White Acura TL (Ma Reg: XXX
Both operator and vehicle frisked yielding negative results. Verbal warning given.

FIO'd and released. BWC activated.

H104D (Connolly/Malone)",1
FC22002264,2022-05-31 01:00:00,HARRISON AVE,BOSTON,2118,Stopped,Probable Cause,,Passenger Car/ Automobile,1,1,0,0,1,"At about 01:00 hours on Tuesday, May 31, 2022, the Youth Violence Strike Force officers conducted a traffic stop of MA Reg XXXfor vals (tinted windows) at 771 Harrison Ave. 

As Officers approached the said motor vehicle, they (officers) were met by a very aggressive individual/operator, which was later identified asXXXMr. XXXrefused to provide officers with his information and decided to exit the motor vehicle. It should be noted that officers made multiple attempts to inform him of the reason for the stop. A few minutes later, Mr. XXXprovided officers with his information. Officers verified his information through CJIS and learned that his driver's license was suspended. Due to Mr. XXXbehavior on the scene, combined with his BOP (multiple firearms) and being an active BYG gang member, officers feared that a weapon may be present and decided to conduct a pat frisk of his person and the motor vehicle. The frisk yield negative results. Mr. XXXwas FIO'ed and released.",1
FC23001695,2023-03-31 17:00:00.0000000,DORCHESTER AVE,DORCHESTER,2124,Stopped,Reasonable Suspicion , Body Worn Camera,Suv (sport Utility Vehicle),4,4,0,0,2,"Drug Invest XXXDorchester Ave

Multiple community complaints regarding a gray BMW (MA REG XXXand the use and sale of illegal narcotics.

XXX was in possession of the vehicle.XXX (attempt murder/94c) was the passenger. 

Both parties and vehicle frisked yielding negative results.

Both XXXand XXXwere respectful and compliant throughout the stop.XXXand IsXXXwere present during the stop, XXXwas verbally aggressive and informed Officers of his dislike for them.

Search of the surrounding area for any discarded items yielded negative results.

FIO'd to associate with m/v.

HK01F (E. Foley/O. Russell)",1
FC22001197,2022-03-29 20:02:00,BLUE HILL AVE,MATTAPAN,2126,Stopped,Probable Cause,,Passenger Car/ Automobile,1,1,0,0,1,"T-Stop for vals (speeding/attached plates) on a Gray 2007 Honda Civic XXXplate XXXofficers made contact with the driver XXX (Prior F/A & B&E). During the inventory of the vehicle it should be noted that there were several opened and empty bags of Apple merchandise that had different addresses than what XXXprovided officers, varying addresses throughout the city. Also it should be noted that they were all addressed to different names. The officers verified through Mark43 if there were any active reports involving the names on the packages and couldn't locate anything. Vehicle was towed, plates seized and XXXwill be summoned to Dorchester Court. FIO'd for intel purposes.",1
FC24001107,2024-03-11 09:55:00.0000000,HARVARD ST,DORCHESTER,2121,Stopped,Probable Cause,Body Worn Camera,Suv (sport Utility Vehicle),1,0,1,0,1,"T/S for VALs (90/7 - equipment violation) at XXXHarvard St.

Operator: XXX(previous F/As, trafficking class A)

Observations on scene led to a pat frisk of XXXperson and vehicle with negative results.

Verbal warning issued.

FIO to associate with vehicle.",1
FC24002925,2024-07-17 21:57:00.0000000,,ROXBURY,2119,Stopped,Probable Cause,,Passenger Car/ Automobile,2,2,0,0,0,"In relation a BOLO for ADW Gun (Ref: I242052103)

T-Stop MA Reg: XXX-White Chrysler 300

Operator: XXX 

Passenger:XXX (94C)

XXXstated she is the registered owner of the vehicle and is often the operator. She stated that she works as a laborer during the day but would not provide further information as to whom may also operate the vehicle.

XXXstated XXXhad just picked him up from the airport and that he works security for New Edition.

FIO'd and released.

B2 Detectives Notified.

BK03F (Bertocchi/O'Brien/Kerin) B616F (Holmes)",0
FC23005741,2023-12-08 19:45:00.0000000,,BOSTON,2121,Stopped,Reasonable Suspicion ," Warrant Arrest, Body Worn Camera",Passenger Car/ Automobile,4,4,0,0,4,"About 7:45 PM on Friday 12/8/23 Officers observed MA REG XXXa brown 2019 Buick Regal traveling at a high rate of speed (MGL 90/17) up Elm Hill Avenue towards Seaver Street. Traffic Stop conducted at Elm Hill Avenue and Crawford Street.

Operator:XXX XX/XX/XXXXRecent Prior F/A and Home Invasion.

Front Passenger: XXXB: XX/XX/XXXXPrior F/A

Rear Passenger: XXX (DOB: XX/XX/XXXX
Due to the recent F/A charges, nervous behavior by both XXXand XXXto include shaking, indirect responses to officers' questions, and unusually quiet in tone when responding Officers issued an exit order. Frisk of m/v yielded a knife recovered from XXXjacket no further weapons recovered.

Citation to be mailed for VAL XXX",1
FC21002977,2021-08-03 18:10:00,WASHINGTON ST,JAMAICA PLAIN,2130,Stopped,Reasonable Suspicion ,,Passenger Car/ Automobile,1,1,0,0,1,"At approximately 6pm on Tuesday 08/03/21, Sgt Det Evans and E-13 Drug Control Unit were in the area of Oakdale St in Jamaica Plain due to recent citizen complaints of drug dealing that was taken place in the area. 

While in the area Sgt Det Evans observed a blue Honda Accord (Mass Reg XXXpark on the Oakdale St/ Oakdate St. A short time later a small silver sedan pulled onto the middle of the street and stopped. A Hispanic male driver of Mass Reg XXXexited his vehicle and approached the drivers side window of the silver sedan. Sgt Det Evans observed a hand to hand transaction between the driver of the silver car and the Hispanic male operator of the blue Honda Accord. 

 After the exchange, the two vehicles went opposite directions on Oakdale St. E-13 DCU members were not able to locate the silver sedan but were able to follow the blue Honda accord. Officers believing they observed a drug transaction utilized Channel 3 to have a marked unit stop the vehicle. Ma Reg XXXwas pulled over by B3 units at Harvard St/ Franklin Hill Ave. 

Sgt Det Evans approached the drivers side of the vehicle and spoke with the operator(XXX. This was the male Sgt Det Evans observed conduct the hand to hand exchange on Oakdale St. Sgt Det Evans askedXXX where he was coming fronm and he stated ""the gym."" Sgt Det Evans asked him if he had met with anyone else along the way to which he stated ""no."" Sgt Det Evans informed him that that was untrue because he had just watched him meet with someone on Oakdale St. Mr. XXXeventually admitted he did meet with someone and sold him a Craze Max Nicotine pack for 140 dollars. 

Officers then searched the vehicle and observed several packs of Craze Max Nicotine Packs along with packs of Marijuana Extract. 

Also in the vehicle was XXX XX/XX/XXXX
Both parties were released no items were seized.",1
FC24001511,2024-04-05 16:57:00.0000000,,BOSTON,2119,Stopped,Reasonable Suspicion ,Body Worn Camera,Suv (sport Utility Vehicle),1,1,0,0,1,"About 5:00PM, on Friday, 04/05/2024, T/S for taillight violation at the intersection of MLK Blvd / Warren Ave. 

Operator identified as XXX (DOB: XX/XX/XXXXBOP - Prior F/a, Armed robbery, open ammunition).

XXXremained extremely hyper vigilant while officer was conducting a CJIS inquiry in his police vehicle. In addition, XXXhad a backpack stuffed underneath his feet which he was not able to provide a reason for. Due to the previous mentioned observations, along with his history surrounds firearm violence, in addition to numerous other observations on scene, an exit order was conducted. Nothing of evidentiary value recovered. 

At the end of the traffic stop, XXXwas understanding of the reason for the exit order and expressed his appreciation for the written warning for the taillight violation.

MA Uniform Citation through MACCS.

Kovaleski / Kadey",1
FC23005709,2023-12-06 08:44:00.0000000,TREMONT ST,BOSTON,2111,Stopped,Probable Cause,,Passenger Car/ Automobile,1,0,1,0,0,"About 08:44 Officers Li and Kozub is the A437D made a traffic stop for VALS at XXXTremont St. 

Officers initiated a traffic stop of a White Nissan Maxima (MA Reg: XXXdue to obstructed license plate (c90 S6). The motor vehicle had tinted license plate covers in the front and back. Officers performed a CJIS inquiry and found that the driver XXX) had a suspended drivers license (c90 S23). The driver informed officers he was unaware of his suspension. The driver was allowed to secure his vehicle inside of the parking garage at XXXTremont St and issued him a verbal warning for both VALS. The driver informed officers his wife was coming to take custody of the vehicle.",0
FC23004201,2023-08-30 22:15:00.0000000,,BOSTON,2116,Stopped,Probable Cause, Body Worn Camera,Passenger Car/ Automobile,1,1,0,0,0,"T Stop  for vals (Speeding and fail to stop at stop sign 89.9) on MA Reg: XXXin Public alley 542

Officers identified the operator asXXX XX/XX/XXXXFront seat passenger was an unidentified black male in his mid 20s. Both parties extremely hostile during interaction. 

FIOed to associate with rental vehicle

DK01F (Lonergan/Murphy)",0
FC21002447,2021-06-30 11:05:00,,DORCHESTER,2124,Stopped,Reasonable Suspicion ,,Passenger Car/ Automobile,5,5,0,0,5,"Officers observed MA reg XXXoperating with excessive tint, make a left turn from Lucerne St on to Winston Rd then accelerating at a high rate of speed. 

For intel purposes, On June 20th out there was a shooting outside XXXWinston Rd at 5:XXXPM involving multiple vehicles. (1) firearm was ultimately recovered.

XXXis registered to Dot Ave associate XXXXX/XX/XXXXXXXhas open F/A cases and a violent criminal history. XXXstated hes ""out of the game"" and is working for a youth program currently. 

Also in the vehicle: 

Front passenger XXXMiddle passenger: XXXt (Heath St)

Middle left passenger: XXX 

3rd row passengerXXX 

All passengers were removed and frisked which is yielded negative results. 

XXXt was confrontational with officers on scene. 

XXXstated he was staying with his baby mother at XXXWinston Rd. 

XXXwas issued XXX and released.",1
FC21003176,2021-08-18 01:41:00,MILLET ST,DORCHESTER,2124,Stopped,Reasonable Suspicion ,,Passenger Car/ Automobile,2,2,0,0,0,"About 01:41 AM on Wednesday August 18th, 2021, Officers in the C202A were in the area of Harvard Street when they observed a gray Honda (MA REG: XXXleaving from the immediate area. As soon as the Operator observed a department cruiser with its emergency equipment activated the vehicle took an immediate left onto Spencer Street, the turned right onto Park Street and then the right back onto Millet Street. 

The Officers conducted a stop of the vehicle and the Officers approached the vehicle which had two occupants. Officers asked the operator of the vehicle (later identified as XXX DOB: XX/XX/XXXXwhen asked where she was headed she stated ""Brighton"" and where she had been prior to the stop she stated ""Mattapan"". A male passenger who refused to identify himself began to yell about the stop. The Officer explained that they had been responding to a shot-spotter during which a shell casing was recovered. Both the operator and passenger continued to yell about being harassed throughout this encounter and refused to answer questions as to where they had been prior to interacting with Officers.",0
FC21004598,2021-12-03 23:49:00,WRENTHAM ST,DORCHESTER,2124,Stopped,Reasonable Suspicion ,,Passenger Car/ Automobile,1,1,0,0,1,"Officers were responded to the area of the shooting on Wrentham St when a description of 3 black males fleeing in a gray vehicle possibly a toyota was seen fleeing the shooting.

Officers observed a Toyota occupied one time (CA XXXfollowing behind a Honda Accord (NH Reg: XXXoccupied at least two times on Dorchester Ave. Officers did a U-Turn to get behind the vehicles when both cut through the 7/11 parking lot at Dot/Gibson St at the same time. Officers activated their blue lights and sirens to further investigate the vehicles. The Honda immediately began accelerating at a high rate of speed ignoring officers sirens and lights. Officers continued to follow the vehicle until the chase was called off by operations. The vehicle was last seen on Ocean Shore Dr in quincy. As officers were returning on the Neponset bridge into Boston officers observed a state trooper behind the toyota on the bridge going into quincy.

 Officers made a U Turn and were able to catch up to the state trooper making the stop around Ring Rd in Quincy. Officers assisted in the traffic stop conducted a frisk of Mr. XXX (Wood Ave, Multiple firearm and robbery convictions). During the stop he got multiple phone calls from XXX

XXXwas FIO'D and released. 

VK10 (Stallings/Starkey/Smerz/Trooper Alldredge)",1
FC20003272,2020-06-14 23:07:00,ELMIRA ST,BRIGHTON,2135,Stopped,Reasonable Suspicion ,,Passenger Car/ Automobile,2,0,0,2,0,"While responding to 24 Elmira for a BE/IP, officers observed MA REG XXXrunning with two occupants outside of 42 Elmira. Officers spoke with both passengers XXXBlack sweatshirt, black sweatpants, thin-beard/mustache; XXXBlue LA Hat, White Sweatshirt, Black Sweatpants) who lived in the area and stated they were ""hanging out"". Negative BOP/Warrants. FIO'd and released.",0
FC22002386,2022-06-06 17:01:00,BLUE HILL AVE,ROXBURY,2121,Stopped,Probable Cause,,Passenger Car/ Automobile,1,1,0,0,1,"About 5:01PM on June 6, 2022, Officer Rodriguez in the B435F conducted a Traffic Stop at XXXBlue Hill Avenue, Roxbury.

 A CJIS Inquiry for MA RE: XXXcame back to a 2021 BMW 330xi. Its registered owner was listed as XXXXX/XX/XXXXwhos License showed as suspendedXXXXXX is an active Charlame 2 associate.

Due to the XXXs non-compliance and combativeness, prior firearm violation, and being in the immediate area of recent Shot Spotter Activations; 06/05/2022 I222041058 05/30/2022 P220237827 05/23/2022 I222037210, A pat frisk of the suspect and immediate area in the vehicle for weapons was done yielding negative results. 

XXX to be summoned for Operating after Suspension.",1
FC20003985,2020-07-29 01:21:00,,BOSTON,2121,Stopped,Probable Cause, Body Worn Camera,Passenger Car/ Automobile,1,1,0,0,1,"Officers observe White Ford Flex (GA Reg: XXXtravelling down Blue Hill Avenue, taking a left turn on to Washington Street, at a speed greater than reasonable. Traffic stop conducted at intersection of Washington Street and Normandy Street.

Operator XXX (St. Joe's Assoc. / Active Suffolk Superior probation for F/A and 94c charges) presented officers with MA ID, stated he did not have active driver's license. Subject removed from vehicle, pat frisked to negative results. Officers did observe a large amount of US currency, in different denominations, in vehicle and on Mr. XXXperson.

Mr. XXXstated that his girlfriend had rented the vehicle, had active MA DL and would be able to respond to operate vehicle. Issued verbal warning for VALs.",1
FC21004237,2021-10-31 18:05:00,,BOSTON,2119,Stopped,Reasonable Suspicion ,,Passenger Car/ Automobile,1,1,0,0,0,"TS for VALS on MA REG: XXXOperator known to Officers asXXX(Active CP2/Creston). XXXwearing XXXinsignia. FIO'd to associate with MV.

-B103F (Cubarney/Bertocchi)",0
FC24002583,2024-06-20 00:00:00.0000000,,DORCHESTER,2124,Stopped,Probable Cause,,Passenger car,1,1,0,0,0,"T stop of a 2012 Black Honda Coupe (MAREG# XXXin the area of Thane St and Harvard St for a stop sign violation. Operator was XXX (DOB: XX/XX/XXXXwho was shot on 06/04/2024. Officers had cordial conversation with XXXwho stated the vehicle was his Dads. Vehicle was originally observed to be driving in tandem with a 2007 Chevy Cobalt (MAREG# XXXWhen asked about recently being shot, XXXoffered his vehicle and himself to be ""searched"". FIOED for intel verbal warning issued and released. 

Coyne / Adams",0
FC25002629,2025-05-27 14:30:00,,DORCHESTER,2124,Stopped,Reasonable Suspicion ,,Passenger Car/ Automobile,1,0,0,1,0,"T/S of NY REG: XXXat Blue Hill Avenue and Balsam Street for 89/9 (red light violation) and 90/17 (speeding).  Vehicle is a heavily tinted, black, 2009 Infiniti G37  Vehicle is registered to a XXX(DOB: XX/XX/XXXXof Cambria Heights, New York.  Vehicle fled the stop as soon as officers exited the vehicle.  FIO for officer safety.",0
FC23001820,2023-04-07 18:30:00.0000000,,BOSTON,2128,Stopped,Probable Cause,,Suv (sport Utility Vehicle),2,1,0,1,0,"Officers Maldonado and Guichard (G101F) stopped a Black GMC/YUKON bearing MA REG XXXor obstructed License Plate, Failure to display front plate, excessive tint. In addition, CJIS query revealed the owner of the vehicle, XXX (DOB: XX/XX/XXXXto be of expired license as of 04/16/19. 

Upon the stop, the officers met with the driverXXX (DOB: XX/XX/XXXXand XXXin the passenger seat. The officers conducted a CJIS query of both parties.

It should be noted that XXXhas an extensive BOP and also has been involved in reports where F/As have been confiscated from associates of his. (Refer to I222019351). 

CJIS query revealed no active warrant for neither party. The driver was verbally warned of the violations.",0
FC24000231,2024-01-16 00:43:00.0000000,MARTIN LUTHER KING BLVD,BOSTON,2119,Stopped,Probable Cause,"Body Worn Camera, Gang",Suv (sport Utility Vehicle),1,1,0,0,0,"T/S for Val (Window Tint) on a black 2017 Nissan Rogue MA REG: XXXat XXXMLK Blvd.

Operator: XXXDOB: XX/XX/XXXXActive Heath St, Open F/A.

Scarlett was cordial with officers during stop and stated the vehicle belonged to his girlfriend, and the car was going to be traded in later this week.

Verbal Warning issued.

FIO'd to associate with M/V.

B101A (McPherson, Colpoys)",0
