fc_num,contact_date,street,city,zip,circumstance,basis,key_situations,vehicle_type,sex,race,ethnicity,age,build,skin_tone,was_frisked,narrative
FC20000014,2020-01-02 02:15:00,ESSEX ST,BOSTON,2111,Stopped,Probable Cause,,,Male,Black,Not of Hispanic Origin,35.0,Stocky,,0,"Officers observed a male trespassing in the rear entrance of the 660 Washington St Garage. The individual later identified as XXX and appeared to be smoking something. Officers approached and XXX blew out a large plume of smoke then smashed what was later revealed to be a crack pipe on the ground. XXX informed Officers that he had a degree in Criminal Justice and asked for money to do undercover ""stuff"". Officers ran XXX for warrants to no avail. Prior to departing XXX stated ""You know what they say, once a crackhead always a crackhead."""
FC20000038,2020-01-03 01:00:00,KNAPP ST,BOSTON,2111,Stopped,Probable Cause,,,Male,Black,Not of Hispanic Origin,43.0,Thin,,0,"Officers were traveling down Knapp St when they observed a male sitting down on the ground. The individual was sitting underneath a ""No Trespassing"" and appeared to have the packaging of a crack cocaine on his chest. Officers asked what he was doing to which he stated he was just hanging out. Officers observed him to have cylindrical glass pipe in his right hand which did not have anything resembling crack cocaine in or around it. Officers ranXXXXXXto for warrants to no avail and informed him of his trespass. XXXdeparted the area."
FC20000041,2020-01-03 02:15:00,ESSEX ST,BOSTON,2111,Stopped,Probable Cause,,,Male,White,Not of Hispanic Origin,18.0,Thin,,0,"Officers observed a group under a ""No Trespassing"" sign in the area ofXXX Essex St. This is the rear entrance to the XXX Washington St garage and is utilized on the overnight shift for drug distribution and usage. Officers spoke to XXX who stated he was recently homeless and was just walking around downtown. XXX was ran for warrants to no avail. XXX has a B&E and Poss. Of a Firearm."
FC20000069,2020-01-04 02:00:00,,BOSTON,2121,Stopped,Probable Cause,,Passenger Car/ Automobile,Male,Black,Not of Hispanic Origin,26.0,Thin,,0,"About 2:00am on 01/04/2020, Officers Kelly and Russell assigned to the HK01A conducted a traffic stop at the intersection of Richfield and Barry Street. Officers were conducting surveillance in the above area due to an increase of 911 calls for suspicious persons/vehicles in the area and concerns of drug usage/sales. Officers observed MA REGXXX driving with no headlights on and suddenly change his direction of travel upon sight of the officers. The driver was identified as XXX, who has prior record of firearms and drug possession and sales. Verbal warning issued for vals. FIO'd and released."
FC20000139,2020-01-07 14:25:00,WASHINGTON ST,BOSTON,2108,Stopped,Probable Cause, Drugs,,Male,Black,Not of Hispanic Origin,54.0,Medium,,1,"A1 DCU drug invest 1/7/20 approx 2:25 pm. XXX, acting as a middleman, facilitated the purchase of crack cocaine from XXX, XXX, and XXX for a U/C. XXX, XXX, and XXX arrested following the transaction at the Corner Mall, 417 Washington St. XXX to be summonsed for Dist B and Conspiracy."
FC20000177,2020-01-09 11:56:00,,BOSTON,2118,Stopped,Probable Cause, Body Worn Camera,,Male,Black,Not of Hispanic Origin,58.0,Thin,,0,"While on directed patrol in the Mass Ave and Melnea Cass Area observed XXX panhandling in front of 891 Mass Ave.XXX collected money from a vehicle and walked across the street and took a seat behind an electrical box. Officer know there multiple clearly posted ""No Trespassing "" signs posted. Officers walked over and observedXXX laying on the ground holding 2 orange rubber tubes.The officer ask where he got tube and what was inside it.XXX stated that at XXXneedle exchange he was given the rubber tubes along with ""XXXy"" and ""XXX"".XXX stated that XXX and XXX are put inside the tube to create a screen or filter to smoke ""Rock"". Which officers know their training and experience is Crack Cocaine.XXX stated that XXXwill give you what ever supplies you need to get high. Officers issuedXXX a verbal trespass warning."
FC20000224,2020-01-10 18:00:00,WASHINGTON ST,BOSTON,2108,Stopped,Probable Cause, Drugs,,Male,Black,Unknown,21.0,,,0,"On 01/10/2020, at about 6:00 PM, Officer Ryan was on patrol in the area of 350 Washington Street, when she observed an unknown male rolling some Marijuana. The male was identified asXXX DOB XX/XX/XXXXThe male did not have any active warrants. He was FIO'D."
FC20000267,2020-01-11 00:00:00,MASSACHUSETTS AVE,DORCHESTER,2125,Stopped,Reasonable Suspicion ," Body Worn Camera, Drugs",Passenger Car/ Automobile,Male,Black,Not of Hispanic Origin,22.0,Unknown,,1,"About 1:40 AM on 01/11/20, officers observed XXX operating a blue Nissan MA reg XXX on Mass Ave towards Columbia Road. MV was stopped for excessive tints. MV is registered as a rental and Mr.XXX stated he put the tint on his windows himself. As officers approached there was a distinct smell of marijuana. In plain view was a scale, multiple small plastic bags and the driver stated he had marijuana in his possession. Vehicle was searched and yielded a personal amount of marijuana. Mr.XXX stated he had the bags and scale because his dealer did not carry bags or a scale on his person. When asked why, Mr.XXX stated his dealer did not want to get charged with distribution or trafficking so he asked his ""clients"" to bring them. XXX has a FA charge on his BOP. Hull/ O'Leary F201A"
FC20000311,2020-01-12 14:26:00,WASHINGTON ST,ROXBURY,2119,Stopped,Probable Cause," Body Worn Camera, Drugs",Passenger Car/ Automobile,Female,White,Not of Hispanic Origin,32.0,Medium,,1,"Officers responded to 2275 Washington Street for reports of a female passed out in her vehicle. Officers found XXX slumped over in the driver seat with the keys in the ignition and the vehicle running. Officers recovered an open bag of white rock substance and small plastic bag of tan powder from her lap, along with a lighter and a crack pipe. XXX stated that she was with a ""friend"" that gave her an unknown pill. XXX refused medical treatment and was taken to AHOPE to be monitored for a possible overdose. She was summonsed for OUI drug and Poss Class A&B."
FC20000336,2020-01-12 23:30:00,BOYLSTON ST,BOSTON,2116,Stopped,Reasonable Suspicion , Drugs,,Female,Black,Not of Hispanic Origin,28.0,Thin,,1,"Officers observed a group consisting of 2 unknown black males and 2 unknown black females loitering around the plaza of 2 Boylston Street, an area with a notorious reputation for illegal drug sales. Officers watched as an obvious homeless drug user approached one of the females as they appeared to negotiate a drug transaction. The Officers presence was discovered just before the hand to hand exchange was completed. Officers observed the female and the drug user enter the Downtown Convenience Store and exit quickly within seconds. Officers approached the female and advised her of their observations. The female stated she was in the area because she was “just waiting for a friend.” Officers conducted a pat-frisk yielding no weapons, due to the females continued disregard of the Officers commands to keep her hands out of her pockets. The female gave numerous false names and dates of birth, but eventually gave her true name of XXX (DOB XX/XX/XXXX. A CJIS inquiry revealed thatXXX has a recent 2019 prior guilty distribution Class B charge out of Brockton District Court.XXX was FIO’d for intel. AK01F (McGahan/D’Addieco)"
FC20000426,2020-01-14 11:02:00,,BOSTON,2118,Stopped,Probable Cause," Homeless, Body Worn Camera",,Male,White,Not of Hispanic Origin,40.0,,,0,"Officers Pinto and Finn of the Citywide Bicycle Unit stoppedXXXt at Southampton and Bradston Sts. XXXwas sitting, crouched over, on the Bradston St side of the Universal Church, which has clearly posted No Trespassing signs, and looked as though he was about to inject drugs. Officers have spoken with the owner of the church on numerous occasions, and he has stated that he is fine with people attending his service, but does not want people hanging on the side or in the rear of his property. Officers informed XXXthat he could not sit on the church property, and that he had to leave. XXXstated that he understood. Officer Pinto ran a CJIS query of XXXfor warrants, which yielded negative results."
FC20000365,2020-01-14 13:10:00,,BOSTON,2111,Stopped,Probable Cause, Drugs,,Male,Black,Not of Hispanic Origin,36.0,Medium,,1,"Officer Gamble in the District A-1 DCU, believed XXXto engage in a street level drug transaction. After the transaction, was observed placing a glass tube modified into a crack pipe to his mouth. Officers approachedXXX XXXadvised unit members he already smoked the drugs."
FC20000418,2020-01-16 20:45:00,MASSACHUSETTS AVE,ROXBURY,2118,Stopped,Reasonable Suspicion , Body Worn Camera,Passenger Car/ Automobile,Male,White,Hispanic Origin,29.0,Medium,,1,Female jumped out of the MV (VT Reg: XXX) and ran away after an argument withXXX. Suspect stated that the unidentified female intended to inject heroin due to her withdrawal symptoms. XXX was frisked yielding negative results for drugs. XXX was in possession of a knife and approximately 20 capped syringes. CJIS inquiry resulted in negative results but showed that the suspect has served time for prior drug distribution. Officers canvased the area for the female party but she was not located. -B433F and B432F (Cubarney and Picarello)
FC20000472,2020-01-19 01:30:00,ESSEX ST,BOSTON,2111,Stopped,Probable Cause, Body Worn Camera,,Female,White,,35.0,Medium,Medium,1,"Officers in the A103A assisted a warrant/trespassing arrest in the area of 68 Essex St. Officers later discovered XXX to be in possession of what appeared to be an amount of crack cocaine more than personal use. During the booking process XXX stated she was ""just trying to make a little bit of money"". In the past week XXX was observed with various other indivduals that have a history of drug possession and distribution."
FC20000478,2020-01-19 16:37:00,,BOSTON,2121,Stopped,Reasonable Suspicion ," Drugs, Body Worn Camera",Passenger Car/ Automobile,Male,Black,Not of Hispanic Origin,40.0,Medium,,1,"Officers conducted a traffic stop of MA. Reg. XXX at Columbia Road and Devon Street for speeding. While at the window, Officer observed Mr. XXX place something in the center console and close it quickly. Mr.XXX was not in possession of his license and stated he finished his last delivery for Sun Pizza and had just cashed out, which was the reason for the empty food carriers in his car. Officer observed a small plastic twist in the back seat and a white pill. Mr.XXX was removed from the vehicle and during a frisk, Officers observed an unknown amount of cash in various denominations in both of Mr.XXX's pockets. Officers recovered 3 30mg Oxycodone pills in a small twisted bag inside the center console with more loose bills and observed a new needle in the glove box."
FC20000529,2020-01-22 14:13:00,,ROXBURY,2119,Stopped,Probable Cause," Drugs, Homeless, Body Worn Camera",,Female,Black,Not of Hispanic Origin,58.0,Medium,,1,"About 2:XXX3 p.m. on XXX/22/2020, Officers Romano and Layden conducted a subject stop of Ms. XXX at XXX Taber Street for drug activity. Officers recovered one loose white rock like substance believed to be crack from Ms. XXX who will be summonsed for Possession of Class B."
FC20000535,2020-01-22 18:06:00,AVENUE DE LAFAYETTE,BOSTON,2111,Stopped,Encounter, Body Worn Camera,Passenger Car/ Automobile,Male,Black,Not of Hispanic Origin,32.0,Muscular,,1,"Officers stopped MA Reg. XXX for excessive tint in front of 2 Avenue De Lafayette. Officers made contact with the driver XXX (Prior F/A charges) who stated he was waiting for his girl to get out of work at the above address. Officers observed a open joint of marijuana in the center console and noticed the odor of burnt marijuana. Officers removed the driver and with his permission searched the vehicle. Officers observed 2 cell phones on the drivers seat and a electronic scale in the drivers door as well as a missing panel on the dashboard. A frisk of the driver relieved about $5,000.00 in various banded USC in his jacket pocket. The driver was given a verbal warning and released. The vehicles ownerXXX also has several F/A, Trafficing and Possession with intent on his BOP and is on Probation until 10/01/21 A103F (DiPiro/Brooks)"
FC20000586,2020-01-24 17:00:00,WASHINGTON ST,BOSTON,2108,Stopped,Probable Cause," Drugs, Homeless, Body Worn Camera",,Male,White,Not of Hispanic Origin,34.0,,,0,"XXXr was causing a disturbance inside of the Marshall's in Downtown Crossing, refusing to leave the restroom and doing drugs.XXXr was trespassed from the establishment and was found to have no outstanding warrants.XXXr has over 100 adult arraignments and is well known in the area as a serial shoplifter."
FC20000601,2020-01-25 10:50:00,HAMILTON PL,BOSTON,2108,Stopped,Probable Cause, Homeless,,Male,White,Hispanic Origin,33.0,Thin,,1,"Officers encountered XXX sitting on the steps of XXX Hamilton Place rolling a cigarette of a green leafy substance. Area known for illegal drug use/sale, clearly visible ""No Trespassing"" sign posted on entrance to building. When asked what substance was XXX stated it was ""K2"". Subject checked for warrants to negative results and was advised not to trespass on steps of building any longer."
FC20000613,2020-01-26 16:10:00,,BOSTON,2108,Stopped,Reasonable Suspicion , Body Worn Camera,,Male,Black,Not of Hispanic Origin,53.0,Medium,,0,Officers stopped XXX(XX/XX/XXXX) at Tremont/ Hamilton Place for trespassing and smoking marijuana in public on 01/26/20 at 4:10pm. Mr.XXX was issued a verbal warning and released. -Bucelli/Burke A693/A694F
FC20000722,2020-01-27 11:30:00,LATTIMORE CT,ROXBURY,2118,Stopped,Probable Cause," Body Worn Camera, Warrant Arrest",,Male,White,Hispanic Origin,39.0,Medium,Light,1,"About 11:30AM on 1/27/2020, Officer Linnane and Siminson in the DK01D along with Trooper Mason from the Massachusetts State Police Fugitive Unit did arrest XXX by virtue of a warrant for various firearm charges. XXXwas found in XXXLattimore Court #282. The apartment was in complete disarray, with empty liquor bottles and drug paraphernalia dispersed throughout the apartment. There was 3 additional unidentified individuals in the apartment, two sleeping in a bed and one on the floor. During the booking process Officer Linnane asked XXXif that was his apartment, which he stated, ""No that is a party place, everyone just goes to that apartment to get high and party."" XXXstated he did not know who actually lived in the apartment. DK01D Linnane/Siminson"
FC20000659,2020-01-28 08:43:00,TABER ST,BOSTON,2119,Stopped,Reasonable Suspicion ," Homeless, Body Worn Camera",,Female,Black,Not of Hispanic Origin,45.0,Medium,,1,"About 8:43 a.m. on Tuesday, 01/28/2020, Officers Romano, Layden, and Mullane initiated a subject stop of Ms. XXXat XXXTaber Street. Officers while on patrol, observed Ms. XXXsitting between two vehicles on the sidewalk appearing to be trying to conceal her presence from view. Officers approached Ms. XXXto further investigate at which time she observed the officers and quickly stood up and attempted to walk away. Officers observed her to be concealing unknown items within her hands and asked her to place the items down which was discovered to be a ""pusher"" which is a commonly used item to prepare crack for use. A subsequent search of Ms. XXXrevealed two glass pipes. No contraband was found at this time she was released."
FC20000690,2020-01-29 21:56:00,BLUE HILL AVE,ROXBURY,2119,Stopped,Encounter," Body Worn Camera, Drugs",,Male,Black,Unknown,27.0,Medium,Light,1,"T/S FOR VALS (TINT) OF BLUE 2004 HONDA ACCORD (MA REG. XXXIN FRONT OF 93 BLUE HILL AVE. OPERATOR: XXX (PRIOR F/A; TRAFFICKING CL B; DISTRIBUTION CL A CHARGES) OFFICERS OBSERVED P/B CONTAINING WHITE POWDERY SUBSTANCE IN PLAIN VIEW IN REAR POCKET OF PASSENGER SEAT. OPERATOR REMOVED AND FRISKED. VEHICLE SEARCHED CONFIRMING PRESENCE OF WHITE POWDERY SUBSTANCE. XXXSUMMONSED TO ROX DISTRICT COURT FOR POSSESSION CLASS B. WARNING ISSUED FOR TINTS, FIO'D AND RELEASED. B104F (CUBARNEY / S. MURPHY)"
FC20000709,2020-01-30 00:00:00,,BOSTON,2108,Stopped,Probable Cause," Warrant Arrest, Body Worn Camera",,Male,Black,,29.0,Thin,Light,1,Officers have been tasked with monitoring the area of Tremont/Winter street due to several complaints from the residents for drug distribution in the downtown crossing neighborhood. While on a fixed post the officers observed XXX walking on Tremont St towards Temple Pl. The officers were aware XXXhad 5 active warrants and stopped him. XXXusually associates with members of BBMG and distribute in the area of Tremont and Winter. Officers placed XXXunder arrest.
FC20000744,2020-02-01 02:04:00,COLUMBIA RD,DORCHESTER,2125,Stopped,Reasonable Suspicion ," Drugs, Body Worn Camera",Passenger Car/ Automobile,Male,White,Hispanic Origin,35.0,Medium,,1,"Officers conducted a traffic top of MA Reg XXX in the area of 466 Columbia Road for speeding. The operator, XXX, provided Officers with a Dominican identification. Officers observed numerous air fresheners and a red solo cup of alcohol in the center console. Officers frisked Mr. XXX who had a large amount of US Currency in his left jeans pocket. Frisk of the vehicle revealed 1 Xanax pill in the center console. Mr. XXX stated he didn't have a prescription for Xanax. XXX has prior Distribution of Class A charges"
FC20000793,2020-02-03 00:20:00,SHAWMUT AVE,BOSTON,2118,Stopped,Probable Cause," Homeless, Body Worn Camera, Drugs",,Male,White,Not of Hispanic Origin,43.0,Medium,,1,Radio call for A/B at Shawmut Ave & W Newton. Officers stoppedXXXXX/XX/XXXXXXX is currently homeless and has several open cases out of Boston and Cambridge. XXX was in possession of a blue waist pack with about $1200 cash in various denominations. Officers located a p/b of tan powder substance in XXX's sock during booking search. XXX stated to Officers that he goes by the alias XXXwhen he's referred to during his drug transactions around the Mass/Cass area. FIO for intel. D101A (Doolan/Monahan)
FC20000794,2020-02-04 02:11:00,,BOSTON,2134,Stopped,Encounter," Bicycle, Body Worn Camera",,Male,White,Hispanic Origin,36.0,Medium,Light,1,"About 0211 AM while on a CD1XXXin the GAP Officer O'Brien in the KT56A observed a Hispanic male matching a prior description of a BE/IP that occurred at XXXWadsworth St (Ref# I202009314) Officer spoke to XXX who was on a green colored bicycle XXXstated he was visiting a female at the nearby Farrington Inn. Through past interactions the Officer knows XXXto carry hypodermic needles and as such the Officer conducted a pat frisk during which time he discovered several needles and a silver iPad which belonged to XXXA CJIS inquiry was negative for warrants, XXXhas a lengthy BOP including severa possession/distribution of Class A and B as well as a firearm charge. FIO'd and released."
FC20000813,2020-02-04 20:14:00,AMORY ST,ROXBURY,2119,Stopped,Reasonable Suspicion ,,,Female,White,Not of Hispanic Origin,26.0,Thin,,0,"About 2009 hours on Tuesday, 2/4/2020, Officer Lynch received a radio call to investigate persons at XXXAmory St. On arrival Officer Lynch spoke with the caller, XXX who stated that his cell phone was stolen a few months ago by a woman who signed into room 201. Officer Lynch went up to the room and spoke with XXX (listed above) who stated she doesn't know anything about a missing phone. Ms. XXXwas clearly under the influence of drugs and there was drug paraphernalia all over the apartment. Officer Lynch searched for the report for the missing phone but could only find report #192100693 which states that Mr. XXXblames a contractor for stealing $1400. There was no mention of a stolen cell phone. Its possible Mr. XXXhas issues with his memory."
FC20000907,2020-02-08 08:29:00,ALBANY ST,BOSTON,2118,Stopped,Probable Cause, Homeless,,Male,White,Not of Hispanic Origin,58.0,Thin,,0,"Officers observed the suspect XXX across from XXXAlbany St on the public sidewalk, openly shooting up heroin from a hypodermic needle. This is a high traffic area with people and children coming and leaving the hospital for various services. Officers approached XXXwhich he apologized and stated he had a problem, the immediate area around him was littered with needles and drug paraphernalia. XXXwas checked for wants/warrants met with negative results. XXXwas released from state prison 7 months ago after doing a 8 year bid for armed robbery. XXXwas instructed to pick up his needles and leave the area, which he complied."
FC20000917,2020-02-08 17:55:00,,BOSTON,2115,Stopped,Probable Cause, Body Worn Camera,Passenger Car/ Automobile,Male,Black,Not of Hispanic Origin,23.0,,,1,"TS of MA Reg: XXXfor VALS at Commonwealth Ave & Hereford St. Prior to making contact, a CJIS inquiry of MA Reg: XXXrevealed the owner, XXX (DOB: XX/XX/XXXXhas several open cases for firearm violations. MV also has over 28 recent inquiries. Officers made contact with the operator, who was in fact XXXWhile speaking with XXXofficers observed several finished marijuana blunts in the ash tray, material for rolling marijuana, and a few nuggets of what appeared to be Marijuana on the dashboard. An exit order was given. A frisk of XXXwas negative for weapons, but was positive for 2 additional small bags of marijuana to which XXXstated was for personal use and he did not use today. A frisk of the MV was negative for weapons and additional contraband other then the marijuana that was observed on the dashboard. XXXwas issued Mass Uniform Citation issued XXXWarning) XXXwas released forthwith. D101F (Herbert/Melay)"
FC20000954,2020-02-10 11:04:00,W FOURTH ST,SOUTH BOSTON,2127,Stopped,Probable Cause," Homeless, Body Worn Camera",,Male,White,Not of Hispanic Origin,62.0,,,1,"About 11:04 am on 2/10/2020 Officer Shoemaker and Officer Steele responded to a radio call for a person ""shooting up"" drugs behind XXXWest 4th Street in South Boston. Upon arrival the Officers stopped the suspect, XXXin the rear of the building with open containers of alcohol and no other weapons, drugs or paraphernalia. XXXstated he was just sitting next to the dumpster to drink his beers. A query through CJIS revealed no wants or warrants for XXXand he was advised not to trespass on private property or drink alcohol outside in view of the public. XXXwas FIO'd and released without incident before the Officers cleared the scene."
FC20000971,2020-02-10 16:55:00,TREMONT ST,BOSTON,2116,Stopped,Probable Cause, Drugs,,Female,White,Not of Hispanic Origin,51.0,,,1,2/10/20 4:55 PM A1 DU Drug invest. Officers stopped XXX after observing her engage in a drug transaction with a b/h male later identified as XXX Officers recovered 5 p/b's of heroin from XXX XXXsummonsed for Poss A. XXXsubsequently arrested for Dist A.
FC20001004,2020-02-11 18:45:00,,BOSTON,2124,Stopped,Probable Cause,,,Female,White,,40.0,,,0,Officers spoke with XXX who was outside the citizens bank ATM and had been on the small stairwell where people congregate and drink and do drugs. Officers advised XXXto not stay inside that particular area. Fio HK01F Moccia/J.Caulfield
FC20001027,2020-02-12 01:17:00,MASSACHUSETTS AVE,DORCHESTER,2125,Stopped,Reasonable Suspicion , Body Worn Camera,Passenger Van,Male,Black,Not of Hispanic Origin,20.0,,,0,"About 1:15 AM, MA Reg XXXstopped for VALS. The operator,XXX was extremely uncooperative and confrontational with officers. XXXwas issued a citation for VALS and open container of marijuana in the car. XXXhas an assault to kill on his BOP. Hull/ O'Leary F102A"
FC20001095,2020-02-13 02:15:00,CHAUNCY ST,BOSTON,2111,Stopped,Probable Cause," Body Worn Camera, Drugs",,Male,Black,,50.0,Heavy,Medium Brown,1,"Officers observed XXX trespassing within the doorway of XXXChauncy St. As Officers approached he was observed dropping multiple plastic baggies. Two of the baggies were tied in small knots in the corner area, this is common in drug packaging for crack cocaine. Officers informed XXXof his trespass and asked about the baggies. XXXeventually stated that he was high and had already smoked all of his crack. Officers searched his person and discovered a prescription bottle of Gabapentin with a torn label. XXXinformed Officers that he got the bottle off the street for cheap and can sell each pill for $15.00. Officers arrested XXXfor Trespassing and Poss. w/i Distribute Class E."
FC20001073,2020-02-13 09:00:00,DUDLEY ST,ROXBURY,2119,Stopped,Reasonable Suspicion ,,,Male,Black,Not of Hispanic Origin,35.0,Unknown,,0,"Officers were informed about a silver sedan that parks in the parking lot of XXXDudley St and is believed to be selling drugs. Officers observed a silver Ford Fusion, MASS REG XXXOperated by XXXr. Officers approached XXXwho stated that he is only in the lot due to being a ""Gypsy Cab"". BK01D (Soto/Alexandre)"
FC20001078,2020-02-13 15:30:00,MAPLE ST,ROXBURY,2121,Stopped,Probable Cause, Body Worn Camera,Suv (sport Utility Vehicle),Male,White,Hispanic Origin,24.0,,,1,"Officers stopped MASS REG XXXOperating motor vehicle was XXX XXXwas found to be in possession of a large amount of money, digital scale, plastic baggies and marijuana. BK01D"
FC20001093,2020-02-14 01:30:00,BUTLER SQUARE,BOSTON,2109,Stopped,Probable Cause,,,Male,Black,Not of Hispanic Origin,32.0,Medium,Medium Brown,0,"While on patrol in the State St area Officers observed XXX in the area of Butler Square standing behind a dumpster. Officers know XXXthrough multiple interactions usually stemming from drug incidents. The area of Butler Square on the overnight shift has routinely been used for drug activity to include usage and distribution. Officers cordially spoke to XXXwho stated he was just walking around due to ""no ones around Chinatown"". XXXwas informed that this area is a ""No Trespassing"" area and he departed. Officers ran XXXfor warrants via CJIS/WMS to no avail."
FC20001135,2020-02-15 21:00:00,BOYLSTON ST,BOSTON,2116,Stopped,Encounter, Body Worn Camera,Passenger Car/ Automobile,Male,Black,Not of Hispanic Origin,27.0,Thin,,1,"T-Stop for VALs in the area of 122 Boylston St. The operator was identified as XXX DOB: XX/XX/XXXX(Lenox St. - Prior F/A's and Drug Conviction) XXXshowed officer a small p/b of marijuana in the center console. A search of the vehicle resulted in the discovery of a large amount of plastic bags, some with green leafy residue, a scale, a second phone, a digital scale, several small amounts of cash in different locations in the vehicle, an empty $10,000 money band, and a black ski mask. Additionally three iPhone boxes containing powder. XXXstated he had purchased the iPhone boxes in the beginning of the summer with the understanding that the boxes contained phones. XXXwas issued a written warning for the excessive tint and open container and released. A693F/A694F (DiPiro/Osis), A690F (M. Walsh), AK01F (D'Addieco/McGahan)"
FC20001202,2020-02-18 11:03:00,MASSACHUSETTS AVE,BOSTON,2118,Stopped,Probable Cause," Homeless, Body Worn Camera, Drugs",,Male,White,Hispanic Origin,36.0,Medium,Medium,0,"About 11:03 am on Tuesday, February 18, 2020, Officers Pinto, Jackson and Sutherland of the Citywide Bicycle Unit stopped XXXat XXXMass Ave. As officers were on patrol in the area of Mass Ave and Albany St, Officer Jackson observed the above, XXXcrouched over with a syringe in his hand. As officers approached, he dropped the syringe and turned towards the officers. Officers observed that his right sleeve was pulled up and there was blood on his inner forearm. XXXwas also standing under a clearly visible No Loitering sign which was posted on the side of XXXMass Ave. Officer Pinto ran a CJIS query for warrants, which returned negative results. XXXwas instructed to gather his belongings and move along, which he did."
FC20001299,2020-02-21 18:11:00,HAMILTON PL,BOSTON,2108,Stopped,Encounter,,,Male,Black,,23.0,Thin,Medium,0,"Officer stopped XXX (XX/XX/XXXX and XXX (XX/XX/XXXX atXXX Hamilton Place. Suspect 1XXXhad cash in hand and was in the process of handing the cash to Suspect 2XXXe when he observed officer.XXXthen mumbled a statement toXXXe and kept his cash.XXX has a lengthy criminal history including Distribution Class D, Assault to Murder as well as various other drug and violent offenses. Both suspect's were warned about the trespassing signs and released. -A437F Burke"
FC20001331,2020-02-22 18:29:00,,BOSTON,2118,Stopped,Reasonable Suspicion ,,Passenger Car/ Automobile,Male,Black,Unknown,52.0,,,0,"Traffic stop for vals at Tremont St and W Concord St on MAXXX a 2008 Acura TL. Operator identified as XXX XX/XX/XXXX). XXX stated the car belongs to his friend ""XXX and then stated that it actually belongs to his friend ""XXX."" Vehicle registered to XXX XXX(XX/XX/XXXX) who has a cancelled Massachusetts License but an active MA LTC out of Bellingham, MA. XXX is currently on probation until 2021 for drug related offenses. XXX has several open cases out of Suffolk Superior for employment fraud. D411F (Doolan)"
FC20001324,2020-02-22 19:30:00,ROSSETER ST,BOSTON,2121,Stopped,Encounter, Gang,Passenger Car/ Automobile,Male,Black,Not of Hispanic Origin,27.0,Medium,,0,"Approximately 1930 hours on Saturday, February XXXXXX, XXX0XXX0 Officers Rodrigues and Eunis in the VK07 unit, conducted a traffic stop of MA reg.XXX (red XXX018 Nissan Altima) in the area of XXX Rosseter Street Dorchester MA. for VAL's(Speeding and tinted window). Officers approached the vehicle and had to make countless requests for the operator later identified as XXX DOB XX/XX/XXXXXXX Active Crownpath associate to roll down his windows as it was excessively tinted. Once Officers were able to gain visual of the operator and the interior of the vehicle, Officer's observed an open bottle of Corona beer and a rolled marijuana cigarette. Officers issued MA uniform citation to Mr. XXX for open container, excessive tint and speeding. BWC activated during stop."
FC20001335,2020-02-23 00:30:00,ESSEX ST,BOSTON,2111,Stopped,Probable Cause,,,Male,Black,Hispanic Origin,50.0,Medium,,1,Officers observed a male trespassing within the rear exit of the XXX Washington St garage. This area is off limits and is routinely used on the overnight shift for drug distribution and drug usage. As Officers drove by they observed a male within the garage with his back to Officers with something up to his mouth. Officers stopped the male identified as XXX who stated he was just smoking a cigarette. XXX continously put his left hand in his right jacket pocket and refused to remove it on order. Officers conducted a pat frisk to no avail. Officers ran XXX for warrants to no avail.
FC20001347,2020-02-23 16:40:00,MARYKNOLL TER,MATTAPAN,2126,Stopped,Probable Cause, Body Worn Camera,,Male,Black,Not of Hispanic Origin,23.0,Medium,,1,"On Sunday 2/23/20 Officers responded to XXX Maryknoll Terrace for a report of a suspicious male dressed in all black who had entered the residents fenced yard and sitting in the backyard smoking. Upon arrival Officers made contact with XXX (XXX) (Active Johnston Rd), sitting in the fenced backyard of XXX Maryknoll Terr. XXX stated that he had gotten into an argument with his cousin over missing marijuana and had left the vehicle they were in on River St. before going into the backyard to get away from his cousin. Officer spoke with the residents of XXX Maryknoll Terrace who stated they did not know XXX and that he did not have permission to be on the property.XXX is currently on Probation and a GPS monitor stemming from an Armed Robbery and Home Invasion in 201XXX. XXX was pat frisked with negative results, FIOed, and released."
FC20001368,2020-02-24 10:20:00,ALBANY ST,BOSTON,2118,Stopped,Probable Cause, Drugs,,Male,White,,51.0,Medium,Light,0,Officers observed XXX standing in front of 780 Albany holding a plastic bag with a group huddled around him. Officers observed XXX to reach into his jacket and take out the plastic bag. Officers spoke with XXX who stated that all he had on him was weed for personal use. Officers observed a green leafy matter inside plastic bags within XXX's fanny pack inside his jacket. CJIS check revealed no warrants. XXX FIO'd and released.
FC20001503,2020-02-29 17:16:00,,BOSTON,2116,Stopped,Reasonable Suspicion ," Drugs, Body Worn Camera",,Male,Black,Not of Hispanic Origin,31.0,Medium,Medium Brown,1,"Officers Buccelli and Burke A693F/A694F responded to assist the A632 Bougler with a suspect stopped at Lagrange and Washington Street. Officer Boulger stopped XXX XX/XX/XXXXdue to the fact that he matched the description for a suspect that had been involved in a stabbing on 02/28/20 at XXXWashington Street. After obtaining the suspect's info, Officers observed the suspect drop what appeared to be a crack rock out of his mouth. Officers then located one other crack rock in the suspect's mouth. Officers then located 13 more small bags of crack cocaine and one large rock of crack cocaine. $193 USD was located on the suspect at the booking desk. The suspect was placed under arrest for Possession With Intent to Distribute Class B. Suspect has a lengthy BOP (42 Adult Arraignments) including Assault to Kill along with several other assaults and F/A Charges. See I202016518 for full narrative."
FC20001508,2020-02-29 20:35:00,ALBANY ST,BOSTON,2118,Stopped,Intel, Gang,,Male,Black,Not of Hispanic Origin,35.0,Thin,,0,"OFFICERS ENCOUNTERED (XXX) 1850 WASH GANG MEMBER WHO WAS WITH A GROUP OF DRUG USERS, XXX STATED HE IS TRYING TO STAY OUT OF TROUBLE AND THAT HIS GIRL GIVING BIRTH TO HIS 4TH CHILD. OFFICERS GAVE XXXA VERBAL WARING FOR LOITERING AND TRESPASSING. OFFICERS OBSERVED XXX EARLIER THIS STANDING WITH A LARGE GROUP OF DRUG USERS THAT WERE CIRCLED AROUND HIM. XXX - RECENTLY RELEASED FROM SERVING A 18 MONTH SENTENCE FOR A FIREARM. MULTIPLE FIREARMS AND DRUGS ON THE BOP. D201F MEDRANO - CANTY"
FC20001698,2020-03-07 17:51:00,,BOSTON,2115,Stopped,Intel, Homeless,,Male,White,Not of Hispanic Origin,29.0,Medium,Light,0,Officers in the Boston Police community service Office received community complaints of drug activities in the area of Charles gate E./Commonwealth Ave. Officers observed a group gathered underneath the bridge. Officers identified themselves and escort the XXXand the group out the area.
FC20001750,2020-03-09 18:08:00,,BOSTON,2215,Stopped,Reasonable Suspicion ,,,Male,Black,Not of Hispanic Origin,34.0,Unknown,,1,Radio call for drug activity at the park at Newbury St & Charlesgate E. Caller reported seeing what appeared to be drug transactions between several people. Officers arrived and identifiedXXX XXXstated he had been at the park for some time and had been with different people. 911 caller confirmed that XXXwas the individual whom people were meeting with. XXXwas negative for warrants. Frisk negative. Stated he's currently homeless. FIO for intel. DK01F (Doolan/Linnane)
FC20001768,2020-03-10 16:30:00,,BOSTON,2126,Stopped,Reasonable Suspicion , Body Worn Camera,Passenger Car/ Automobile,Male,Black,Not of Hispanic Origin,32.0,,,0,"About 4:30pm on Tuesday, 03/10/20, officers stoppedXXX(DOB: XX/XX/XXXXin a black Infiniti XXXafter receiving a radio call for drug activity near 6 Violante Street. Officers smelled marijuana eminating from inside the vehicle. XXXhas multiple closed Poss W/I Intent Class D charges and one open Poss W/ Intent Class D charge. XXXissued verbal warning for not displaying a front license plate. FIOed and released."
FC20001808,2020-03-12 01:05:00,,BOSTON,2108,Stopped,Probable Cause, Body Worn Camera,,Male,Black,Not of Hispanic Origin,46.0,,,1,"Officers responded for a B&E in Progress in the area of Pinckney St/Joy Street. Officers were flagged down by the caller who pointed out the suspect, XXX. Officers spoke to XXX who stated that he was in the front entrance of the apartment building XXXJoy Street) to smoke his Marijuana. Officers spoke to the caller who stated he observed the suspect enter the front door of the apartment building and just sit down. The caller stated that the suspect did not appear to try and enter through the 2nd door of the building. Officers looked inside the main entryway. The front door was unlocked and the 2nd door was locked. Nothing appeared to be tampered with. A CJIS inquiry showed the suspect had only one arraignment on his BOP from 1999 for Trespassing out of Stoughton. Officers advised the suspect not to enter any doorways that did not belong to him and to stay out of the area. CJIS inquery was negative for Warrants."
FC20001871,2020-03-18 17:01:00,CHAUNCY ST,BOSTON,2111,Stopped,Reasonable Suspicion , Body Worn Camera,,Male,Black,Not of Hispanic Origin,53.0,Medium,,1,Suspect stopped matching the description of a Bank Robbery Suspect from D-4 (31 St. James St). Suspect is well known to Officer as a drug user/ dealer. Determined that above suspect was unrelated to incident. FIO'd and released.
FC20001993,2020-03-30 17:27:00,WASHINGTON ST,JAMAICA PLAIN,2119,Stopped,Probable Cause," Drugs, Homeless",,Male,White,Hispanic Origin,46.0,,,0,"R/C for a man shooting drugs behind the dumpster in the rear parking lot. Suspect XXXwas encountered with a strap on his arm, and a discarded needle at his feet. Suspect was warned about Trespassing, was FIO'd and released."
FC20001989,2020-03-30 00:57:00,MASSACHUSETTS AVE,DORCHESTER,2125,Stopped,Probable Cause, Body Worn Camera,Passenger Car/ Automobile,Male,Black,,23.0,Medium,Medium Brown,0,TSTOP for VALS at XXXMass Ave. Black Honda Accord MA REG XXXfor speeding and excessive tint (2%). Driver identified as XXX (DOB XX/XX/XXXXMultiple F/A related entries on BOP. Active Heath Street member. Large quantity of marijuana observed in plain view. Issued MA Uniform Citation XXXfor VALS. FIO'd and released. F412A (McCarthy)
FC20002362,2020-05-03 17:52:00,MASSACHUSETTS AVE,BOSTON,2115,Stopped,Probable Cause," Body Worn Camera, Drugs",Pickup Truck,Male,White,Not of Hispanic Origin,49.0,,,1,"R/C for drug activity at XXXNorway Street. Caller reported person in blue Ford F-150, partial plate XXXselling drugs on street. Officers stopped blue Ford F150, Iowa Reg XXXat 173 Massachusetts Avenue for VALs. Operator-XXX (Prior Child Pornography charges) XXXstated he was dropping off a friend named XXXon Norway Street. XXXappeared very nervous. Removed from vehicle, pat/frisked to no avail. XXXagreed to consent search yielding negative results. Officers observed cut Dunkin Donuts straw in glove compartment. XXXFIOED and released. Kearney/Canty (D103F)"
FC20002403,2020-05-04 01:27:00,ALLSTATE RD,BOSTON,2125,Stopped,Probable Cause," Gun, Drugs",Passenger Car/ Automobile,Male,White,Hispanic Origin,24.0,Thin,,1,"Firearm arrest and Class D Distribution charges. Backseat passenger,XXX (DOB XX/XX/XXXXactive Maverick member (A7) prior F/A related charges on BOP. Operated, XXX and front seat passengerXXXplaced under arrest for aforementioned charges. XXXbecame very confrontational with officers when the firearm was located and he was detained. F411A (McCarthy)"
FC20002494,2020-05-09 21:51:00,REV RICHARD A BURKE ST,SOUTH BOSTON,2127,Stopped,Probable Cause, Drugs,Passenger Car/ Automobile,Male,White,Hispanic Origin,34.0,Thin,,1,"TSTOP initiated for VALS in front of 53 Reverend Burke Street at approximately 21:50. While in the area of Andrew Square, officers observed a white BMW bearing MA REG XXXto have a rear driver side taillight that was inoperable. The vehicle began traveling at a high rate of speed through the Andrew Square intersection. Officers proceeded to follow and initiated a traffic stop on Reverend Burke Street where the operator ignored the white and blue emergency lights activated on Department issued cruiser and continued to park the motor vehicle in front of a fire hydrant. As officers approached the vehicle to make contact. While officers made their approach, he exited the vehicle against officers instructions to remain inside of the vehicle. As officers attempted to explain the basis for contact with the driver, later identified as XXX (DOB XX/XX/XXXXhe became extremely uncooperative and also began to alert his family members who officers were unaware resided at XXXPilsudski Way. XXXextremely uncooperative behavior and constantly pulling away from officers, as well as his family members becoming involved and interfering with officers, led to him being temporarily detained in handcuffs for the safety of all parties involved in attempt to de-escalate the situation. Officers informed XXXthat he was not under arrest and was only being detained. Officers issued XXXa verbal warning for the VALS and located a large folding knife as well as 2 medium sized bags of marijuana. F101F (McCarthy/Sanon)"
FC20002527,2020-05-11 15:00:00,,BOSTON,2127,Stopped,Reasonable Suspicion ,,,Male,White,,44.0,Medium,,1,"Officers responded to an investigation of drug activity at Devine Way and Mohawk St, South Boston. Caller specifically stated that a male in the park with a blue moped was involved. Officers located XXX with a blue moped. Found to have small amount of marijuana. No warrants found. XXXhad the key to the moped and it was not reported stolen."
FC20002546,2020-05-12 10:45:00,,BOSTON,2122,Stopped,Probable Cause, Body Worn Camera,,Female,White,Unknown,35.0,,,0,Officer removed XXX from the Byrne Playground at Elm Street/Everett Street. XXXis a known drug user and frequently causes disturbances in Fields Corner area.
FC20002549,2020-05-12 12:23:00,PUBLIC ALLEY 716,BOSTON,2118,Stopped,Probable Cause, Body Worn Camera,,Female,White,Not of Hispanic Origin,34.0,Medium,,0,"Officers stopped XXX inside of Public Alley 716, after observing her enter a fenced area (private property). Officers were aware of numerous citizen complaints of homeless individuals and people using drugs entering this fenced off area. XXXwas stopped and informed she was trespassing and to stay out of the alley. XXXcomplied. An FIO was conducted on XXXand she was released."
FC20002554,2020-05-12 22:45:00,PUBLIC ALLEY 716,BOSTON,2119,Stopped,Intel, Homeless,,Male,Black,Not of Hispanic Origin,41.0,,,0,"Officers observed XXXwalk into Public Alley 716 and walked to the rear of 698 Mass Ave. Officers have received complaints for people doing drugs in this alley. Officers escorted XXXfrom the rear of 698 Mass, which had a ""No Trespass"" sign clearly posted."
FC20002605,2020-05-15 19:30:00,TREMONT ST,BOSTON,2108,Stopped,Probable Cause," Drugs, Bicycle, Homeless, Body Worn Camera",,Male,White,Hispanic Origin,32.0,Medium,,1,"While on the area of Winter st And Tremont St, Officer observed XXX yelling and arguing with an unknown black male. XXXthen got into a fighting stance as he continued to yell. A few pedestrians began to stop and watch as well as walk around the two as the disturbance grew louder. Officer approached and spoke with XXXabout his behavior in public as this was the second time officer had to speak with him in regards to his disorderly conduct as he attempted to fight another person within the hour. While speaking with XXXofficers observed a large red plastic bag hanging out of XXXright pants pocket. Officers immediately identified it as K2 as being involved in many other incidents I192079124. Officers inquired on the red baggie, XXXstated “its for personal use, RESPECT. It’s K2,RESPECT”. XXXwas summons into BMC for Possession of Class C substance. A695F D’ADDIECO A696F MCGAHAN A693F DIPIRO"
FC20002630,2020-05-16 00:00:00,WASHINGTON ST,BOSTON,2118,Stopped,Reasonable Suspicion , Homeless,,Male,Black,Not of Hispanic Origin,57.0,Thin,Medium Brown,1,"About 11:30a on Saturday, 05/16/2020 Officers received a radio call for a black male, about 40 years of age, wearing a dark colored or navy sweatshirt who was observed stealing a package from the doorstep of 1 Ringold Street. The D103D (Flaherty/Dowling) then observed an individual matching the description, carrying a package at about 1400 Washington Street. The suspect was identified asXXX (DOB XX/XX/XXXXSeveral neighbors/witnesses observed XXXsteal the package from the doorstep. The incident was also captivated on Ring Doorbell CCTV. XXXmade several statements to the effect of, "" Im sorry,"" ""thats all I took,"" and also ""its mine!"" (when confronted by neighbors). XXXstated he resides with his mother at XXXDartmouth Street, however, usually sleeps on the streets. Two capped hypodermic needles were also recovered on his person and disposed of in a sharps container. A CJIS inquiry produced active default warrants for trespassing, larceny over 1200 and receiving stolen property under 1200. XXXwas placed under arrest and further charged with receiving stolen property under 1200 and larceny under 1200. XXXBOP revealed 74 adult arraignments for various offenses including multiple trespass, larceny, receiving stolen property, possession, B&E, armed robbery, A&B, ABDW, disorderly, threats to kill, and shoplifting. D435D King"
FC20002725,2020-05-20 00:00:00,,BOSTON,2111,Stopped,Probable Cause," Drugs, Body Worn Camera",,Male,White,,34.0,Thin,Light,1,"Officers stopped XXX (DOB: XX/XX/XXXXin the parking lot at the intersection of Essex Street and Edinboro Street. Subject had approached unknown male sitting in MA Reg: XXXOccupant of vehicle told officer that XXXhad approached tried to sell him drugs and he didn't know him. Officers had previously observed XXXto be riding his bike around the area approaching multiple groups of known drug users before quickly riding off, and had been told by previous witness that XXXhad ""tried to sell him a 20 bag"" XXXhad money stored in different in different pockets in different denominations, consistent with street level sales. No illegal drugs located. XXXis on active probation out of Boston Municipal Court for Distribution Class B. A690F/A693F Walsh/Zou"
FC20002950,2020-05-21 09:15:00,SAWYER AVE,DORCHESTER,2125,Stopped,Reasonable Suspicion , Body Worn Camera,,Male,White,Not of Hispanic Origin,52.0,Medium,,0,Call for a male trying doors on Sawyer Ave. Officers stoppedXXXwho was matching the description. XXXappeared to be under the influence of drugs and could not provide a reason for being in the area. Officers could not locate a victim and the caller was unwilling to speak to officers.
FC20002742,2020-05-21 10:34:00,MASSACHUSETTS AVE,BOSTON,2118,Stopped,Reasonable Suspicion ,,,Male,Black,,41.0,Muscular,Dark Brown,0,"Officer observed XXX XX/XX/XXXXriding a rented ""Blue Bike"" on the sidewalk against traffic along Massachusetts Ave/Albany St, Boston. During such time, XXXhad what appeared to be an unknown amount of US Currency clenched in his hand. At that time, an unknown individual, who apparently had been yelling at/for XXXran up to him, engaged in a brief conversation and handed him what appeared to be an unknown amount of ""folded"" US Currency. XXXreported, the individual was a ""friend"" who ""owed him money"". A NCIC/CJIS Inquiry was conducted on XXXnegative for warrant/(s), (121) entries on his BOP. XXXshows numerous ""Possession to Distribute"" criminal court cases dating back to the year 2003. After such time, XXXentered the 794 Mass Ave ""Comfort Station"" without incident. Officer was informed that XXXis one of the many drug dealers in the BPD District 4, Massachusetts Ave area."
FC20002775,2020-05-22 14:15:00,,BOSTON,2111,Stopped,Probable Cause, Drugs,,Male,Black,,54.0,,,1,"5/22/20 A1 DCU conducted a U/C buy of crack fromXXX on Otis St by Summer St. . Following the transaction, Officers stopped XXXand recovered additional quantity of crack. XXXto be summonsed in lieu of arrest for Dist B"
FC20002801,2020-05-23 11:17:00,READING ST,ROXBURY,2119,Stopped,Probable Cause," Homeless, Body Worn Camera, Drugs",,Female,White,,36.0,Thin,Light,1,"Officers stoppedXXXattempting to smoke crack in front of 59 Reading Street. Officers have had many interactions with her and had a candid conversation about getting her sectioned 35 or into voluntary treatment she became very defensive and upset and kept stating ""I'm on suboxone"" Officers summonsed her to Roxbury Court."
FC20002842,2020-05-24 17:00:00,,BOSTON,2116,Stopped,Probable Cause, Drugs,,Male,White,Not of Hispanic Origin,32.0,,,1,XXXwas stopped by Officers after a street level drug transaction with XXX. Officers recovered 5 p/b's of Crack Cocaine from XXXwho was summonsed to BMC. details of incident in BPD 1.1 report
FC20002871,2020-05-25 16:30:00,TREMONT ST,BOSTON,2111,Stopped,Probable Cause, Drugs,,Male,White,Hispanic Origin,20.0,Small,Medium,1,5/25/20 Officers stopped XXXafter observing him engage in street level drug transaction withXXX (active BBMG) by 140 Tremont St. Class D recovered from XXXwho was FIO'd and released. XXXsubsequently arrested for Dist D and PWI D.
FC20002881,2020-05-25 22:19:00,ROXBURY ST,ROXBURY,2119,Stopped,Encounter, Gang,Passenger Car/ Automobile,Male,Black,Not of Hispanic Origin,21.0,Medium,,1,Officers were in the rear of the Timilty School for a large group trespassing. Inside MA REG: XXXwas Heath St associate XXX. Frisk yielded negative results. Verbal warning about trespassing ans smoking marijuana. FIO'd and released. BK03F (Holmes/O'Loughlin)
FC20002917,2020-05-27 09:08:00,,BOSTON,2119,Stopped,Intel," Drugs, Body Worn Camera",,Male,White,Not of Hispanic Origin,43.0,Medium,,1,"Officers stopped the subject, later identified as XXX (DOB XX/XX/XXXX) at the intersection of Mass Ave and Melnea Cass. Officers were show pictures from the Y912 (Sgt. Messina) of an individual who appeared to be dealing drugs at the intersection of Massachusetts Ave and Albany St. Officers stopped XXXto FIO him and have a conversation. Officers asked XXXif he was carrying any drugs on his person, to which he stated, XXXOfficers located one hypodermic needle which XXXstated was filled with crystal meth. XXXwas ID'd and sent on his way. Officers destroyed the needle. DK01D (Mathewson/Linnane)"
FC20002919,2020-05-27 10:08:00,ALBANY ST,BOSTON,2118,Stopped,Probable Cause," Drugs, Body Worn Camera",,Female,White,Not of Hispanic Origin,47.0,,,1,"Officers received video footage from SSPO Fortin (Badge 780) of a white female selling, what appeared to be pills in the area of 780 Albany St. Officers identified the subject asXXX (DOB XX/XX/XXXX. When confronted by Officers, XXXstated that she sold a few of her prescribed Valium for $20 to an unknown male so she could have enough money to buy cigarettes. XXXproduced a prescription bottle for Valium with her name on it. XXXalso has a misdemeanor warrant out of Falmouth District Court. XXXwas identified and sent on her way. DK01D (Mathewson/Linnane)"
FC20002942,2020-05-27 15:00:00,,DORCHESTER,2121,Stopped,Probable Cause,,,Male,Black,,56.0,Medium,Medium Brown,0,Officers stopped XXX in relation to multiple community complaints for drug sales and use in Puddingstone Park. Officers have observed XXXto be in the area twice in the last week and XXXadmitted that he is an active drug user.
FC20003076,2020-06-04 10:00:00,BOYLSTON ST,BOSTON,2111,Stopped,Probable Cause,,,Male,Black,Not of Hispanic Origin,69.0,Thin,,1,Officers stopped XXX for driving his moped on the sidewalk and driving it recklessly. Officers was approached by multiple people stating that XXX is a local drug dealer and that he is banned from 39 Boylston Street. XXXwas frisked to no avail.
FC20003174,2020-06-09 21:50:00,COLUMBIA RD,DORCHESTER,2125,Stopped,Intel," Drugs, Gang",Passenger Van,Male,Black,Not of Hispanic Origin,29.0,Thin,,1,"TSTOP for VALS Dodge Grand Caravan IOWA REG XXXHertz rental vehicle. Operator identified as XXX(DOB XX/XX/XXXXWalk Hill Street member, was observed to have 2 interactions with 2 different persons through the passenger side window of the motor vehicle lasting no more than 10-15 seconds on Devine Way. XXXbehavior and officers observations led to a pat frisk yielding negative results. Small stack of money observed in the center console of the vehicle folded in multiple separate stacks consistent with street level drug transactions. XXXFIO'd to associate him with the rental vehicle and released without incident. F432F (McCarthy/Keddy)."
FC20003203,2020-06-11 00:15:00,MORELAND ST,ROXBURY,2119,Stopped,Reasonable Suspicion , Body Worn Camera,Passenger Car/ Automobile,Male,Black,Hispanic Origin,26.0,,,1,"Traffic stop for an expired Inspection Sticker on MA REG XXXat 88 Moreland Street. Operator presented an ID from the Domincan Republic with the name XXX. Officers observed multiple plastic baggies and twists of various size in the car as well as inside the McDonald's bag that Mr. XXXhad on his lap. Upon opening the glove box, large baggies were observed inside the glove box as well. A CJIS query showed Mr. XXXdid not possess a MA Drivers License. Search of Mr. XXXrevealed a large stack of $100 and $20 dollar bill sin his right pocket totaling about $1,000 and a second stack of $50, $10, $5 and $1 bills totaling approximately $1,000.00 as well as two white pills, in a small plastic bag, that Pill Finder identified as Ibuprofen. Mr. XXXimmediately stated the pills were not his and the money was his friend's money and he doesn't work. Officer observed the vehicle was on, ignition tampered with and the keys to the vehicle in the center console. Mr. XXXwas inconsistent with his statements about the vehicle. K9 search of the vehicle revealed no drugs. Mr. XXXwas advised to park his vehicle and clear all court matters"
FC20003209,2020-06-11 08:25:00,MASSACHUSETTS AVE,BOSTON,2118,Stopped,Probable Cause," Homeless, Body Worn Camera",,Male,White,Not of Hispanic Origin,48.0,Medium,,0,Officer Diaz and Linnane in the D421D obseved the suspect XXX sitting in a parking spot behind 691 Mass Ave. This area has had numerous complaints of drug use and people trespassing in the alleys. Officers asked XXXwhat he was doing and he said he was wraping his leg from shooting up earlier in the morning. Suspect was checked for warrants and met with negative results. Suspect was told to leave the area in which he complied. D421D Diaz/Linnane
FC20003344,2020-06-19 12:45:00,,BOSTON,2116,Stopped,Probable Cause, Body Worn Camera,,Male,White,Not of Hispanic Origin,45.0,Medium,,1,XXX DOB XX/XX/XXXXstopped and searched at intersection of Boylston Street/Washington Street due to drug investigation at about 12:30 PM. Search yielded negative results. Officers spoke with the manager of Hair Adventure Hair Salon (32 Boylston St) who showed Officers surveillance footage of XXXengaging in illegal drug activity outside of the hair salon. XXXhas a history of various drug offenses and convictions. A202D (Mason/Lizardo)
FC20003376,2020-06-21 10:45:00,LOGAN WAY,BOSTON,2127,Stopped,Probable Cause,,,Male,Black,Hispanic Origin,26.0,,,1,"Tstop for VALS (Attached Plates) at 45 Logan Way on MA REG: XXXOperatorXXX stated that he hasn't been able to register the MV appropriately. XXXand vehicle frisked yielding negative results for weapons. Instructed to park vehicle until properly registered. FIO'd and released. Approximately $500 was discovered along with stamped plastic bags in the center console. A dollar bill was rolled up with a white powdery residue on the interior. XXXstated, ""I did some coke last night. I don't sell and there isn't any in the car."" XXXBOP includes various 94C charges. -Cubarney (F630D)"
FC20003509,2020-06-29 17:54:00,EDINBORO ST,BOSTON,2111,Stopped,Probable Cause, Drugs,,Male,White,Not of Hispanic Origin,44.0,Thin,Pale,1,Members of the A-1 Drug Control Unit stopped XXX after observing him engage in a hand to hand drug transaction withXXX. Officers stopped XXXrecovering one (1) paperfold fold of heroin on Edinboro St. XXXwas untruthful with his statements and will be summons to BMC for possession of class A substance
FC20003512,2020-06-30 03:40:00,WELLINGTON ST,BOSTON,2118,Stopped,Reasonable Suspicion ,,,Male,White,Not of Hispanic Origin,31.0,,,1,"About 0340 hours on June 30, 2020 Sgt. Aziz, while in department uniform and in a marked car was in the area of Wellington Street when he observed an unknown white male walking along the sidewalk looking into parked, unoccupied vehicles. This particular area is a known high drug area as well as an area where multiple breaks, larcenies, and robberies have occurred. In addition, this particular area has been the escape route of an unknown suspect who had been breaking into local area businesses over the last week during the early morning hours. Sgt. Aziz approached the white male subject who immediately became uncooperative and argumentative. Sgt. Aziz informed him of the reason of the stop. The unknown white male continued to be argumentative and continued to back away from Sgt. Aziz. Sgt. Aziz observed a large unnatural bulge in his front left pocket. Sgt. Aziz placed the individual into handcuffs due to his uncooperative behavior as well as the unnatural bulge in his pocket. Sgt. Aziz then performed a pat frisk of the pocket and felt a large hard metal object as well as what were readily identified needles. Sgt. Aziz removed from the left pocket a railroad spike which was wrapped in red tape. Along with this railroad spike also came a Cambridge Fire Department ID card belonging to XXX and a Mastercard belonging toXXX who he claimed was his girlfriend. Subject was FIO'd and released pending further investigation. Railroad spike, Cambridge Fire ID card and credit card logged in as property. Sgt. Aziz notified Cambridge Fire of the ID card."
FC20003642,2020-07-06 15:02:00,COLERIDGE ST,BOSTON,2128,Stopped,Reasonable Suspicion ,,Passenger Car/ Automobile,Male,White,Not of Hispanic Origin,52.0,Thin,,0,"On July 6,2020 at about 15:02 members of the A-7 DCU under the supervision of Sgt. J. Freeman were conducting a surveillance in the parking lot of Burger King located at 944 Bennington Street. During the surveillance, XXXwas observed entering a 2003 Honda Civic XXXwhich was waiting on Bennington Street. PO Fontanez observed the operator to be the registered owner ( XXX ). After entering the Honda both parties leaned toward each other after which they returned to a normal sitting position. XXXthen exited the Honda and re-entered his vehicle, a 2018 Toyota Camry ( MA Tag XXX). Both vehicles then drove off. Based on the actions of the above persons, it was believed that a possible street level Drug transaction may have occurred. PO Fontanez conducted a T-stop at 168 Coleridge Street for further inquiry. During the inquiry XXXinformed the officer, (now assisted by Sgt. Freeman, PO Slamin and Nunez) that he had purchased $60.00 worth of Marijuana from the operator of the Honda moments earlier on Bennington Street. A search for the Honda produced negative results. The Marijuana was found to weigh under 1 once and XXXwas allowed to continue on his way to a blissful evening."
FC20003610,2020-07-06 19:30:00,MALCOLM X BLVD,ROXBURY,2120,Stopped,Probable Cause,,Suv (sport Utility Vehicle),Male,White,Hispanic Origin,22.0,Medium,Medium,0,"PO Jose M Diaz Jr (106745) B451F T-Stop for speeding, 75 Malcolm X Blvd @ 7:30PM, Mon 7/6/2020 (Event# P200340432) Driver XXXSXX/XX/XXXX XXX-XX-XXXX) was in Hertz rental vehicle MA Reg# XXX(Black 2020 Land Rover). FIOE submitted to associate XXXwith this rental car due to drug trafficking on the BOP."
FC20003630,2020-07-07 13:00:00,SOUTHAMPTON ST,ROXBURY,2118,Stopped,Reasonable Suspicion ,,Passenger Car/ Automobile,Male,Black,Not of Hispanic Origin,51.0,Muscular,,1,"About 13:00 hrs on July 7th, 2020 officers assigned to the Boston Police C6 Drug Unit stopped XXX) after believing they witness a hand to hand transaction. The officers observed XXXreceive money from an individual then reach into his back backpack and hand an item to the individual. Upon further investigation XXXstated he was selling cigarettes. He stated he brings in menthol cigarettes from New Hampshire and sells them in mass. XXXwas operating a Blue BMW (MA REG: XXXwhen he came into the area of Mass Ave."
FC20003659,2020-07-08 20:00:00,FENWAY,BOSTON,2215,Stopped,Reasonable Suspicion , Other Agency/Unit Notified,Suv (sport Utility Vehicle),Male,White,Hispanic Origin,30.0,Heavy,Light,1,"FIO conducted relative to a drug investigation on Maverick Street East Boston. Subsequent to stop, officers utilized a department K9 which alerted positive to multiple areas in the vehicle XXXwas operating. Search was conducted to negative results. XXXwas released forthwith and FIO completed."
FC20003805,2020-07-17 18:00:00,BOYLSTON ST,BOSTON,2108,Stopped,Probable Cause, Drugs,,Female,White,,45.0,,,1,A1 DCU stop of XXXinside Boston Common pursuant to a drug invest. Subject is active i drug activity inside the Common. FIO'd and released forthwith.
FC20003868,2020-07-22 01:32:00,,BOSTON,2121,Stopped,Probable Cause, Body Worn Camera,Passenger Car/ Automobile,Male,Black,Hispanic Origin,33.0,Heavy,,1,"About 0132 Officers stopped MA REG XXXa Red 2013 Ford Fusion sedan, for VALS (no headlights) in the area of Blue Hill Ave and Columbia road. The vehicle was being operated by XXX. During the stop Officers conducted a pat frisk of XXXand the vehicle for weapons to no avail. During the frisk Officers did observe the rear plastic section of the center console to be unscrewed and not sitting flush on the center console. The back of the center console was able to be removed with little effort yielding a large empty cavity. The back was able to be placed back almost flush again with minimal effort. XXXhas open cases for multiple counts of trafficking fentanyl, cocaine, and Poss of Ammo with no FID Card. XXXalso has multiple other drug related charges and assaults on his BOP"
FC20003870,2020-07-22 09:22:00,PUBLIC ALLEY 718,BOSTON,2118,Stopped,Intel, Body Worn Camera,,Male,White,Not of Hispanic Origin,30.0,,,0,"About 09:22am on Wednesday 07/22/20, Officer Campot in the D431D responded to a radio call to investigate a person who was using drugs, located in the Public Alley #718, Boston. Officers received information from the caller that a male was in the alley and using drugs at the above location. The caller stated that the white male appeared to be in his mid twenties, wearing a gray top and black shorts. While officers were responding to the call, the D431D spotted a male matching the description of suspect, in the alley and looking into a motor vehicle on private property. Officers later identified the male as XXX XX/XX/XXXXXXXstated that he was just walking through the alley to get to rehab. XXXstated that he is currently homeless but is originally from Milton, Ma. XXXwas removed off the property and continued down the alley towards Harrison Ave. Officers checked the suspect for any active warrants to which yielded negative results. (D431D CAMPOT)"
FC20003975,2020-07-29 01:07:00,BOSTON ST,DORCHESTER,2125,Stopped,Probable Cause, Drugs,Passenger Car/ Automobile,Male,Black,Unknown,21.0,,,1,TSTOP for VALS of black Ford Fusion MA REG XXXat 140 Boston Street. Driver identified asXXX (DOB XX/XX/XXXXOfficers observed a large bag of marijuana and a gray digital scale in plain view. Strong odor of marijuana emanating from the car. Exit order issued. Nothing additionally significant was located. XXXwas cooperative with officers. FIO'd and released without incident. FK01A (McCarthy & Sheehan).
FC20004206,2020-08-14 17:30:00,,BOSTON,2119,Stopped,Reasonable Suspicion ,,Passenger Car/ Automobile,Male,White,Not of Hispanic Origin,32.0,Thin,Light,1,Officers observed drug activity taking place on the sidewalk at Reading and Kemble St. The subject was stopped and identified as XXX. XXXAlso owns the Camry with no ignition parked on Reading St and said that is where he has been living. XXXcleaned the area around his vehicle and said he would have the car moved by Monday. BK01F
FC20004244,2020-08-17 18:00:00,SOUTHAMPTON ST,ROXBURY,2118,Stopped,Probable Cause,,Suv (sport Utility Vehicle),Male,Black,Not of Hispanic Origin,42.0,Stocky,Medium Brown,0,"About 6:00pm on Monday, 8/17/20 Officer observed a black Yukon MA reg XXXstopped at 112 Southampton street. Officer recognized the vehicle to be a frequent visitor to the area. Officer also observed there to be two individuals at the passenger side front window acting deviously. Officer queried the vehicle through CJIS and found the vehicle to be registered and operated by XXX XX/XX/XXXXInformation returned stated that XXXseveral open cases and a lengthy bop; including drug possession and firearm charges. Officer was also informed by a Shelter employee that he observed XXXfilling ""baggies with white powder"" prior to Officers arrival. Officer spoke with XXXand during the interaction did not observe any drug paraphernalia in the vehicle or around XXXperson; however XXXappeared to be very nervous, unable to answer direct questions, swallowing hard and unable to maintain eye contact. XXXwas advised to leave the area and not return."
FC20004288,2020-08-20 20:00:00,,ROXBURY,2119,Stopped,Reasonable Suspicion , Drugs,,Female,White,Not of Hispanic Origin,30.0,Medium,,0,"Area D-4 DCU observed XXXdriving a scooter in and around the Mass ave (comfort zone) numerous times as officers were conducting a drug investigation in this area. A short time later officers observed her now walking across Mass ave towards the comfort zone area and enter it. This is an area where people are openly using and dealing drugs. A short time later, officers then observed Ms XXXwalking towards Fellows st where her scooter was now parked Officers identified themselves and questioned why she was in the comfort zone. Ms. XXXstated ""I'm a heroin addict"" ""I went in there to do heroin"" Officers advised her not to drive the scooter in her current condition and she agreed and left the area."
FC20004309,2020-08-22 00:22:00,COLUMBIA RD,DORCHESTER,2125,Stopped,Probable Cause," Gang, Drugs",Passenger Car/ Automobile,Male,Black,Not of Hispanic Origin,33.0,Medium,,1,"TSTOP for VALS at Mass Ave and Columbia Road gray Volvo sedan bearing MA REG XXX Operator identified asXXX (DOB XX/XX/XXXXactive Annunciation Road member with significant drug distribution charges to include prior trafficking Class A & B as well as F/A related charges. Officers observed, in plain view, a large amount of marijuana in a opened back pack in the rear seat of the motor vehicle. XXXproduced a medical marijuana card that was expired. XXXwas informed of proper transport and amount allowed to possess. FIO'd to associate him with the vehicle. Released without incident. Verbal Warnings issued for VALS. FK01A (McCarthy & Keddy)"
FC20004416,2020-08-27 23:12:00,E COTTAGE ST,ROXBURY,2119,Stopped,Reasonable Suspicion ," Gang, Body Worn Camera",Passenger Car/ Automobile,Male,Black,Not of Hispanic Origin,23.0,Medium,Dark Brown,0,TS for VALS Georgia Reg XXXOperator identified asXXX active H Block and F/A charge from July 2020. Officers observed a scale and large quantity of marijuana. XXXconsented to search of vehicle which yielded marijuana. Verbal warning issued. Freeman/ O'Leary B101F
FC20004462,2020-09-01 18:25:00,,BOSTON,2119,Stopped,Intel, Body Worn Camera,Passenger Car/ Automobile,Male,Black,Not of Hispanic Origin,26.0,Thin,,0,"TS for VALS on MA Reg: XXXat the intersection of Albany St and Northampton St, Boston. Operator:XXXXX/XX/XXXX) has prior firearm charges on BOP.XXXstated he works for Sea Street Towing - Quincy, MA as a tow truck driver and that the 2006, gray in color, Honda Accord, bearing MA Reg: XXXwas his ""show off car"". XXXwas advised to take off tints. Officers also observed what was believed to be marijuana paraphernalia in the center console (ashtray). XXXgiven warnings for obstructed window (front window tint) and open container - marijuana. FIO'd and released forthwith. D103F (Herbert/Melay)"
FC20004513,2020-09-04 00:00:00,,DORCHESTER,2124,Stopped,Reasonable Suspicion ,,Passenger Car/ Automobile,Male,Black,Not of Hispanic Origin,35.0,Stocky,,1,"B3 DCU in the area of Norfolk Street and Ferndale Street conducting a drug investigation due to drug complaints when they observed a black Nissan Sentra XXXarrive in the area and meet briefly with an individual. Officers conducted a threshold of the operator, XXX (DOB XX/XX/XXXXin the area of Callender Street and Lucerne Street. XXXwas released from the scene without incident."
FC20004595,2020-09-10 14:04:00,,BOSTON,2111,Stopped,Reasonable Suspicion ," Body Worn Camera, Drugs",,Male,White,Hispanic Origin,31.0,Medium,,0,"Officers observed XXX outside of the Park Street MBTA station off Tremont Street. XXXwas in the middle of a small group of individuals, all of whom had money out. The individuals handed XXXan undetermined amount of money and left the area upon Officers approaching. At one point XXXhad a plastic bag in his hand which was not present when Officers arrived. XXXwas cooperative with officers and left the area without incident. A693/694 (Lukas/Scott)"
FC20004666,2020-09-15 08:33:00,MASSACHUSETTS AVE,BOSTON,2118,Stopped,Probable Cause," Body Worn Camera, Warrant Arrest, Drugs",,Male,White,Not of Hispanic Origin,30.0,Medium,Light,1,Officers placed XXX under arrest by virtue of three felony warrants. XXXattempted to flee but was later apprehended. XXXhad a large quantity of drugs on him at the time of the arrest and was charged. XXXis known to hang around the Mass and Cass area and a notorious bike thief thorughout the District. D103D Linnane/Mathewson
FC20004653,2020-09-15 18:55:00,TREMONT ST,BOSTON,2111,Stopped,Probable Cause, Drugs,,Male,White,Hispanic Origin,51.0,Thin,,1,XXXwas stopped and searched by officers inside of the Boston Common after conducting a hand to hand drug transaction on Temple St. Officers recovered crack cocaine and XXXto be summonsed to BMC for possession of Class B substance.
FC20004755,2020-09-21 15:20:00,,BOSTON,2132,Stopped,Reasonable Suspicion , Drugs,Pickup Truck,Male,White,Not of Hispanic Origin,40.0,Medium,,1,"On Monday, 9/21/2020, at approximately 15:00, Officers of the District E 5 Drug Control Unit, under the supervision of Sgt. Det. Anthony Troy, observed a red Ford Pup (MA XXXparked on Grove Street near Overlook Rd occupied by a XXX. Mr XXXis kown to DCU members, from two prior observed street level drug deals, where multiple percocet pills were seized from Mr. XXXMr. XXXwas observed then driving the red Ford to a parking lot at the corner of Washington St and Grove St. Officers then observed a heavy set white male walk from Washington Street into the parking lot directly to the driver side of the Red Ford truck reach in his right shorts pocket and then reach into the open driver window and appear to exchange an item with Mr. XXX The red Ford was then observed driving out of the lot and onto Washington St then take a left onto Grove St. The unknown male on foot was observed walking on Washington St towards Edgemere Rd. Officers then approached the red truck while stopped in traffic and announced office with badge displayed to XXXMr. XXXwas found to have folded U.S. Currency in his left hand ($700.00 USC) It should be noted that Mr. XXXwas asked to step from the vehicle and when confronted with observations, Mr. XXXdenied meeting with any party and did not have a reason for having $700.00 USC in his hand. Mr. XXXhad been stopped prior with 20 Pecocet 30 MG within the past year that Mr. XXXadmitted to paying $700.00 USC for the pills. Investigation is on going."
FC20004771,2020-09-22 10:20:00,,BOSTON,2120,Stopped,Probable Cause, Body Worn Camera,Passenger Car/ Automobile,Male,White,Hispanic Origin,25.0,,,1,"T-Stop at Parker Street/Tremont Street (MA REG XXXoperator XXX stated his license was expired and he made the appointment at the RMV. XXX was found to be in possession of US currency in the amount of over $11,000 (two wads of cash secured with rubber bands) and small plastic baggies. XXX claimed he was going to buy a vehicle today. He was advised to go to the RMV and renew his license. BK01D"
FC20004874,2020-09-29 00:00:00,ALBANY ST,BOSTON,2118,Stopped,Intel," Homeless, Body Worn Camera",,Male,White,Hispanic Origin,26.0,Thin,,0,Officers Kaplan and Canty in the D201F conducted a suspect stop for an ongoing drug investigation for the C-6 DCU at 774 Albany St. The suspect was identified as XXX (DOB XX/XX/XXXX BWC activated
FC20004902,2020-09-30 15:00:00,,EAST BOSTON,2128,Stopped,Probable Cause, Drugs,Passenger Car/ Automobile,Male,Black,,24.0,,,1,"On Wednesday September 30, 2020 members of the A7/DCU observed a silver Acura (MA REG XXXparked in the Brandyewyne Housing Complex, which was occupied by a male later identified as XXX. Suspect XXXwas observed to be using the phone and looking around as if he was waiting for unknown person to arrive. Officers further conducted a query of the vehicle which revealed the owner/operator had prior drug and firearm arrest on his BOP record. Moments later, Officers observed a black male (Gray T-shirt, black shorts large beard) walk to suspect XXXfront drivers window and conduct in an unknown hand to hand exchange. After the exchange suspect XXXdrove away as the unknown male walked into a residence. Officers stopped suspect XXXfor further inquiry. Suspect XXXinitially denied meeting anyone and then stated he met his cousin. Suspect could not provide an address or name for his cousin. Officers did conduct a search of his person and vehicle and during the search Officers located numerous empty bags used for packaging, a $100.00 dollar bill in center cup holder and a large bundle of US currency wrapped in rubber bands. Suspect XXXstated he was unemployed but the money was his ""lifesavings"". Officers inquired how much money was in the bundle to which he stated ""like 8 or 9 thousand"". Officers were unable to locate the unknown male and recovered no other items within the vehicle and advised suspect XXXhe would be FIO'd and allowed to vacate the area."
FC20004905,2020-10-01 09:34:00,READING ST,ROXBURY,2119,Stopped,Reasonable Suspicion ," Drugs, Homeless, Body Worn Camera",,Male,Black,Not of Hispanic Origin,37.0,Thin,,0,Officers conducted a subject stop of XXX at XXXReading St for suspected drug activity. Mr. XXXwas in possession of 1 p/b tan powder and will be summonsed to Roxbury District Court.
FC20005749,2020-10-02 17:15:00,BOYLSTON ST,BOSTON,2108,Stopped,Probable Cause, Drugs,,Male,White,Not of Hispanic Origin,55.0,Medium,,1,A-1 DRUG UNIT INVESTIGATION OFFICERS STOPPED AND RECOVERED A PAPERFOLD OF HEROIN FROM XXX INSIDE OF THE BOSTON COMMON AFTER PURCHASING THE DRUGS FROM XXXWAS IN A WHEELCHAIR AT THE TIME OF THE STOP. THIS IS AN ON-GOING INVESTIGATION.
FC20004945,2020-10-03 13:00:00,TREMONT ST,BOSTON,2108,Stopped,Probable Cause, Drugs,,Male,White,Not of Hispanic Origin,39.0,,,1,Members of the A-1 DCU conducted a stop of XXXafter watching XXXand XXXengage in a hand to hand drug transaction. Recovered from XXXwas a paperfold of marijuana which he admitted buying from XXX
FC20005060,2020-10-03 13:15:00,,BOSTON,2111,Stopped,Probable Cause," Body Worn Camera, Drugs",,Male,Black,,28.0,,,0,"About 13:15 hours on Saturday, October 03, 2020 Officer Sheridan (A696D) conducted a FIO at the corner of Tremont St. and Temple Pl., Boston MA. Officer Sheridan conducted a FIO ofXXX(DOB: XX/XX/XXXXat the above mentioned location.XXXwas a suspect of a drug investigation being conducted by the Area A DCU. At the time of the stop suspect was wearing a black and gold colored ""Boston Celtics"" jacket and black ""Puma"" sweatpants."
FC20004964,2020-10-04 17:03:00,TREMONT ST,BOSTON,2111,Stopped,Probable Cause, Drugs,,Male,Black,Not of Hispanic Origin,46.0,Thin,Dark,1,Members of the A-1 Drug Control Unit conducted a drug investigation in the area of 131 Tremont ST. Officers did observe a hand to hand drug transaction between XXX and a individual known to the commonwealth. A stop of XXXresulted in the recovery of loose crack cocaine. Summons to be issued for XXXThis is an ongoing investigation.
FC20005004,2020-10-06 22:02:00,UTICA ST,BOSTON,2111,Stopped,Reasonable Suspicion , Body Worn Camera,,Male,Black,Unknown,30.0,,,0,"Officers responded to a radio call for a male on drugs yelling at the caller, yelling in his face. When officers drove around in the area, officers found a black male sitting on a flight of stairs, behind a dumpster on Utica Street, smoking an unknown substance, near a ""Private Property No Trespassing"" sign. Subject stopped gave the name of XXX, DOB: XX/XX/XXXXwhich came to negative results on a CJIS query. When officers asked for his name again, subject took off on the officers, jumping onto the I-93S expressway. Officers notified State Police."
FC20005027,2020-10-07 19:45:00,BEACH ST,BOSTON,2111,Stopped,Reasonable Suspicion ," Bicycle, Body Worn Camera, Gang",,Male,Black,Not of Hispanic Origin,31.0,Heavy,,1,"MEMBERS OF THE A-1 FIRST HALF BIKE SQUAD WERE IN THE AREA OF CHINATOWN PARK AND OBSERVED BBMG/GMZ ASSOCIATEXXX STANDING WITH A GROUP OF KNOWN HOMELESS DRUG USERS. UPON SEEING OFFICERS XXXTURNED HIS BODY THEN STARTED TO RUN IN THE OPPOSITE DIRECT WHICH LANDED HIM DIRECTLY IN FRONT OF A BIKE SQUAD OFFICER. XXXBECAME VERY NERVOUS AND BEGAN STUTTERING AND BREATHING HEAVILY. XXXTALKED IN CIRCLES ABOUT HIS ACTIONS AND ALSO ABOUT THE ON GOING FUED BETWEEN BBMG AND THE""KJ CREW"" AT CHINATOWN GATE. OFFICERS CONTINUED TO INQUIRE WITH XXXWHEN HE SUGGECTED OFFICERS TO SEARCH HIM, THEN CLARIFIED BY GIVING CONSENT TO CHECK HIS PERSON AS WELL AS HIS SCOOTER. OFFICERS WERE UNABLE TO LOCATE ANY DRUGS OR WEAPONS. XXXIS KNOWN TO OFFICERS FROM PRIOR INTERACTIONS BUT HAS NOT BEEN DOWNTOWN IN THE PAST YEAR. XXXIS NORMALLY NOT TALKATIVE BUT DOES COOPERATE, TONIGHT XXXWOULD NOT STOP TALKING AND CONTINUED TO CHANGE ANSWERS IN REGARDS TO HIS PRESENCE IN CHINATOWN GATE."
FC20005043,2020-10-08 19:17:00,,BOSTON,2111,Stopped,Probable Cause, Drugs,,Male,Black,Not of Hispanic Origin,47.0,Medium,,1,"On Thursday, 10/09/2020, members of the A-1 Drug Control Unit were in the area of XXXTremont St conducting Investigative operation During this investigation Officers observed XXXconduct a hand to hand drug transaction with an individual known to the commonwealth. Officers seized loose buds of marijuana from XXX This is an ongoing investigation."
FC20005056,2020-10-09 09:27:00,ALBANY ST,BOSTON,2118,Stopped,Probable Cause, Warrant Arrest,,Male,White,Not of Hispanic Origin,30.0,Medium,Light,1,Officer placed XXX under arrest by virtue of a felony straight warrant for various distribution charges at 780 Albany St. XXXis a known drug dealer who frequents the area. XXXdid not have any drugs on his person at the time. XXXdid have approximately 100 empty small plastic bags commonly used to package narcotics for sale. He also had approximately $274 dollars in cash in random denominations which is common when selling narcotics. XXXwas booked in District 4 for the warrants. DK01D Linnane/Mathewson
FC20005111,2020-10-13 18:32:00,HAMILTON PL,BOSTON,2108,Stopped,Probable Cause, Drugs,,Male,Black,Not of Hispanic Origin,46.0,Thin,Dark,1,"On Tuesday, 10/13/2020, members of the A-1 drug control unit were conductingInvestigative operation in the area of XXXTRemont St. Officers did observe XXX engage in a hand to hand drug transaction with an individual known to the commonwealth. Recovered from XXXwas loose crack cocaine. XXXto be summons to BMC for possession class B. This is an ongoing investigation."
FC20005125,2020-10-14 15:30:00,WASHINGTON ST,BOSTON,2111,Stopped,Probable Cause, Drugs,,Male,White,Unknown,46.0,,,0,"On Wednesday, 10/14/2020, members of the A-1 Drug Control Unit conductedInvestigative operationat XXXTremont St. Officers observed XXXengage in a hand to hand street level drug transaction with an individual known to the Commonwealth. Officers stopped XXXand recovered loose buds of marijuana from XXXwhich he admitted to buying from the black guy around the corner for ten (10.00) dollars. This is an ongoing investigation"
FC20005126,2020-10-14 15:35:00,TREMONT ST,BOSTON,2111,Stopped,Probable Cause, Drugs,,Male,White,Not of Hispanic Origin,41.0,,,1,"On Wednesday, 10/14/2020, members of the A-1 Drug Control Unit conductedInvestigative operationat XXXTremont St. Officers observed XXXengage in a hand to hand street level drug transaction with an individual known to the Commonwealth. Officers stopped XXXand recovered loose buds of marijuana from XXXwhich he admitted to buying from the black guy around the corner for ten (10.00) dollars. This is an ongoing investigation"
FC20005167,2020-10-16 19:14:00,TREMONT ST,BOSTON,2108,Stopped,Probable Cause, Drugs,,Male,White,Hispanic Origin,24.0,Thin,,1,"On Friday, 10/15/2020, members of the A-1 Drug Control Unit conducted aInvestigative operation in the area of XXXTremont St. Officers observed XXXengage in a hand to hand drug transaction with an individual known to the commonwealth. XXXwas stopped as he was prepping a crack pipe for ingestion. Recovered from XXXwas loose crack cocaine and glass crack pipe. Individual known to the commonwealth is omitted to this report due to this is an ongoing investigation."
FC20005181,2020-10-17 00:00:00,,BOSTON,2128,Stopped,Reasonable Suspicion ,,Passenger Car/ Automobile,Male,White,Hispanic Origin,53.0,,,1,"On Saturday October 17,2020 at about 18:29 members of the A-7 Drug Unit under the supervision of Sgt/Det. J. Freeman were conductingInvestigative operation. SpecificallyXXXThis location has been a source of continuing complaints for drug activity. The Unit has also conducted numerous prior investigations which resulted in the recovery/seizure of Narcotics which resulted in charges for violation of the Drug Laws. During the surveillance P.O's Fontanez and Gomes observed MA tag XXX( 2012 white Volvo S60 ) pull over and park opposite XXXMaverick Street. The officers then observed a W/H male ( later ID as XXX) exit the vehicle and enter XXXMaverick Street. After 1 minute XXXwas observed exiting the address and re-enter the Volvo. The Volvo then left the area. Based on the prior collective training, experience and observations made it was believed that XXXmay have conducted a street level Drug transaction while inside XXXMaverick Street. The Volvo was followed onto Meridian Street and the officers conducted a stop of the Volvo at Meridian Street & White Street for further inquiry. During the inquiry XXXwas informed of the officers observations and he stated he had gone to the location to give a friend a coffee. To be noted the officers did not observe XXXto be holding any items in his hands while entering the address on Maverick Street. XXXbecame highly agitated, and began to yell at PO Fontanez, he also stated that he had a knife in the Volvo that was for personal protection. At this time XXXwas informed he was being detained and a frisk was going to be performed. A frisk was performed with negative results. XXXwas allowed to vacate the area at this time."
FC20005209,2020-10-19 02:07:00,,ROXBURY,2119,Stopped,Reasonable Suspicion ,,Passenger Car/ Automobile,Male,Black,Not of Hispanic Origin,24.0,Thin,,1,"Picarello/Macdonald (B101A) conducted a traffic stop on FL REG XXXfor excessive tints. Operator was XXX (multiple firearms/active Bailey st), officers had XXXexit the vehicle due to the fact he stated he had smoked marijuana and the vehicle had marijuana odor. Field sobriety test was given. XXXwas frisked and released. Officer MacDonald's body cam was active during stop, officer Picarello's had died during stop."
FC20005204,2020-10-19 07:20:00,LINCOLN ST,BOSTON,2111,Stopped,Probable Cause," Homeless, Body Worn Camera",,Male,Black,Not of Hispanic Origin,54.0,Medium,,0,A202A responded to a radio call for a homeless person setting up a tent in the loading dock area behind 125 Lincoln Street. Officers have responded to this area frequently for reports of similar activity. Officers stopped XXX and instructed him to remove the tent and his belongings and that he was subject to arrest for Trespassing if located in the area again. The loading dock area does have a posted No Trespassing sign affixed to the wall. XXXhad no warrants at the time of the stop but did have multiple open cases to include Trespassing out of Boston Municipal Court. Officers also observed numerous signs of drug activity in this area. A202A (Giblin and Mejia)
FC20005257,2020-10-21 14:40:00,,BOSTON,2118,Stopped,Intel, Body Worn Camera,,Male,White,Not of Hispanic Origin,41.0,Medium,Freckled,0,"Officers were made aware of an unknown male involved in making numerous drug transactions in the area of Mass Ave @ Harrison Ave. Officers located the male based on the description provided who was FIO'd for intel. Identified as XXX (DOBXX/XX/XXXX. Was wearing a black red sox baseball hat, red hooded sweatshirt, navy blue cargo shorts, dark colored sneakers and wearing a red bandana facemask riding a blue bike. Negative for warrants."
FC20005319,2020-10-24 21:34:00,,DORCHESTER,2124,Stopped,Probable Cause,,Passenger Car/ Automobile,Male,Black,Not of Hispanic Origin,20.0,Thin,Dark Brown,1,"About 9:30 pm on 10/24/2020, while on patrol in the area of Woodrow Avenue, traveling towards Norfolk Street MA# XXX(2005 Gray Audi A6) almost struck my marked cruiser as it was headed in the opposite direction at a high rate of speed. A traffic stop was conducted at Lyford and Callender Made contact with the vehicle the operator, XXX (Active Franklin Field Assc, prior F/A charges) would only put the window the down a few inches after requesting several times due to the dark tinted windows. Once XXXcracked the windows a plum of visible smoke which gave an odor of marijuana emanated from the vehicle. When asked XXXstated he had smoked prior to entering the vehicle. Exit order was given to further investigate and upon requesting he exit the vehicle he immediately reached underneath his seat where I had to grab his left arm before reaching all the way under the seat. XXXstated he was retrieving a mask. A frisk for weapons on his body and vehicle was conducted to no avail. Several follow up questions were asked to ascertain his ability to drive the vehicle safety. Once determined did not appear under the influence he was released immediately."
FC20005372,2020-10-28 17:00:00,TREMONT ST,BOSTON,2116,Stopped,Probable Cause, Drugs,,Male,Black,Not of Hispanic Origin,28.0,,,1,A-1 DCU drug investigation. XXXwas stopped after being involved in a street level drug transaction. Plastic bag of Marijuana was recovered from XXXXXXwas also found to have a suspended drivers license. XXXto be summons to BMC for operating after suspension. This invest is ongoing details noted in the police report.
FC20005443,2020-11-03 17:34:00,E FOURTH ST,SOUTH BOSTON,2127,Stopped,Intel,,,Male,White,Not of Hispanic Origin,29.0,Thin,,0,"Officers encountered XXX(DOB: XX/XX/XXXXafter responding to a 911 call for a suspicious person that appeared to be on drugs and was looking into cars. Officers spoke to Mr. XXXwho stated that he was recently released from prison but was now living with his grand mother (XXX) at Apt# 18 at XXXE Fourth St in South Boston. Mr. XXXwas wearing a white hat, grey sweatshirt and grey sweat pants. Mr. XXXappeared to be under the influence of drugs. FIOed and released. F201A (Ortega/Sariles)"
FC20005494,2020-11-08 16:07:00,HANOVER ST,BOSTON,2113,Stopped,Probable Cause, Body Worn Camera,,Male,White,Hispanic Origin,38.0,Thin,,1,"OFFICERS RESPONDED TO A DISTURBANCE AT 149 HANOVER STREET, BOSTON (ADAM'S PIZZA & CONVIENCE . WHILE AT ABOVE, THE CLERK STATED A MALE, LATER ID ASXXX ENTERED THE STORE AND BEGAN KNOCKING DOWN MERCHANDISE INSIDE THE STORE AND SCARING CUSTOMERS. THE CLERK STATED THE SUSPECT IS KNOWN IN THE AREA FOR USING DRUGS AND ALCOHOL. THE CLERK SHOWED OFFICERS A PICTURE OF THE SUSPECT AND STATED THAT HE FLED UP HANOVER ST TOWARDS THE GREENWAY. FROM THE PICTURE, OFFICERS OBSERVED THE MALE TO BE WEARING A GREY & LIME GREEN HAT, LIGHT GREY JACKET, NAVY COLLAR SHIRT WITH WHITE STRIPES, BLACK PANTS, BLACK & WHITE SNEAKERS. OFFICERS OBSERVED THE SUSPECT MATCHING THE DESCRIPTION AND STOPPED HIM AT CROSS ST & COOPER ST. THE SUSPECT STATED HE'S BEEN ON DRUGS AND BOOZE ALL DAY AND WAS EXPERIENCING LIVER PAIN. OFFICERS RADIOED FOR AN AMBULANCE TO EVALUATE THE SUSPECT. OFFICERS PAT FRISK THE SUSPECT FOR DRUGS FOR NEGATIVE RESULTS. OFFICERS ADVISED THE SUSPECT THAT HE WAS BEING TRESPASS WARNED AND TOLD NOT TO RETURN TO THE ABOVE LOCATION. AMBULANCE A08 ARRIVED AND TRANSPORTED THE SUSPECT TO MGH FOR FURTHER TREATMENT."
FC20005512,2020-11-09 18:37:00,COLUMBUS AVE,ROXBURY,2119,Stopped,Probable Cause," Body Worn Camera, Drugs",,Female,Black,Hispanic Origin,29.0,Thin,,0,"Radio call for 4-5 people in the 18th floor staircase using drugs and hanging out. Upon arrival, Officers encountered XXX XX/XX/XXXXOfficers observed a needle on the staircase and XXXsleeping. XXXdenied the need for medical attention. CJIS check for any active warrants with negative results. Officers advised XXXshe was trespassing in the building and escorted her out without incident."
FC20005559,2020-11-12 10:15:00,TAYLOR ST,BOSTON,2118,Stopped,Reasonable Suspicion ," Body Worn Camera, Drugs",,Male,White,Not of Hispanic Origin,48.0,Medium,,0,Officers stopped XXX in rear alley of 1 Taylor St. XXXtold officers that he had stopped here to smoke crack. XXXstated that he just moved into the area from Brockton and was currently staying at Pine Street Inn. Officers informed XXXto stay out of the alleys and away from residential area. CJIS check revealed no active warrants. XXXFIO'd and released DK01D (Walton/Tobin)
FC20005657,2020-11-19 01:12:00,BOSTON ST,DORCHESTER,2125,Stopped,Encounter," Body Worn Camera, Drugs",Passenger Car/ Automobile,Male,White,,37.0,Heavy,Light Brown,1,"Officers stopped XXX, XXX, andXXXin the rear parking lot of 69 Boston Street on 11/19/20 at 1:12am. It should be noted that Officers have noticed a large Gang Presence as well as a large Drug and Prostitution Presence in the area of the South Bay Mall, Jan Karski Way, and Boston Street. Officers observed XXXto be standing with an open container next to MA XXXon 11/19/2020. XXXwas placed under arrest on 11/16/2020 in this same location after Officers received reports that XXXhad threatened someone with a firearm. A large amount of cash, as well as a large quantity of CLASS B and CLASS C were recovered off XXXon 11/16/2020. XXXwas instantly confrontational with Officer Burke due to the arrest that had taken place on 11/16. All parties were frisked based on several observations and circumstances. Class B recovered on XXX(Summonsed to S. Boston Dist Court) XXX was in possession of a large quantity of money. No contraband was located off XXXXXXmocked Officers about the lack of time he spent in custody. FK01A (McCarthy, Burke)"
FC20005669,2020-11-19 17:39:00,,BOSTON,2121,Stopped,Reasonable Suspicion , Body Worn Camera,Passenger Car/ Automobile,Male,Black,Not of Hispanic Origin,39.0,Medium,Dark,1,TS of a White BMW (ME Reg.: XXXfor vals at the intersection of Ceylon Street and Columbia Road. The operator of the vehicle: XXX (DOB: XX/XX/XXXXMr. XXXhas a prior firearm charge from 10/21/2020. Officers observed a green leafy substance believed to be marijuana in a bag on the front passenger seat. Officers also observed a scale and small clear plastic bags. The vehicle had multiple loose panels. BK02 (Rosa/Builes)
FC20005673,2020-11-19 18:42:00,JOHN ELIOT SQUARE,BOSTON,2119,Stopped,Probable Cause,,Passenger Car/ Automobile,Male,Black,Not of Hispanic Origin,21.0,,,1,"On 11/19/20, PO England of the B2 DCU initiated a traffic stop for a vehicle with attached plates with PO's MacInnis and Driscoll of MA REG XXXa black BMW. The vehicle was observed outside XXXJohn Elliot Sq and stopped by the officers at the intersection of Washington St and Bartlett St. PO England spoke to the operator,XXX(DOB XX/XX/XXXXoutside of the vehicle. XXXwas polite and up to the officer front about having attached plates of a Honda Civic on his black BMW and having marijuana for personal use inside the vehicle. Because of XXXcooperation and the close proximity to his residence, XXXJohn Elliot Square, PO England allowed XXXto drive to and park his vehicle back at his residence. PO England advised him to take care of his license plate issue before driving the vehicle again. PO's MacInnis and Driscoll followed XXXto his house where he parked the vehicle in the rear lot. XXXdirected PO England to the marijuana in the vehicle, who was satisfied with the personal amount."
FC20005674,2020-11-19 19:30:00,HANCOCK ST,BOSTON,2125,Stopped,Reasonable Suspicion ,,Passenger Car/ Automobile,Male,Black,Not of Hispanic Origin,30.0,,,1,"Approximately 1930 hours on Thursday, November 19 2020 members of the YVSF (VK07); Rodrigues/Texeira/Lopes conducted a traffic stop for multiple stop sign (Trull/Hancok and Pleasant/Hancock) violations at XXXHancock Street Dorchester MA, of a black 2012 Audi S4 bearing MA reg. XXXOn approach Officer observed the operator to reach over to the right passenger area of the motor vehicle. Officer made contact with the operator identified as XXXDOB XX/XX/XXXXand informed him of the reasons for the stop, that the incident is being recorded and requested his license and registration. Officer's took notice that Mr. XXXappeared to be exhibiting nervous behavior as his hands were trembling. Mr. XXXcontinued to behave nervously and was unable to provide officer with the vehicle registration and instead provided numerous unrelated paperwork. Officers observed in plain view a large sum of numerous denominations of U.S. paper currency (small and large notes) scattered throughout the vehicle (front and rear passenger floor board, open glove compartment and protruding from the center console as well as the rear of the driver side seat. Officers further observed what they believed to be drug paraphernalia within the vehicle center console area which was between the stuffed currency. Mr. XXXwhen asked about the currency stated that he withdrew the money because it was his daughters Birthday, yet he didn't know the amount. Officers issued an exit order and conducted a pat-frisk of Mr. XXXperson and a frisk of the immediate area of the motor vehicle. Officers observed that the paraphernalia were empty exotic marijuana packaging material. Mr. XXXwas issued a verbal warning for the stop signs. Officer attempted, numerous time to explain to Mr. XXXthe reason for the exit order but were unable to as he began speaking over officer while accusing officers of being racist. A more in-depth account of the stop is captured on Officers body worn camera."
FC20005687,2020-11-20 17:30:00,CANAL ST,BOSTON,2114,Stopped,Probable Cause, Drugs,,Male,White,Not of Hispanic Origin,61.0,Thin,,1,11/20/20 Members of the A1 DCU stopped XXX after observing him engage in a drug transaction with an unk male outside 83 Canal St. Cocaine recovered from XXXduring this stop. XXXto be summosed for Poss B.
FC20005847,2020-12-02 14:30:00,HUDSON ST,BOSTON,2111,Stopped,Probable Cause," Drugs, Body Worn Camera",,Female,Black,Not of Hispanic Origin,47.0,Thin,,1,12/2/20 A1 DCU stopped XXX after observing her purchase drugs inside Chinatown Park from a b/f later identified as XXX. Crack cocaine recovered from XXXand XXXsubsequently arrested. XXXwas in the company of XXX
FC20005876,2020-12-04 23:00:00,,BOSTON,2119,Stopped,Reasonable Suspicion ," Body Worn Camera, Gang",Suv (sport Utility Vehicle),Male,Black,Not of Hispanic Origin,23.0,Thin,,1,"Tstop for VALS on CT REG: XXXOperator was XXX (Active Ruggles). XXXand MV searched to no avail. Glove box and gear shifter were easily maneuvered and able to store contraband/weapons. XXXhad approximately $4,000, marijuana and a scale. Advised to not operate until he obtains an active DL. Legally parked on Amory. FIO'd and released. -BK01F (Cubarney/O'Leary)"
FC20005884,2020-12-06 00:30:00,MASSACHUSETTS AVE,BOSTON,2118,Stopped,Encounter, Body Worn Camera,Passenger Car/ Automobile,Male,Black,Unknown,21.0,,,1,Officers conducted a traffic stop for VALS of MA Reg. XXXdriven byXXX (DOB: XX/XX/XXXXXXX was confrontational with officers and officers issued an exit order to pat/frisk the suspect which was negative for weapons. When the driver rolled down the window the car smelled of burnt marijuana and a green leafy substance believed to be marijuana was observed in plain view in the center cup holder/console area of the vehicle. Officers issued XXXa citation and was FIO'd and released. Monahan/Doolan (D103A)
FC20005920,2020-12-08 15:00:00,HUDSON ST,BOSTON,2111,Stopped,Probable Cause, Drugs,,Male,Black,Not of Hispanic Origin,55.0,Stocky,,0,"On Tuesday, 12/08/2020, members of the A-1 Drug Control Unit were in the area of Chinatown park conductingInvestigative operation. During this investigation officers observed XXXengage in a hand to hand drug transaction with XXX and XXX. Recovered from XXXwas a plastic bag of crack cocaine. XXXto be summonsed for Possession of class B drugs. This is an ongoing investigation"
FC20005941,2020-12-10 13:14:00,WINTER ST,BOSTON,2108,Stopped,Intel, Body Worn Camera,,Male,Black,,26.0,Medium,Medium,0,"About 12:50 pm on Thursday, December 10th, 2020 Officers Wells and Mason in the A102D unit while assigned to a Code 19 Fixed located at Winter St., and Winter Pl., Boston conducted a FIO on Person. Officers were told to conduct an FIO upon a suspicious person by the AC01 (Capt. Ciccolo) in the area of Winter St., and Winter Pl. The AC01 observed the male conducting a street level drugs sale on camera. The suspect was described as a black male dressed in a baseball hat, Camouflage Jacket, black pants and black sneakers. Officer approached the individual and asked him what's going on. The suspect stated that he is a Security Officer for Suffolk's University. The suspect further stated that he was on his lunch break and some friends asked to buy some lose cigarettes which he sold them. The male handed officers a MAID which identified him as XXXDOB: XX/XX/XXXXMr.XXX was FIOED and sent on his way. A photo of the suspect is attached to this report."
FC20006088,2020-12-23 00:48:00,,MATTAPAN,2126,Stopped,Probable Cause, Body Worn Camera,Passenger Car/ Automobile,Male,Black,Not of Hispanic Origin,22.0,,,1,"About 12:48 AM, Tuesday, December 23, 2020, Officer Kennedy, while assigned to the C425A, observed Ma Reg XXXat Livermore Street and Canaan Street with the engine running with the operator inside. The Officer conducted a CJIS searched, and the operator license returned as expired. The Officer activated the blue light and siren to conduct a motor vehicle stop. The Officer identified the operator as XXX (DOB XX/XX/XXXXThe Officer observed a bundle of cash estmated to be over $1,000.00 ($100 Bills on top & $20 Bills) in the operator's lap. The operator was notified that his license was expired and his vehicle was going to be towed. The Officer did an inventory search of the vehicle and had observed another bundle of cash in a clear bag in the middle console and a smaller bundle of cash in the sunglasses holder. The Officer also observed a bag of clear baggies in the back of the passenger seat holder. The operator girlfriend XXX DOB XX/XX/XXXXshowed up and drove the vehicle away. The Operator had no BOP."
FC20006179,2020-12-31 16:37:00,,HYDE PARK,2136,Stopped,Reasonable Suspicion , Body Worn Camera,Passenger Car/ Automobile,Male,Black,,20.0,Thin,Dark Brown,1,OFFICERS ENCOUNTERED XXX DOB XX/XX/XXXXAFTER CONDUCTING A TRAFFIC STOP AT THE INTERSECTION OF HAVRVARD AVE & EVERETT ST. CJIS INQUIRY REVEALED OPEN FIREARM CHARGES. OFFICERS COULD SMELL THE ODOR OF MARIJUANA EMINATING FROM THE VEHICLE AND ALSO OBSERVED MUTIPLE BOTTLES OF ALCOHOL IN THE TRUNK OF HIS VEHICLE. THE OFFICERS ALSO OBSERVED XXXTO HAVE A BASEBALL BAT LYING NEXT TO THE DRIVER'S-SIDE FOOT WELL. A FRISK OF XXXAND HIS VEHICLE DID NOT REVEAL ANY ILLEGAL WEAPONS.
FC20006171,2020-12-31 08:00:00,TREMONT ST,ROXBURY,2120,Stopped,Probable Cause,,,Male,White,Not of Hispanic Origin,36.0,,,0,"Officer McDonough received a radio call for a male doing drugs and blocking the entrance inside of XXXTremont Street. Officer McDonough encounteredXXX XX/XX/XXXXIt should be noted that XXXhas a significant BOP which includes numerous Breaking and Entering charges, Larceny from a Person as well as Attempted Murder in 2011 (Cambridge). XXXleft the area without incident. XXXwas last seen wearing a green jacket, red winter hat, blue jeans, yellow boots and a duffle bag."
FC21000006,2021-01-01 20:35:00,COLUMBUS AVE,BOSTON,2116,Stopped,Reasonable Suspicion ,,,Male,White,Hispanic Origin,37.0,,,1,"About 8:35 PM on Friday January 1, 2021 officers responded to the area of West Canton Street and Columbus Avenue for a white male 5'10 wearing a navy coat and dark pants who was seen checking a car door. Officers encountered the male (XXX) who spoke little english. During a pat frisk officers located a crack pipe in the males coat pocket. Officers were able through translation to determine the male was a resident of Somerville, he was given a ride to the Back Bay T-Station."
FC21000051,2021-01-04 17:30:00,,BOSTON,2128,Stopped,Reasonable Suspicion ,,Passenger Car/ Automobile,Female,White,Not of Hispanic Origin,33.0,Medium,,1,"About 17:30 hours on Monday 01/04/2021 Officers assigned to the A7 DCU under the direct supervision of Sgt. Det. Freeman were conducting a Drug Investigation in the area of Orient Heights. Officers stopped MA REG: XXXa 2010 Hyundai Genesis operated by XXX (DOB: XX/XX/XXXXas part of the Drug Investigation. Code 28 conducted by P.O Kennedy (A102F) which yielded negative results. Advised to vacate the area, FIO'd and released."
FC21000092,2021-01-07 12:45:00,,BOSTON,2116,Stopped,Probable Cause,,,Male,White,Not of Hispanic Origin,55.0,Medium,,1,"On Thursday, January 7th, 2021, members of the A-1 Drug Control Unit (Det. Murray & P.O. Cahill), under the supervision of Sgt. Det. Dwan, Investigative operation. Officers immediately took notice of a group gathered in the entrance of the “Chinatown” MBTA station. During this investigation Mr. XXXwas stopped after being observed in a street level drug transaction withXXX Mr. XXXwas stopped, drugs were recovered, and Mr. XXXwas informed he would be summonsed into BMC court for ""Pos Class B""."
FC21000097,2021-01-07 22:15:00,MASSACHUSETTS AVE,BOSTON,2115,Stopped,Probable Cause,,,Male,White,Not of Hispanic Origin,40.0,Thin,,1,"R/C for removal at Bank of America ATM 255 Massachusetts Ave for suspect using drugs. Officers locatedXXX DOB XX/XX/XXXXwearing khaki cargo style pants, gray hooded sweatshirt, black puffy jacket with fur trim hood, black adidas sneakers with white stripes, black knit winter hat, black and gray striped scarf. XXXhas a minor cut on the bridge of his nose. XXXin possession of several bags and a black t-shirt with Kohl's price tag still attached. CJIS query revealed XXXhas open cases in Boston, Dedham, and Cambridge for larceny's, shoplifting, receiving stolen property, and drug related offenses. Negative for warrants. D105F (Croke/Mariam)"
FC21000112,2021-01-08 15:55:00,ALLSTATE RD,BOSTON,2118,Stopped,Probable Cause,,,Female,White,Not of Hispanic Origin,30.0,Medium,Light,1,"OFFICER STOPPED AND ARRESTED XXX AT DISTRICT AVE AND ALLSTATE RD IN SOUTH BAY MALL DUE TO TWO WARRANTS AS WELL AS ADDITIONAL CHARGES RELATED TO THE INCIDENT. XXXIS A COMMON SHOPLIFTER IN THE AREA AND TENDS TO BE UNCOOPERATIVE AND AGITATED AND HAS HISTORY OF CRYING AND MAKING A SCENE. XXXATTEMPTED TO FRAME LOSS PREVENTION AND SECURITY OFFICERS THAT DEALT WITH HER AND SHE HAS A HISTORY OF MAKING FALSE ACCUSATIONS. XXXSTOLE FROM NIKE STORE AND CALLED 911 TELLING DISPATCHER SHE WAS BEING CHASED AND ASSAULTED BY ""BLACK MALE"" (XXXIS WHITE WHILE SECURITY GUARD WAS BLACK MALE SHE CALLED 911 AGAINST). XXXCONTINUED TO MAKE FALSE ACCUSATIONS AGAINST SECURITY GUARD AND YELLED SHE WANTED HIM ARRESTED. IT SHOULD BE NOTED THAT XXXASSAULTED SECURITY GUARD AND ATTEMPTED TO RIP HIS MASK OFF AND LATER ADMITTED THAT SHE STOLE BUT HE WAS ""NOT SUPPOSED TO FOLLOW ME"". XXXRESISTED ARREST AND DURING BOOKING FOLDING KNIFE WAS DISCOVERED INSIDE HER ANAL AREA. XXXMADE A STATEMENT THAT SHE ALWAYS CARRIES KNIFE ""FOR PROTECTION"". XXXHAS HISTORY OF LYING AND CLAIMS SHE KNOWS POLICE OFFICERS WHO WILL GET HER OUT OF JAIL. XXXIS A KNOWN DRUG ABUSER AND WILL ATTEMPT TO SLIP THROUGH HANDCUFFS AND HIDE WEAPONS AND DRUGS FROM OFFICERS IF ARRESTED. LEVICHEV/COSTELLO -F101D-"
FC21000136,2021-01-11 13:45:00,EDINBORO ST,BOSTON,2111,Stopped,Probable Cause,,,Male,Black,Not of Hispanic Origin,52.0,Medium,,1,A-1 DCU DRUG INVESTXXX WAS STOPPED BY OFFICERS INSIDE OF CHINATOWN PARK ALONG WITH XXXPREPARING TO INGEST CRACK COCAINE. BOTH XXXAND XXXWERE CHARGED WITH POSSESSION OF CLASS B XXXWAS FIO'D AND RELEASED ON SCENE XXXWAS PLACED UNDER ARREST FOR OUTSTANDING WARRANTS THIS IS AN ON GOING AND ACTIVE INVESTIGATION
FC21000142,2021-01-11 20:46:00,W BROOKLINE ST,BOSTON,2118,Stopped,Probable Cause,,,Male,White,Not of Hispanic Origin,33.0,Medium,Medium,1,"R/C for male in alleyway behind 153 W Brookline Street yelling at himself and stumbling, going through trash and checking car doors. Officers located suspect, later identified as XXX, who was yelling inaudibly in front of a dumpster and appeared to be under influence of drugs. XXX provided officers initially with the name ""XXX DOB XX/XX/XXXXXXX states he was in the area of Lawrence Street with his boyfriend who had left him after they had done some type of party drugs (unknown to him). EMS transported XXX to BMC for further medical evaluation. CJIS query showed that XXX is currently on Parole and has recent guilty findings for ABDW, B&E, Malicious Destruction Property, Trafficking Fentanyl, along with other drug and property related charges. D201F (Croke/Gambon)"
FC21000172,2021-01-15 00:00:00,RIVER ST,BOSTON,2126,Stopped,Probable Cause,,,Male,Black,,35.0,Thin,Dark Brown,1,Officers responded to a call for a man doing drugs in the 4th floor laundry room. Suspect was found in laundry room sans drugs and paraphernalia. He was removed from property and advised not to return.
FC21000194,2021-01-19 15:58:00,,BOSTON,2128,Stopped,Reasonable Suspicion ,,Passenger Car/ Automobile,Male,White,Unknown,55.0,,,1,"On Tuesday January 19,2021 at about 15:58 members of the A-7 DCU observed MA Tag XXXpull over and park in front of 500 Border St ( The Shore Plaza Housing Complex ). The complex has been the source of numerous complaints for Drug activity as well as Shootings and Assault's. After parking, the operator , later ID as XXX , was observed entering the complex and after several minutes exiting. Based on XXXentering and exiting the complex as well as the prior experience and training of the officers it was believed that XXXmay have engaged in a Street level drug transaction while in the complex. The officers approached XXXon foot with their badges displayed for further inquiry. During the inquiry, XXXinformed the officers that he was in possession of Marijuana. The Marijuana was found to be less than 1 ounce and XXXwas allowed to keep his Marijuana and leave the scene."
FC21000293,2021-01-28 00:00:00,,BOSTON,2126,Stopped,Reasonable Suspicion ,,,Female,White,Not of Hispanic Origin,29.0,,,1,"On January 28, 2021 at about 12:15 PM, Sgt Det. Champagnie (Member of the Drug Control Unit assigned to District B3), while conducting a drug investigation in the area of Caddy Rd and Monson St, Mattapan, observed one,XXX (DOB XX/XX/XXXXenter a green pick up truck (said M/V will be omitted due to an on-going drug investigation). Said M/V then went around the area in a circle and proceeded to drop off XXXin the same area she was picked up in. Through the Officers training and experience, the Officers believed a street level drug transaction had just occurred. With the assistance of the C415D unit (PO. Leon, also a member of the B3 DCU) and Det. Acloque (who was performing a paid detail and also a member of the B3 DCU), a threshold was conducted with XXXin the area mentioned above. XXXwas untruthful with her whereabouts prior to police interactions. A pat frisk of XXXhand clutch and her coat (XXXremoved herself), resulted in negative results for any narcotics. XXXwas FIO'ed and released. This investigation is still on-going."
FC21000285,2021-01-28 22:20:00,HARRISON AVE,BOSTON,2111,Stopped,Probable Cause,,Passenger Car/ Automobile,Female,White,Not of Hispanic Origin,27.0,Medium,Medium Brown,1,Officers were conducting a drug investigation in the area of essex st which lead to a warrant arrest ofXXX officers were flagged down by XXX who is the Facilities assistant at XXXessex who informed officers that NC REG XXXwhich is normally occupied by two females are involved in illegal drug distribution in front of the parking garage at XXXessex. officers were able to identify the operator of the motor vehicle and did observe multiple users by the vehicle. ref 212006147
FC21000331,2021-02-03 16:21:00,PARAGON RD,WEST ROXBURY,2132,Stopped,Probable Cause,,,Male,White,Not of Hispanic Origin,35.0,Medium,,1,XXX was stopped after meeting with an individual in MA Reg XXXThis vehicle is registered to XXX XX/XX/XXXXXXX quickly entered MA Reg XXXregistered to XXX XX/XX/XXXXBoth XXXand XXXare often observed together and suffer from severe drug addiction. No contraband was located on XXXperson.
FC21000341,2021-02-04 16:00:00,ROWE ST,BOSTON,2131,Stopped,Reasonable Suspicion ,,Passenger Van,Male,White,Not of Hispanic Origin,37.0,,,1,"On Thursday, 02/04/2021, Officers of the District E 5 Drug Control Unit, under the supervision of Sgt. Det. Anthony Troy were conducting surveillance in the area of Rowe St at Cummings Hwy for drug activity. Surveillance was conducted in response to recent community complaints of street level drug activity. Officers observed a black Honda Odysse Van (MA XXXthat was found to be registered to a XXX DOB XX/XX/XXXXof Newton Massachusetts. The vehicle had been queried 119 times by surrounding city and towns. Further, Mr. XXXwas found to have a criminal history that included recent possession Class A substance. The Honda Van was parked on Rowe St near Cummings Hwy, occupied by registered owner XXXwhen a female, subsequently identified as XXX DOB XX/XX/XXXXwas observed exiting a second vehicle and entered the front passenger side of the Honda Van. Officers observed both parties turned into each other focused on center console. Officers ultimately approached vehicle and spoke with both parties. XXXadmitted to having a p/b of marijuana which was produced. No other contraband was located. Both parties were fioed."
FC21000392,2021-02-09 13:20:00,,BOSTON,2126,Stopped,Probable Cause,,Passenger Car/ Automobile,Male,Black,Not of Hispanic Origin,21.0,Medium,,1,"XXX (Maverick St. Associate) stopped for a stop sign violation at Crossman and Babson Street, Mattapan. XXXwas operating a silver rental sedan (FL Reg: XXX During the stop, XXXbecame increasingly nervous, argued with Officers and continually shielded the right side of his body against the middle console of the vehicle. Officers eventually removed XXXfrom the vehicle and located packaged marijuana in the middle console as well as a lit marijuana cigarette in the cup holder. Officers also observed a large sum of cash in the driver's side door of the vehicle. XXXwas pat-frisked for the presence of a weapon to no avail. No weapons were located in the vehicle. XXXhas two prior firearm convictions and was recently released for firearm possession in East Boston. XXXwas issued a verbal warning for the stop sign violation (c. 89, s. 9) and open container of marijuana in a vehicle."
FC21000435,2021-02-12 09:00:00,,BOSTON,2114,Stopped,Probable Cause,,Passenger Car/ Automobile,Male,White,Not of Hispanic Origin,66.0,Thin,,1,Officers stopped XXXfor vals. XXXhas open 94c cases on BOP. XXXhas been observed in and around Baycove and 101 Canal where numerous known users approach and congregate around his vehicle. Located in the center console was a digital scale which had white residue covering it.
FC21000454,2021-02-13 19:46:00,WASHINGTON ST,BOSTON,2130,Stopped,Reasonable Suspicion ,,,Male,White,Hispanic Origin,40.0,,,1,"Officers observed XXX on the top-side of Forest Hill MBTA station. For about 20 minutes, he was pacing back and forth outside and making/receiving cell phone calls. It should be noted that the temperature outside was 28 degrees. He would continuously look in both directions as if he was waiting for someone to arrive, but from which direction he did not know. At one point, he was observed appearing to get angry after hanging up from one of the calls. Eventually, XXX went down stairs and boarded the #21 bus. As XXX sat in the back of the bus, he immediately got up, ran off the bus and ran back upstairs to where he was first observed. XXX was observed leaning into the passenger side of a silver sedan. After a brief exchange, XXX ran back downstairs and boarded the #21 bus again. Officer McGrath believing that a street level drug transaction had occurred, followed XXX onto the bus and had him exit the bus. Officer Feeney and McGrath spoke with XXX who told Officers that he was waiting for someone up stairs, but they never came and he got on the bus. Officers knew this to be untrue. Officers advised him of his Miranda Warnings to which he stated he understood. During this encounter, a bystander was video taping the incident, claiming he was XXX's neighbor. XXX again told Officers that he was waiting for someone who did not show up. Officers informed him of of their observations and XXX stated that he was just getting $5 from the car. After a search, nothing of value was recovered from XXX. But it should be noted that that this drug squad has a past incident with him (I#192100975) where he was summonsed for distribution of Class A and Possession of Class A."
FC21000537,2021-02-19 11:20:00,ALLSTATE RD,DORCHESTER,2125,Stopped,Probable Cause,,,Female,White,Not of Hispanic Origin,31.0,Medium,Light,0,"OFFICER STOPPED XXX IN SOUTH BAY MALL PARKING LOT AFTER TARGET SECURITY POINTED HER OUT LEAVING WITH STOLEN MERCHANDISE AND STOLEN MERCHANDISE WAS RECOVERED AND RETURNED TO TARGET. XXXIS A KNOWN SHOPLIFTER TO KEEPS COMING BACK TO SOUTH BAY MALL, IS KNOWN TO ARGUE AND ASSAULT STAFF, AND IS KNOWN TO CARRY KNIFE AND DRUGS IN HER PRIVATE AREA. XXXWAS TOLD TO STAY AWAY FROM ENTIRE SOUTH BAY MALL AREA OR BE CHARGED TRESPASSING. LEVICHEV -F630D-"
FC21000588,2021-02-22 19:15:00,,BOSTON,2114,Stopped,Reasonable Suspicion ,,Passenger Car/ Automobile,Male,White,Not of Hispanic Origin,33.0,,,1,"ABOUT 19:30 HOURS MEMBERS OF THE A1 ANTI-CRIME UNIT CONDUCTED A DRUG INVESTIGATION IN THE AREA OF PORTLAND ST AT VALENTI WAY. OFFICERS OBSERVED MA REG XXXOPERATED BY XXXOFFICERS OBSERVED THE MV TO BE PARKED AND THE OPERATOR JUST SITTING THERE. AFTER ABOUT TEN MINUTES OFFICERS OBSERVED A UNKNOWN FEMALE ENTER THE PASSENGERS SIDE. THE VEHICLE CONTINUED TO TRAVEL DOWN PORTLAND TOWARD CAUSEWAY. XXXTURNED RIGHT ONTO CAUSEWAY AND TRAVEL TOWARD BEVERLY. DURING THE LEGNTH OF TRAVEL, THE MV WAS CROSSING FROM LANE TO LANE AND USING OPPOSITE DIRECTIONALS OF TRAVEL. THE VEHICLE THEN PUT THE LEFT DIRECTIONAL ON HOWEVER TRAVELED RIGHT ONTO BEVERLY ST. ON BEVERLY, THE VEHICLE ABRUPTLY STOPPED THEN CONTINUED TO PROCEED AND ABRUPTLY STOP AGAIN JUST AFTER ""TAVERN IN THE SQUARE"" RESTURANT. THE FEMALE PASSENGER THEN EXITED THE MV, STARED DIRECTLY AT OFFICERS WITH A WIDE EYE STARE. THE PASSENGER THEN STATED SOMETHING TO XXXTHE UNKNOWN FEMALE PASSENGER THEN PUT HER HEAD DOWN AND RAN ACROSS THE STREET IN THE DIRECTION OF THE LOADING AREA OF 101 BEVERLY ST. XXXCONTINUED AND CAME TO ANOTHER ABRUPT STOP BLOCKING THE CROSSWALK AT VALENTI AND BEVERLY. OFFICERS WERE ABLE TO CONDUCT A TS, WHERE XXXIMMEDIETLY INSISTED ON OFFICERS TO CONDUCT A CONSENTIAL SEARCH OF HIS MV AND PERSON, WHICH REVEALED NEGATIVE RESULTS. XXXSTATED HE WAS GIVING A FEMALE FRIEND XXXA RIDE TO SOME HOTEL ON SOME STREET BUT COULD NOT PROVIDE A STREET OR HOTEL NAME. OFFICERS ARE FAMILIAR WITH XXXFROM A SIMILAR ENCOUNTER WHERE MULTIPLE P/B OF HEROIN WERE RECOVERED. BWC ACTIVATED DURING STOP, VERBAL WARNING GIVEN"
FC21000613,2021-02-24 00:11:00,COLUMBIA RD,BOSTON,2125,Stopped,Encounter,,Passenger Car/ Automobile,Male,Black,Unknown,34.0,,,1,"TSTOP for VALS of MA XXXat XXXColombia Rd on 02/24 at 12:11am. Operator identified as XXX A CJIS inquiry revealed that he did not have an active license. (Prior F/A Charge: Rhode Island) Due to several observations and the inactive license XXXwas removed from the vehicle. Officers located a wad of US currency on XXXperson. Officers observed the backseat of the vehicle to not be secured and easily removable and observed wiring leading to an auxiliary battery which was concealed in the trunk. Officers observed a large natural void in the engine area of the vehicle where a vehicle would normally have a battery. Officers also observed many body panels of the vehicle to be loose and further natural voids. Officers located a small amount of personal use Marijuana. Officers located a place to legally park and secure the vehicle. XXXwas advised that he could not operate a vehicle until he contacted the RMV and renewed his license. F431A Burke, F421A Fullam"
FC21000647,2021-02-24 16:15:00,MERIDIAN ST,EAST BOSTON,2128,Stopped,Reasonable Suspicion ,,,Male,White,Hispanic Origin,21.0,Thin,,1,About 4:15 PM on Wednesday 02/24/2021 Officers assigned to the District A7/DCU under the direct supervision of Sgt. Det. Freeman were conducting a Drug Investigation in the area of Eagle Hill. Officers observed the above listed individualXXX (DOB: XX/XX/XXXXcoming in and out of a known drug location within the Shore Plaza Housing Development. Officers stopped XXXas part of this Drug Investigation. Officers searched XXXhowever no narcotics were discovered. Officers advised XXXto vacate the area. FIO'd and released from the area.
FC21000643,2021-02-25 12:00:00,,BOSTON,2119,Stopped,Reasonable Suspicion ,,,Male,White,Not of Hispanic Origin,48.0,Average,Fair,0,While on a Code 19 at Island and Gerard Officers did a well being check onXXX who was sleeping in a wheel chair behind Sunoco Gas Station. XXXstated he was trying to make his way to the officer's post to give us information on drug dealing activity but fell asleep while in route. XXXsaid that a white male late 30's early 40's meets a group next to the Fire Dept. Building on the Mass Ave. side around 10am almost everyday to supply drugs. B660D- M. O'Loughlin
FC21000693,2021-02-27 14:00:00,CENTRE ST,BOSTON,2131,Stopped,Reasonable Suspicion ,,Cargo Van,Male,White,Not of Hispanic Origin,53.0,Heavy,,1,"On Saturday, 2/27/2021, at approximately 14:00, Officers of the District E 5 Drug Control Unit, under the supervision of Sgt. Det. Anthony Troy, observed a brief meeting in the area of 1400 Centre Street between an unknown male and a male subsequently identified as XXX DOB XX/XX/XXXX Officers observed the two parties meet at the driver side of a white Ford Van (MA COMM XXXand appeared to exchange small hand held items. Mr. XXXthen entered the driver side of the Van and proceed to drive away as the unknown male quickly entered an address nearby. An inquiry of the Van License plate provided a information of Mr. XXXbeing the registered owner with two entries in his criminal history of Possession Class B and Possession Class E. Officers approached the van as it was stopped in traffic on Centre Street outbound from original location. Mr. XXXwas very agitated and advised that he had just met with his accountant and displayed a tan folder. It should be noted that Mr. XXXwas not holding this folder while meeting with the unknown male. Detective Samaras did a brief pat frisk of Mr. XXXouter jacket while he was still sitting in the vehicle and Mr. XXXbecame increasingly agitated and verbally abusive to officers. Mr. XXXwas then advised of officers observations and denied having any illicit items. The interaction was discontinued at this time."
FC21000738,2021-02-28 17:26:00,MASSACHUSETTS AVE,BOSTON,2118,Stopped,Probable Cause,,,Male,White,Not of Hispanic Origin,30.0,,,0,"On 2/28/21 at 1745 R/C for Suspicious Person at 668 Massachusetts Avenue. Officers located the suspect matching the description of a W/M 6'00 skinny build wearing all black, later identified as XXX XX/XX/XXXXXXX was in possession of a kit used for IV drug use. XXX has prior convictions for Drug and Firearm related offenses. Negative for warrants/FIO'd and released. D201F (Croke/Gambon)"
FC21000704,2021-02-28 22:00:00,,BOSTON,2110,Stopped,Probable Cause,,Suv (sport Utility Vehicle),Female,White,Not of Hispanic Origin,27.0,Medium,Medium Brown,1,MEMBERS OF THE FH A-1 ANTICRIME UNIT CONDUCTED A TS FOR VALS IN THE AREA OF ESSEX ST AND SOUTH ST ON MI REG XXXOPERATOR XXX KNOWN TO OFFICERS IN THE CHINATOWN AREA WHO IS INVOLVED WITH ILLEGAL DISTRIBUTION OF DRUGS. XXXHAS A PRIOR FIREARM CHARGE. OFFICERS WILL CONTINUE TO MONITOR THE AREA.
FC21000771,2021-03-04 09:29:00,,BOSTON,2118,Stopped,Probable Cause,,,Male,Black,Hispanic Origin,31.0,Medium,Light Brown,1,"Officers observed three individuals behind the bus stop at Massachusetts Ave and Harrison Ave. The individuals were huddled close together, with one individual having money in his hand. Officers believed a street level drug transaction was about to occur or had occurred. The individuals saw Officers pull up next to them and immediately tried to disperse. Officers were given the name XXX (DOB XX/XX/XXXX). Officers could not locate the suspect via a CJIS inquiry or Mark 43 inquiry. The suspect stated that he was staying at 112 Southampton, but could not provide a shelter ID. Officers were then able to locate the name XXXXXX (DOB XX/XX/XXXX) and an active straight felony warrant. It should be noted that the warrant was located under XXXXXX (DOB XX/XX/XXXX). XXX's CJIS information is located under XXXXXX (DOB XX/XX/XXXX) with an OLN of XXX Once placed into custody XXX became verbally assaultive and non compliant with Officers. Mathewson/Linnane (DK01D)"
FC21000824,2021-03-05 21:42:00,,BOSTON,2111,Stopped,Reasonable Suspicion ,,Passenger Car/ Automobile,Male,White,Unknown,22.0,,,1,FH A-1 Anti-Crime Unit officers conducted a ts for vals in the area of kneeland st and tyler st on ma reg XXXa gray 2000 chevy impala. operator XXX appeared as he may have been smoking marijuana recently in the motor vehicle. further inquiry officers observed multiple mason jars with marijuana and marijuana residue as well as packaging for possible sale. officers also observed a large knife in center console. XXXwas issued an exit order and frisked for additional weapons while officers then conducted a road side interview. no additional weapons were recovered.
FC21000937,2021-03-13 21:30:00,,BOSTON,2125,Stopped,Probable Cause,,Passenger Car/ Automobile,Male,Black,Not of Hispanic Origin,37.0,Medium,,1,OFFICERS CONDUCTED A T-STOP ON A NISSAN ALTIMA (MA REG. XXXOPERATOR XXX (INACTIVE LENOX) WITH OPEN FIREARM AND DRUG CASES OUT OF SUFFOLK SUPERIOR. XXXHAD NO LICENSE TO OPERATE. OFFICERS ALSO OBSERVED A DIGITAL SCALE AND LARGE AMOUNTS OF CURRENCY IN THE VEHICLE. A PAT FRISK OF THE VEHICLE YIELDED NEGATIVE RESULTS FOR DRUGS OR WEAPONS. BK01F/BK03F
FC21000938,2021-03-13 21:54:00,SOUTHAMPTON ST,ROXBURY,2118,Stopped,Probable Cause,,Passenger Car/ Automobile,Male,White,Not of Hispanic Origin,35.0,Thin,,0,"TS VALS 945PM SOUTHAMPTON / ATKINSON observed at 500PM XXXidling in front of 112 Southampton shelter (Atkinson st) (injection site). Operator was speaking to multiple people who use the injection site by his vehicle. occupied by the operator (XXX) and unknown white male. Same vehicle/operator seen idling on Southampton at 945PM. vehicle began to move on site of officers, on Southampton to bradston st to Atkinson st then left on the wrong ""one way"" on Southampton indicating nervousness and no apparent destination. officers stopped vehicle which the operator (XXX) said he was looking for someone, then changed his story to going to rent a u haul. XXXhas 80 entries on BOP including murder attempt, ABDW, drug distribution and armed robbery. Citation issued DK01F Fullam R. / Hessler"
FC21000960,2021-03-15 14:40:00,DORCHESTER AVE,DORCHESTER,2124,Stopped,Encounter,,,Male,Black,Not of Hispanic Origin,36.0,Medium,Dark Brown,0,"Officers observed XXX standing in the parking lot of 1931 Dorchester Ave. Officers were in the area due to numerous neighborhood complaints of drug activity and drinking. XXXwas standing near a recently posted ""No Trespassing"" sign. Officers observed XXXto be in the parking lot for approximately 25 minutes. Officers spoke with XXXwho stated that the officers were, ""on their bullshit"" and had nothing better to do. XXXwas advised of the ""No Trespassing"" sign and left on foot towards Ashmont St."
FC21000968,2021-03-15 21:12:00,RODMAN ST,JAMAICA PLAIN,2130,Stopped,Reasonable Suspicion ,,Suv (sport Utility Vehicle),Male,Black,Not of Hispanic Origin,43.0,Medium,,0,"Officers responded to a R/C for Investigate Motor Vehicle/Loud Music at XXXRodman Street, Jamaica Plain. Upon arrival, officers heard loud music coming from a gray Ford Escape (MA REG XXXidling in front of XXXRodman Street. Officers approached the vehicle and observed one occupant asleep in the drivers seat. Officers woke the driver and advised him that he needed to turn the music down. The individual complied. Officers observed a small sandwich bag size of what appeared to be marijuana in the center console and an unopened bottle of Corona in a brown paper bag tucked between the drivers right arm and the center console. The individual provided officers with his his identification (XXX). Multiple open DISTRIBUTE/DISPENSE CLASS B - COCAINE on bop. As officers were leaving the scene XXXturned his music back up. Officers advised XXXhe would be issued a citation if he did not comply. XXXcomplied. FIOE for intel. J101F (Ruiz/Schultz)"
FC21001003,2021-03-17 00:00:00,WASHINGTON ST,BOSTON,2108,Stopped,Probable Cause,,,Male,Black,Not of Hispanic Origin,23.0,Thin,,0,"Officers responded to a radio call for a black male approximately 21 year old wearing a black hat, brown jacket and pants, smoking marijuana inside and refusing to leave the corner mall. Officers' respond to this location several times on a daily basis due to individuals, smoking marijuana, selling drugs, starting fights and harassing customers. Upon arrival the security staff informed the officers that the suspect was still on scene, while pointing at a male fitting the above description. The officers recognized the suspect as XXX XX/XX/XXXXOfficers are aware that XXXfrequents the corner mall and is the cause of several calls at this location. The officers did not see XXXsmoking inside and they escorted him off the property."
FC21000994,2021-03-17 01:58:00,,BOSTON,2116,Stopped,Probable Cause,,,Male,Black,Unknown,39.0,Medium,Medium Brown,1,"About 1:58 am officers observed a large group walking on Essex Street towards Boylston Street attempting to congregate at the Essex St exit of the 660 Washington Street garage. Officers have received past radio calls for complaints of loitering and drug use in that area. Officer observed a male subject XXX DOB XX/XX/XXXXamongst the group known to officers from past drug arrests. Officers conducted a CJIS inquiry which yielded a felony warrant for larceny and ABDW out of BMC. XXXwas placed under arrest for the warrant and transported to A-1 to be booked. At booking it was discovered that XXXhad concealed crack and powder cocaine on his person. XXXwas also in possession of a large sum of money which was also seized. XXXwas additionally charged with possession of class B with intent to distribute. A435A (Saintfort), AK01A (Leo/Garcia), & Booking (Muckerheide)"
FC21000999,2021-03-17 13:00:00,BLUE HILL AVE & QUINCY ST,BOSTON,2121,Stopped,Intel,,,Male,Black,Not of Hispanic Origin,23.0,Medium,,1,"Officers placed XXX under arrest for an active warrant. Mr. XXXwas found to have a large amount of cash in different denominations, he also was in possession of 3 cell phones, prior to officers approaching they observed multiple known drug users approaching his motor vehicle and quickly separating themselves after brief conversations. XXXwas operating Commercial REG XXX"
FC21001044,2021-03-20 17:52:00,SOUTHAMPTON ST,ROXBURY,2118,Stopped,Reasonable Suspicion ,,,Male,White,Hispanic Origin,45.0,Medium,,0,"As a result of an ongoing drug investigation conducted by the D4 DCU V919 (Sgt. Deleon), VD05 (D. O'Donnell) directed the DK01F to conduct an FIO of an individual for identification purposes in the area of Southampton St./Atkinson St. With the description provided by Det. Boyle the DK01F approached and identified the individual in question as XXX(DOB XX/XX/XXXXXXX was wearing a red and black baseball cap, black jacket with red sweatshirt underneath, red colored pants, and white sneakers. FIO & released. DK01F (Simonson/Dick)"
FC21001105,2021-03-24 12:15:00,MASSACHUSETTS AVE,BOSTON,2118,Stopped,Reasonable Suspicion ,,,Male,Black,Hispanic Origin,52.0,Thin,,0,"Officers spoke with XXX in the rear of 691 Mass. Ave. XXXhad needles and drug paraphernalia in his possession, and in his general area. CJIS check revealed no active warrants. XXXcleaned up his area and left without further incident. XXXadvised not to return to the area, and to find a more secluded location for those activities. Walton/Tobin"
FC21001120,2021-03-24 17:44:00,,DORCHESTER,2126,Stopped,Probable Cause,,Passenger Car/ Automobile,Male,Black,,26.0,Medium,Light,1,"About 5:44PM on Wednesday, March 24, 2021, Officers conducted a TStop for VALS (Excessive Tint) on a 2016 Honda Civic, gray in color, bearing MA-Reg. XXXnear the intersection of Morton Street and Selden Street, Mattapan. The vehicle had sixty one (61) recent queries including one by Officer Patrick McLeod of the Braintree Police Department stating XXX, XXXHIDE PASSEN FLOOR"". It should also be noted that the same vehicle failed to stop for B3 officers on February 10, 2021. The operator and sole occupant of the vehicle, later identified as XXX (DOB: XX/XX/XXXXinformed officers that he had a suspended license. During an inventory of the vehicle, officer located an area on the front, passenger floor which made a metal rattling sound when knocked on and the area sounded as though it was hollow. Officers believed to possibly be the hide that Officer McLeod was referring to. A K9 sweep yielded negative results. Officers later spoke with Officer McLeod who stated that he did in fact locate a hide under the carpet of the front, passenger seat area. Officer McLeod informed officers that the hide was empty at the time that he located it. Officer McLeod stated that he was able to access the hide by lifting the carpet in that front, passenger seat area where he observed an area that was cut out in the bottom of the vehicle which he estimated to be approximately six inches by six inches (6"" X 6""). XXXwas on active probation out of Bristol Superior Court until July of 2021 and had multiple drug and firearm related entries on his BOP. XXXwas placed under arrest for Operating After License Suspended; Subsequent Offense. FIO completed to associate XXXwith the 2016 Honda Civic which was registered to XXX (DOB: XX/XX/XXXXout of XXXJohnston Road, Apartment 3, Dorchester."
FC21001152,2021-03-26 18:01:00,SHAWMUT AVE,ROXBURY,2118,Stopped,Probable Cause,,Passenger Car/ Automobile,Male,Black,Not of Hispanic Origin,25.0,Thin,,0,TS VALS 3/26/21 6:00PM 559 Shawmut Ave (Lenox Project Housing Development). Active primary Franklin Field member (XXX) operating sisters vehicle MAREG#XXX. XXXmultiple drug distribution charges. Will be summonsed to Rox. Court.
FC21001224,2021-03-30 22:55:00,MASS AVE & MELNEA CASS,BOSTON,2119,Stopped,Intel,,,Male,White,Hispanic Origin,58.0,,,0,"As a result of an ongoing drug investigation conducted by the D4-DCU, SGT Browning (V938) directed D101F to conduct an FIO of an individual for identification purposes at Massachusetts Ave and Melnea Cass Blvd. With the description provided by P.O O'Donell (VD05) the Officers approached and identified the individual asXXX (DOB XX/XX/XXXXXXX was wearing a black XXXjacket with a red stripe near the zipper and grey pants. D101F (Murray/McDonough)"
FC21001238,2021-03-31 00:00:00,CHAUNCY ST,BOSTON,2111,Stopped,Probable Cause,,,Male,White,Not of Hispanic Origin,43.0,Medium,,0,Officers observed XXXengage in a hand to hand street level drug transaction with an unknown black male (to be identified at a later date) on Chauncy St. As XXXseparated from the unknown male he was observed to place what he and just purchased into his mouth. Officers stopped and identified themselves to XXXOfficers immediately noticed XXXto begin to make swallowing motions. Officers ordered XXXto spit out the drugs but XXXcontinued to chew on drugs and was finally able to swallow them. XXXwas FIO'd and released from the scene.
FC21001245,2021-03-31 18:19:00,,DORCHESTER,2124,Stopped,Encounter,,Passenger Car/ Automobile,Male,White,Hispanic Origin,20.0,Medium,,1,"About 6:19 pm, on Wednesday, 03/31/21, Officers stopped CT Reg XXX(Rental), for vals (Speed) at the intersection of Norfolk St and Thetford Ave. Operating the motor vehicle was XXX (DOB XX/XX/XXXXactive Orchard Park member with past FA violations, and an open FA violation on the BOP. It should be noted that while speaking with XXXOfficers observed his breathing to be rapid, and his chest rising and falling at a fast pace. Based on this, and his prior involvement around FA's Officers removed XXXand conducted a pat frisk of his person and the vehicle to no avail. XXXstated that he was nervous because he had some marijuana in the car. XXX-XXXwas FIOED and released. CK01F Monzon/Miller"
FC21001247,2021-03-31 20:58:00,THORNDIKE ST,BOSTON,2118,Stopped,Reasonable Suspicion ,,,Male,Black,,54.0,Muscular,Medium Brown,0,"TS for Uninsured MV MA Reg XXXOwner and suspected operator,XXX fled TS on foot into building on corner of Washington St and E Lenox St. XXXcould not be located. XXXhas a warrant for XXX, open trafficking charges and multiple firearm charges. Unknown passenger also fled into same building and could not be located. Multiple baggies typically used for drug packaging were located in the vehicle. D435F O'Leary"
FC21001288,2021-04-03 21:24:00,BELVIDERE ST,BOSTON,2115,Stopped,Intel,,,Male,White,,20.0,,,0,"Officers responded to a radio call for a grey Honda Accord (AL REG: XXXpossibly involved with drug transactions from aforementioned vehicle outside XXXBelvidere Street, Boston. Officers encountered driver/owner of the vehicle XXXDOB XX/XX/XXXXwho stated he went to school in the area at Northeastern University. XXXstated he was in the area waiting for a friend at the Hilton Hotel. CJIS inquiry reveled XXXwas the registered owner and had an active license. XXXFIO'D and released. D103F (Murray/Stone) D499 (Antonino)"
FC21001302,2021-04-04 19:00:00,NEPONSET AVE,DORCHESTER,2122,Stopped,Reasonable Suspicion ,,,Male,White,,47.0,Thin,Light,0,Officer encounteredXXX(dob XX/XX/XXXXon Neponset Ave and Minot Street while responding to a call for a suspicious person. XXXstated his brothers girlfriend lives at XXXNeponset Ave. The caller stated that she believes the residents on the top floor of XXXNeponset Ave are engaging in drug activity. XXXhas extensive history of drug and larceny crimes.
FC21001351,2021-04-07 03:01:00,SOUTHAMPTON ST,ROXBURY,2118,Stopped,Reasonable Suspicion ,,Suv (sport Utility Vehicle),Male,Black,Not of Hispanic Origin,55.0,Thin,,0,"TSTOP MA REG XXX2021 black Jeep Grand Cherokee in the area of 112 Southampton street. Driver identified as XXXDOB XX/XX/XXXXsignificant drug criminal history. Observed to briefly interact with a group already under surveillance for suspected drug related activity within the homeless and substance abuse afflicted population. Stated he was ""dropping off cartons of cigarettes"". XXXwas in possession of a large wad of US currency. FIO'd to associate with brand new vehicle. XXXstated he was currently unemployed."
FC21001401,2021-04-09 17:23:00,MASSACHUSETTS AVE,BOSTON,2118,Stopped,Reasonable Suspicion ,,,Male,White,Not of Hispanic Origin,35.0,Thin,,1,About 529pm Friday 04/09/2021 officers Reavis & Crowley in the D103F observed a person committing suspicious activity at 523 Massachusetts Ave Boston. Upon arrival officers observed subject (XXX) stop franticly while riding on his bicycle and appear to drop drugs on the ground. Officers approached XXXand inquired about what he was doing. XXXemptied his pockets on his own will and told officers he did not have drugs but he did possess a crack pipe. Officers conducted a CJIS inquire of XXXand he did not have any warrants. XXXthrew away his crack pipe and continued on his way to the shelter at 112 Southampton where he resides.
FC21001424,2021-04-10 21:19:00,FRONTAGE RD,SOUTH BOSTON,2118,Stopped,Reasonable Suspicion ,,Suv (sport Utility Vehicle),Male,Black,Not of Hispanic Origin,37.0,Heavy,,1,"Officers assigned to the District C-6 DCU under the direct supervision of Sgt. Charbonnier along with Officers assigned to the District C-11 DCU under the direct supervision of Sgt. Det. O'Malley were conducting a Drug Investigation in the area of the Old Colony Housing Projects. Officers while conducting surveillance of FL REG: XXXobserved the vehicle travel through the red light at Preble St. & Dorchester Ave. Officers further observed the vehicle to increase speed, traveling at approx. 50+ MPH. Officers observe the vehicle continue at a high rate of speed, onto Southampton St. then onto I-93 Frontage Rd. Officers then initiated a Traffic Stop on FL REG: XXX in the area of 300 Frontage Rd. Officer Gomes along with Officer Esteves both operating a marked BPD cruiser (6512) in full uniform approached the vehicle. Officer Gomes made contact and Identified the Operator as XXX(DOB: XX/XX/XXXX Officers assigned to District C-6 DCU as well as District C-11 DCU arrived and assisted on-scene. The Operator XXX was removed from the vehicle, frisked with negative results, and Issued MA Uniform Citation XXXfor 89/9 (Red Light Vio) as well as 90/17 (Speeding). The Operator XXX was then released from the scene. Following the Traffic Stop, as part of an on-going Drug Investigation, Officers recovered keys from XXXto XXXMary Boyle Way. Officers then went to XXXMary Boyle Way, and froze that address pending a Search Warrant of the residence."
FC21001448,2021-04-12 16:05:00,MASSACHUSETTS AVE CONNECTOR,BOSTON,2118,Stopped,Intel,,,Male,Black,Hispanic Origin,55.0,Thin,,0,"At 6:05pm on 4/12/21, under the direction of the V985 (Sgt. Brown) and as part of an ongoing D4 DCU drug investigation (I212023614), Officers assigned to the DK01F did make a suspect stop in the area of Mass Ave and the Mass Ave Connector. Officers identified XXX (DOB: XX/XX/XXXXas he was standing with a group of known drug users. Mr. XXXwas wearing a black hooded jacket and black sweatpants. XXXwas cordial with officers during stop. BWC's activated during stop. Photograph of suspect attached in suspect card."
FC21001467,2021-04-13 21:03:00,BACK ST & CLARENDON ST,BOSTON,2116,Stopped,Probable Cause,,,Male,White,Not of Hispanic Origin,37.0,Medium,Medium,1,"2103 hours R/C for male ""under the influence"" wandering around Back St/Clarendon St area of Back Bay. Officers observed male matching description w/m grey ""BRUINS"" hooded sweatshirt also wearing jeans nearing off-ramp of Storrow Drive. Male identified as XXX who initially stated his name was XXXbut quickly corrected himself and provided his true name. Officers were made aware from previous FIOE #FC21001396 XXXuses the alias XXX. XXXhas open charges of B&E, Larceny from Building, Shoplifting, Mal Destruction Prop, and poss. class A. XXXhad a small cut above his left eye. XXXwas in possession of a hypodermic needle and stated used earlier in the day, declined EMS. Provided shelter ride to 112 Southampton Street. D103F (Croke/Stone)"
FC21001584,2021-04-23 20:29:00,MARKET ST,BRIGHTON,2135,Stopped,Probable Cause,,,Female,White,Not of Hispanic Origin,34.0,,,1,"Officers responded to a radio call for a larceny in-progress at the CVS pharmacy at 207 Market St, Brighton On scene officers observed an individual at the self register of the CVS matching the description given in the call of a slender white female with a black adidas jacket and pants with white stripes , black baseball hat and a back pack. Officers stopped and identified the individual as XXX, who appeared to be under the influence of some substance. While speaking with XXXofficers asked if they could check XXXbag to which she agreed. Officers recovered the items that were taken and returned them to the store manager. Officers while speaking with XXXobserved her to be acting very erratic as if she was under the influence of some substance. Officers asked XXXif she was under the influence of any drugs to which she stated she was and that she was going to the hospital, after she picked up some female products. Officers asked if XXXneeded to be seen by ems to which she denied and stated she would go to the hospital on her own. XXXwas trespassed from the scene and escorted from the property. K104F (Dunn/Kennedy)"
FC21001616,2021-04-26 20:00:00,PARKER SY,BOSTON,2115,Stopped,Encounter,,Passenger Car/ Automobile,Female,Black,Unknown,26.0,,,1,"Officers observed a vehicle traveling on Atkinson Street toward Southampton Street, an area that is known for drug activity. A CJIS query revealed that the vehicle XXXhad revoked insurance. Officers kept the vehicle under constant surveillance and observed the vehicle pull over on Zeigler Street and the operator engaged in what appeared to be a hand-to-hand with another female outside of XXXZeigler Street. Officers stopped the vehicle in the area of Parker Street and Ruggles Street. Officer Scano performed a pat frisk of XXXwhich yielded negative results. A search of the vehicle also yielded negative results. Officers advised the owner/operator,XXX XX/XX/XXXXthat her insurance had been revoked. XXXstated that she had just switched her insurance on Friday from Progressive to GEICO. XXXstated that she was only traveling a short distance home. Officers advised her to go straight home and to follow up with her insurance company."
FC21001794,2021-05-10 18:45:00,,BOSTON,2119,Stopped,Reasonable Suspicion ,,Passenger Car/ Automobile,Male,Black,Hispanic Origin,30.0,Medium,Light Brown,1,"About 18:45 Hours on Monday 05/10/2021 Officers assigned to the District C-6 Drug Control Unit conducted a drug investigation in the area of New Market Square, South Boston. As part of this drug investigation Officers assigned to the C-6 DCU made a traffic stop on MA REG: XXXand identified the Operator as XXX (DOB: XX/XX/XXXXXXX is currently on probations out of West Rox DC for numerous 94C offenses including Trafficking Class A. Officers performed a search of XXX& MA REG: XXXwhich yielded negative results. XXXwas FIO'd and released from the scene."
FC21001855,2021-05-12 13:46:00,,ROXBURY,2118,Stopped,Probable Cause,,,Male,White,Not of Hispanic Origin,38.0,Medium,,1,"On Wednesday, 5/12/2021, members of the D-4 Drug Control Unit and members of the Citywide#2 Drug Control Unit were conducting a drug investigation in the area of Melnea Cass and South Hampton. Officers observed a street level hand to hand drug transaction between XXXand XXXXXXwas stopped and above drugs were recovered. Officers later found the dealer XXXas he was exiting the area by the McDonalds parking lot. Officer Malcolm along with C-6 walking beat stopped XXXand identified themselves. XXXwas asked to produce a ID and handed ID to Officer Malcolm. XXXwas positively identified through CJIS and FIO'd and released from the scene."
FC21001882,2021-05-17 16:20:00,ROBEY ST,ROXBURY,2119,Stopped,Reasonable Suspicion ,,,Male,White,Not of Hispanic Origin,26.0,,,1,Officers stopped XXX (DOB: XX/XX/XXXXwho was openly using narcotics at XXXRobey Street. XXXsuffers from opiate addiction and is currently homeless. Officers provided XXXwith water and advised of resources offered by the department. FIO'd and released forthwith. -BK02F (Cubarney/M. O'Loughlin)
FC21001902,2021-05-18 00:00:00,MAGAZINE ST,ROXBURY,2119,Stopped,Probable Cause,,,Male,White,Not of Hispanic Origin,49.0,Medium,Light,1,Officers stopped XXXat 100 Magazine St. Officers observed XXXsitting on the sidewalk actively injecting an illicit drug into his vein. Officers conducted a pat frisk and queried XXXin CJIS for warrants. XXXdenied medical attention and stated he was checking into rehab tonight. Officers advised XXXto clean the area. BK02F/BK01F
FC21001959,2021-05-21 18:31:00,,ROXBURY,2118,Stopped,Probable Cause,,,Male,White,Not of Hispanic Origin,37.0,Heavy,Light,1,"About 6:30 PM on Friday 05/21/2021 Officers assigned to the C6 Drug Control Unit under the direct supervision of Sgt. Charbonnier summonsed XXXfor Trafficking Class A (Fentanyl) after stopping him in the area of Southampton St. & Atkinson St. During the stop, Officers also recovered a folding blade from XXXwaistband which upon being stopped he reached for & actively resisted Officers attempting to restrain him. XXXcurrently has an open case for Distribution of Class C out of Chelsea DC. His Bop includes multiple other 94C offenses including Distribution."
FC21001960,2021-05-22 16:12:00,,SOUTH BOSTON,2127,Stopped,Reasonable Suspicion ,,Passenger Car/ Automobile,Male,Black,Not of Hispanic Origin,38.0,Stocky,Light Brown,1,"About 3:45 p.m., officers from the C6 DCU were conducting surveillance on a known address (omitted due to investigation) and observed a male double park outside that address, go inside for a short period of time, exit the address, and drive away. The vehicle was stopped and A CJIS query revealed that the operator, XXX XX/XX/XXXXhad an expired driver's license. A drug dog was summonsed. The TD525 (Patterson) arrived on scene, and the canine alerted on the driver's side interior door, indicating a positive reaction to the presence of drugs. As such, the vehicle was subsequently brought back to District C6, where a further search was conducted by Sergeant Detective Feeney. No contraband was recovered. The vehicle was released to the operator forthwith."
FC21001988,2021-05-24 17:00:00,,ROXBURY,2118,Stopped,Intel,,,Male,Black,,45.0,Heavy,Medium Brown,0,"As a result of an ongoing drug investigation conducted by the D4-DCU, Sgt. Browning (V938) directed the D201F to conduct an FIO of an individual in the area of Southampton Street and Atkinson Street, Boston. With the description provided by other members of the D4-DCU, Officers located and identified a male subject,XXX XX/XX/XXXXThe description given was black male wearing a purple zip up hooded sweatshirt and a black face mask. D201F (Croke/Gambon)"
FC21002031,2021-05-27 13:30:00,BELLFLOWER ST,DORCHESTER,2125,Stopped,Probable Cause,,Suv (sport Utility Vehicle),Male,White,Hispanic Origin,41.0,Stocky,,1,"On 5/27/21 at about 1:30 PM, members of the C6 DCU assisted by members of the YVSF stopped MA reg XXXon Norfolk St pursuant to a drug investigation. Owner/operator XXXdob XX/XX/XXXXpicked up one XXXfollowing a drug transaction for which XXXwill be summonsed for 94C violation. K9 was requested for sweep of car- negative results. XXXreleased forthwith."
FC21002068,2021-06-02 09:43:00,EAST SEVENTH STREET,BOSTON,2127,Stopped,Probable Cause,,,Male,White,Unknown,36.0,,,1,"At 9434am 6/2/21, Officers C Texeira and B DeLaCruz (F102D) responded to XXXEast 7th st for an individual sitting down smoking crack. Upon arrival, officers engaged in conversation with the male, later identified as XXX XX/XX/XXXXXXXwas patted down and checked for warrants. Negative on warrants. XXXwas in fact smoking marijuana not crack. XXXwas issued a Civil citation XXXand removed from the area."
FC21002172,2021-06-11 14:55:00,,BOSTON,2118,Stopped,Probable Cause,,,Male,Black,Not of Hispanic Origin,54.0,Medium,Dark,1,"On the afternoon of Friday, June 11, 2021 members of the Area D-4 Drug Control Unit, under the supervision of Sgt. Browning conducted a drug investigation in the area of Mass Ave/Albany St. XXX was withXXXwho purchased fentanyl from XXX XXXstated to Officer that he had purchased crack cocaine from an unknown male, but had ingested the drugs prior to being stopped by Officers."
FC21002228,2021-06-16 16:15:00,TEMPLE ST,BOSTON,2114,Stopped,Reasonable Suspicion ,,,Male,White,Not of Hispanic Origin,36.0,Thin,Light,1,"District 1 DCU observed a white male later identified as, XXX involved in actions consistent with what appeared to be a drug transaction. Officers verified XXXidentity and determined he did not have a warrant. XXXwas FIO'd and released"
FC21002244,2021-06-16 17:45:00,CHAUNCY ST,BOSTON,2111,Stopped,Reasonable Suspicion ,,,Male,Black,Not of Hispanic Origin,39.0,Medium,,0,"On 6/17/2021, about 5:45 PM officers from the A1 DCU were conducting a drug investigation at Harrison Ave extension. Officers observed 3 males sitting near the rear entrance to 115 Chauncy Street on Harrison Ave Extension. 2 of the males clothing were worn and dirty and they appeared to be homeless. The first male was a light skin black male on a wheelchair wearing a green coat. The second male (later identified as XXX – DOB XX/XX/XXXXwas a tall black male with short dreadlocks wearing a black shirt and green pants. The third party was a black male wearing a white shirt with dark jeans and white sneakers. He appeared to be wearing clean clothing and clean shaven. Officers observed activities consistent with drug consumptions from party 1 and 2. The Officers began to approach the individuals to conduct a threshold inquiry. As the officers began to speak with the individuals, Sgt Edwards noticed the third party began to walk away from the group. Sgt Edwards asked the third party if he could talk to him and the unknown male began to run on Harrison Ave extension towards Avenue de Lafayette. Sgt Edwards and Officer McGovern initiated a foot pursuit which was quickly called off by Sgt. Edwards. Officers released and FIO'd other parties"
FC21002297,2021-06-21 00:00:00,,BOSTON,2122,Stopped,Reasonable Suspicion ,,,Male,White,Not of Hispanic Origin,22.0,Thin,Light,1,"Officer from the C-11 Drug Control Unit conducted a drug investigation XX/XX/XXXXOfficers seized 1 p/b of Heroin along with two Apple Computers suspect could not provide any proper information on how he obtained them. Seized for safe keeping. 1. Apple Mack Book Pro serial # XXX 2. Apple Mac Book Air serial # XXX Apple computers logged into C-11 Evidence Book 02-21, page 25"
FC21002296,2021-06-21 16:00:00,CENTER PLZ,BOSTON,2108,Stopped,Probable Cause,,,Male,White,Not of Hispanic Origin,39.0,,,0,On Monday members of the citywide2 Drug Control Unit conducted an inquiry of XXXinside the CVS pharmacy at 2 Center Plaza. A worker notified police via 911 that they received a package in the name of XXX which contained a large quantity of Crystal Meth. XXXstated he did not know what was in the package that his friend sent to him from California. Drugs were seized by by A-1 Officer Ervin and secured in the A-1 drug safe. XXXwas FIO'd and released from the area.
FC21002555,2021-06-25 11:00:00,BAIRD ST,BOSTON,2124,Stopped,Probable Cause,,Passenger Car/ Automobile,Male,White,,29.0,Heavy,Light,1,"On 6/25/2021 Officers observed MA: XXX (2014 Chevy Cruze, color red) in the area of Woodrow Ave. and Lucerne St. with excessive tint. A CJIS query revealed the registered owner XXX) to not have an active driver's license. Officers attempted to conduct a traffic stop but the vehicle initially failed to stop. The vehicle eventually stopped in the area of XXXBaird Street. The driver XXX) threw a bag out of the passenger side window and then attempted to exit the car. XXX was stopped and detained. The bag was found to have 700+ prescription pills packaged for sale. XXX was also found to have an expired driver's license. He was placed under arrest for Trafficking Class B and VALS. XXX currently has open cases for Trafficking Fentanyl and Distribution of Class A and B."
FC21002554,2021-07-08 12:44:00,MASSACHUSETTS AVENUE/MELNEA CASS BLVD,BOSTON,2118,Stopped,Reasonable Suspicion ,,,Male,Black,Not of Hispanic Origin,56.0,Heavy,,0,"About 12:40PM on Thursday 07/08/21, while on a code 19 in the Melnea Cass Blvd and Massachusetts Avenue area Officers Penella and McCarthy in the D107D observed and unknown male andXXX huddled closely together. Officers observed the unknown white male with money in his hand and XXXwith what appeared to be pills in his hands. Officers exited their marked cruiser to investigate what appeared to be a street level drug exchange. The unknown white male walked away from the scene.XXX stated that he was not selling pills to anyone. Officer McCarthy is familiar with XXXfrom his years worked at District 4. XXXis a black male, mid 50s, approximately 5' 8'' 180 - 200lbs. XXXwas wearing a black t-shirt, camo cargo shorts, black shoes, and had a blue walking cane. A CJIS inquiry for active warrants retuned negative results. BWC's activated."
FC21002577,2021-07-09 11:30:00,MELNEA CASS BOULEVARD,BOSTON,2119,Stopped,Probable Cause,,,Male,Black,Not of Hispanic Origin,41.0,Medium,,1,"Radio call for a removal at 17 Melnea Cass Blvd. Officers arrived on scene and attempted to place the suspect under arrest by virtue of a felony firearm warrant. The suspect fled on foot, after a foot chase was placed under arrest on Melnea Cass Blvd. After a search of the suspect a firearm was recovered, trafficking weight of fentanyl and possession with intent to distribute crack cocaine. Suspect was recently released from prison after serving 10 years for firearm related offenses. D101D Officer Linnane/Torigian D421D Officer Verderico"
FC21002566,2021-07-09 13:05:00,ALLSTATE ROAD,BOSTON,2125,Stopped,Reasonable Suspicion ,,,Male,White,Not of Hispanic Origin,30.0,Medium,,1,"XXX was passed out in the bathroom area of TJ Maxx with drug paraphernalia and miscellaneous belongings in disarray around him. After a few sternum rubs, XXXregained consciousness and was apologetic for, ""making a scene."" XXXdeclined EMS but did express interest in seeking help offered by Street Outreach due to his drug addiction and him currently being homeless. XXXwas FIO'd and released. -F630D (Cubarney)"
FC21002591,2021-07-11 01:00:00,SOUTHAMPTON ST,ROXBURY,2118,Stopped,Encounter,,,Male,Black,Hispanic Origin,53.0,Heavy,,0,"TSTOP for VALS of MA REG: XXX(2007 CHEVY IMPALA: GRAY) at 112 Southampton Street on 07/11/21 at 1:00am. Operator identified as XXX. XXXhas recent trafficking charges for both class A and B. Officers are aware that this is a high drug crime area. F431A (Grande, Burke)"
FC21002654,2021-07-14 00:00:00,WASHINGTON ST,BOSTON,2121,Stopped,Reasonable Suspicion ,,,Male,Black,Not of Hispanic Origin,34.0,Medium,,1,"Detective England of the E13 Drug Control Unit observed active Castlegate Gang Associate XXX(DOB XX/XX/XXXXengage in a hand-to-hand street level drug transaction with an unknown black male at the corner of Blue Hill Ave and Schuyler St. XXXconducted the transaction while he sat in the front left passenger seat of MA REG XXXa black Honda Civic. Detective England is familiar with XXXfrom a previous drug investigation, during which members of the B2 DCU executed a search warrant at XXXresidence of XXXBlue Hill Ave, where both crack cocaine and marijuana were recovered. Officers approached XXXas he sat in the vehicle inside the Burger King parking lot at 100 Washington St. There, XXXinformed Detective England he did in fact sell a small amount of marijuana to the unknown black male. A small personal amount of marijuana was discovered inside the vehicle which XXXwas allowed to keep. Officers were unable to stop the unknown black male. Due to XXXcooperation Detective England informed him he was free to leave. XXXcurrently has an assortment of open firearm charges out of Suffolk Superior Court."
FC21002675,2021-07-15 13:00:00,SOUTHAMPTON ST,ROXBURY,2118,Stopped,,,,Male,White,Not of Hispanic Origin,29.0,,,1,"Officers assigned to the C-6 Drug Control Unit while conducting a Drug Investigation in the area of Southampton St. Stopped XXX(DOB: XX/XX/XXXX Officers observed what appeared to be a drug transaction, however did not recover any narcotics from XXXXXXis currently on Suffolk Superior probation until 03/21/2026. Served 7-10 years in HOC following a numerous guilty convictions out of Barnstable Superior for Armed Robbery, ABDW, and A&B on 60/Disabled with injury. Officers FIO'd XXXand released him from the scene."
FC21002723,2021-07-18 18:40:00,ARLINGTON ST,BRIGHTON,2135,Stopped,Reasonable Suspicion ,,,Male,White,Not of Hispanic Origin,33.0,Thin,,1,Officer's observedXXX outside of XXXArlington street with his t-shirt off wearing a trash bag over his body. Officer's observed XXXspitting numerous orange pills out of his mouth during the encounter. Officer's observed that the suspect XXXwas erratic and under the influence of drugs.
FC21002743,2021-07-20 01:56:00,CHAUNCY ST,BOSTON,2111,Stopped,Encounter,,,Male,Black,Not of Hispanic Origin,51.0,Thin,Medium,0,"About 1:56 AM, on 07/20/21, Officers Grady and Murray (A112A), conducted a Subject Stop at XXXChauncy St., Boston. Officers observed a group of people smoking on the steps of XXXChauncy St. It should be noted there is a visible sign on the building that clearly states ""Private Property, No Smoking."" Officers spoke with an individual (XXX who was at XXXChauncy St. The area of XXXChauncy St. is a known area to A-1 Officers for drug activity. XXXhas an open Possession Class B Substance case out of Boston District Court as well as numerous prior drug related offenses."
FC21002768,2021-07-21 11:12:00,,BOSTON,2108,Stopped,Reasonable Suspicion ,,,Male,White,Not of Hispanic Origin,36.0,Thin,Light,1,A691D and A690D observed XXX in the area of XXXTremont Street conduct an apparent hand to hand transaction with another white male. When Officers attempted to stop XXXhe quickly fled the area. Officers later observed XXXin front of the TD Bank at Winter Street and Winter Place. Officers stopped and questioned XXXwho denied conducting a drug transaction and agreed to a search which yielded negative results for controlled substances. Officers advised XXXand he was released. Negative for WMS. BWC activated. A691D (Florentino) and A690D (Giblin)
FC21002783,2021-07-21 13:16:00,ELLERY ST,SOUTH BOSTON,2127,Stopped,Probable Cause,,,Female,White,Not of Hispanic Origin,40.0,Thin,,0,"About 13:15 on Wednesday, 07/21/21, Officers encountered Ms. XXX sitting on the sidewalk on XXX. Officers observed drug paraphernalia in the immediate area of Ms. XXX A CJIS inquiry revealed that Ms. XXXhad multiple warrants pending for larceny. Recently, XXX has experienced a high volume of attempted break ins. Ms. XXXwas FIO'd and released."
FC21002785,2021-07-22 10:00:00,TOPEKA ST,ROXBURY,2118,Stopped,Intel,,,Male,Black,Not of Hispanic Origin,64.0,Medium,Dark Brown,0,"About 9:57am on Thursday, 07/22/21, Officers Uhrig and Shoemaker in the F102D were given information that MA Reg XXXcould possibly be selling drugs from their vehicle. Officers observed a gray Alfa SUV (MA Reg XXXparked across from the methadone clinic on 99 Topeka St. Officers identified a male in the back seat asXXX (DOB: XX/XX/XXXXMr. XXXimmediately became defensive towards Officers during conversation, and stated that he was only selling cigarettes. The area of Topeka Street is know for high volume drug use and narcotics trade. Mr. XXXwas FIO'd and released."
FC21002893,2021-07-28 09:53:00,DORCHESTER AVENUE,BOSTON,2124,Stopped,Reasonable Suspicion ,,,Female,Black,Not of Hispanic Origin,26.0,,,1,XXX was stopped during a drug investigation . XXXwas also searched and Officers recovered a crack pipe on her person.
FC21002894,2021-07-28 09:53:00,DORCHESTER AVENUE,BOSTON,2124,Stopped,Reasonable Suspicion ,,,Female,Black,Not of Hispanic Origin,26.0,Medium,,1,"XXX was stopped for a threshold inquiry during a drug investigation at XXXDorchester Ave. Members of the C-11 DCU briefly detained XXX, she was searched, verified and released."
FC21002974,2021-08-03 14:45:00,LOUIS PRANG ST,BOSTON,2115,Stopped,Probable Cause,,Passenger Car/ Automobile,Male,Black,,28.0,Muscular,Medium,1,"YVSF Intel - VK23 While on Parker Street, officers observed a rental vehicle (MA reg: XXXwith shoddy stick-on tinted windows far beyond the legal threshold (race, age, sex, or ethnicity of driver not visible). Officers conducted a traffic stop at 65 Louis Prang Street, and the driver was found to be Lenox associate XXX. As the windows opened a large amount of marijuana smoke billowed out of the vehicle. XXXwas removed from the vehicle for field sobriety. Officers noted that XXXwas driving through the rival Mission Hill area, and was wearing a fanny pack across his chest. Further, officers were previously aware he had multiple previous arrests for firearm possession and assaults with firearms. Given all this, a pat frisk for weapons was conducted (negative results). XXXproduced an active driver's license and was deemed not impaired. He was FIO'd and released."
FC21002977,2021-08-03 18:10:00,WASHINGTON ST,JAMAICA PLAIN,2130,Stopped,Reasonable Suspicion ,,Passenger Car/ Automobile,Male,Black,Hispanic Origin,21.0,,,1,"At approximately 6pm on Tuesday 08/03/21, Sgt Det Evans and E-13 Drug Control Unit were in the area of Oakdale St in Jamaica Plain due to recent citizen complaints of drug dealing that was taken place in the area. While in the area Sgt Det Evans observed a blue Honda Accord (Mass Reg XXXpark on the Oakdale St/ Oakdate St. A short time later a small silver sedan pulled onto the middle of the street and stopped. A Hispanic male driver of Mass Reg XXXexited his vehicle and approached the drivers side window of the silver sedan. Sgt Det Evans observed a hand to hand transaction between the driver of the silver car and the Hispanic male operator of the blue Honda Accord. After the exchange, the two vehicles went opposite directions on Oakdale St. E-13 DCU members were not able to locate the silver sedan but were able to follow the blue Honda accord. Officers believing they observed a drug transaction utilized Channel 3 to have a marked unit stop the vehicle. Ma Reg XXXwas pulled over by B3 units at Harvard St/ Franklin Hill Ave. Sgt Det Evans approached the drivers side of the vehicle and spoke with the operator(XXX. This was the male Sgt Det Evans observed conduct the hand to hand exchange on Oakdale St. Sgt Det Evans askedXXX where he was coming fronm and he stated ""the gym."" Sgt Det Evans asked him if he had met with anyone else along the way to which he stated ""no."" Sgt Det Evans informed him that that was untrue because he had just watched him meet with someone on Oakdale St. Mr. XXXeventually admitted he did meet with someone and sold him a Craze Max Nicotine pack for 140 dollars. Officers then searched the vehicle and observed several packs of Craze Max Nicotine Packs along with packs of Marijuana Extract. Also in the vehicle was XXX XX/XX/XXXX Both parties were released no items were seized."
FC21003075,2021-08-11 00:00:00,TREMONT ST,BOSTON,2108,Stopped,Reasonable Suspicion ,,,Male,Black,Hispanic Origin,36.0,,Light Brown,0,"Officers responded to R/C for a black male with a red shirt with a lightning bolt on it and red flip flops selling drugs in the Boston Common. Caller stated that the male had a line of people that he was selling drugs to. Officers identified XXX matching the description and attempted to speak to him. XXXwas uncooperative with officers, refused to provide ID, and eventually ran away towards St Francis house. Officers did not directly observe any violation of drug laws and chose not to pursue XXXXXXhas prior drug charges and 2 prior rape charges. A102D Mustacchio/ Brugman"
FC21003100,2021-08-12 19:28:00,MILTON AVE,DORCHESTER,2124,Stopped,Encounter,,Passenger Car/ Automobile,Male,White,Hispanic Origin,34.0,,,0,"About 7:28 pm, on 08/12/21, Officers stopped MA REG XXXfor vals (tinted windows, no front plate) in front of XXXMilton Ave, Dorchester. Operating the motor vehicle was XXX (DOB XX/XX/XXXXwho has extensive 94C on the BOP. During interaction with XXX Officers observed that his Carotid Artery to be pulsing very fast. Furthermore Officers did note that the dashboard appeared to be stapled closed. This appeared to be inconsistent with the original manufacture of the motor vehicle. Also, MSP had intelligence that XXX was in possible possession of 94C within the vehicle in a hidden compartment. Based on the observations of both XXX and the vehicle, XXX was exited from the motor vehicle. At this point in time, XXX became irate and called his attorney XXXinformed XXX to lock the door and walk away. XXX was informed that this was an active investigation and that if we walked away, he would be placed in handcuffs so that Officers could further their investigation. Officers requested for a K9 to the scene. Officer Paterson (TD525) arrived on scene and did an exterior walk around with his k9. The k9 stopped and slightly signaled at the rear but kept on walking around. He was informed of the dashboard finding and the K9 sniffed the front seat passenger. Again the K9 stopped and sniffed the dashboard. Officer Paterson informed Officers that the K9 did not hit on the car. XXX was given a written warning and released from the scene. VK22"
FC21003271,2021-08-23 13:37:00,,ROXBURY,2118,Stopped,Encounter,,,Male,Black,Not of Hispanic Origin,41.0,Medium,Dark,0,"About 1:30 P.M. on Monday, 08/23/21, Officer Murphy in the D421D observed what appeared to be a hand to hand drug transaction at Ramsay Park 1917 Washington Street, Boston. Officer Murphy observed the suspect (XXX DOB XX/XX/XXXXappear to hand something to an unknown male and in return was handed money. The suspect then began counting the money. Officer Murphy then made contact with the suspect at Reed Street and Northampton Street. When asked what he was doing he stated he was just getting alcohol and cigarettes and proceeded to show nips and cigarettes. Officers queried the XXXfor warrants which yielded negative results. XXXhas an extensive BOP that included Rape, kidnapping, ABDW and distribution. FIO'd for intel purposes. D421D (Murphy) D105D (Ortiz/Gagnon) D425D (Penella)"
FC21003267,2021-08-23 13:37:00,,ROXBURY,2118,Stopped,Encounter,,,Male,Black,Not of Hispanic Origin,41.0,Medium,Dark,0,"About 1:30 P.M. on Monday, 08/23/2021, Officer Murphy in the D421D observed XXX engage in what appeared to be a hand to hand transaction at Ramsey Park, 1917 Washington Street, Boston. Officer then turned around and stopped the suspect (XXX) at Reed Street and Northampton Street. Officer Murphy questioned why the suspect was counting money and what he handed the other party and the suspect stated alcohol and proceeded to show Officers multiple nips and cigarettes. XXXqueried for warrants to no avail. Multiple entries on XXXBOP including rape, kidnapping, ABDW and distribution. FIO'd for intel purposes. D421D (Murphy) D105D (Ortiz/Gagnon) D425D (Penella)"
FC21003384,2021-08-30 21:27:00,ADAMS ST,DORCHESTER,2124,Stopped,Reasonable Suspicion ,,Passenger Car/ Automobile,Male,White,Hispanic Origin,23.0,Medium,,1,"On Monday, August 30, 2021 Officers Holt, Cahill and Sheehan in the VK03 along with Sgt. Jones (VK906) performed a traffic stop for VAL'S at 927 Adams St. Officers had observed RI Reg. XXX(gray Honda Accord) traveling on Adams St. at a high rate of speed. Officers were able to catch up with said vehicle and perform the stop. Officer Holt spoke with the operator XXX) who stated that he got lost getting off the highway trying to get to his girlfriends house on River St. Officer observed Mr. XXXto be seated in a way that an object could be hidden underneath him. Mr. XXXalso had several hundred dollar bills on his lap and marijuana was visible in the vehicle. Mr. XXXwas visibly shaking and appeared nervous. Mr. XXXhas a firearm history. Mr. XXXwas removed and frisked for Officer safety. A cell phone was located on the seat underneath Mr. XXXMr. XXXwas issued verbal warning for VAL'S and released. BWC"
FC21003528,2021-09-09 09:15:00,,BOSTON,2118,Stopped,Encounter,,,Male,White,Not of Hispanic Origin,38.0,Medium,,0,"Officers observed an unkown slim black male wearing a red and blue sweatshirt and dark colored pants holding a plastic baggie speaking with a white male wearing a white tshirt and blue jeans (Later identified as XXX at the corner of Massachusettes Ave and Harrison Ave which officers believed was possibly a hand to hand drug transaction. Officers stopped and spoke with XXX(Drug Possession, F/A, and Armed Robbery on BOP) who stated the unkown subject was offering him XXXother wise known as Heroin to which he stated he refused and kept walking. Officers lost sight of the unknown black male subject who fled the area. D101D (Aragones/Dowling)"
FC21003533,2021-09-10 02:00:00,ROXBURY ST,ROXBURY,2119,Stopped,Reasonable Suspicion ,,,Male,Black,Not of Hispanic Origin,30.0,Thin,Medium Brown,1,"While searching for a suspect in a reported B&E to a Motor Vehicle, officers stopped XXX walking from Malcom X Blvd down Roxbury Street. XXXwas wearing a black jacket, blue adidas sweatpants, and black and white sneakers, matching the witness description. Officers did not locate any valuable/stolen items on XXXhe was in possession of a hypodermic needle and additional paraphernalia consistent with drug use. He appeared to be suffering from the symptoms of drug withdrawal, and informed officers that he ""has a habit"". Officers offered him both EMS and informed him of services available to him for his drug addiction, which he refused at this time."
FC21003640,2021-09-16 01:19:00,COLUMBIA RD,SOUTH BOSTON,2127,Stopped,Reasonable Suspicion ,,,Male,White,Not of Hispanic Origin,23.0,Unknown,,0,"Officers responded to a call for 3-4 individuals breaking into cars. The 911 caller stated that one of the individuals were on a blue bicycle. Upon arrival, Officers observed individuals matching the description flee toward East 8th Street. XXX XX/XX/XXXXwas stopped at East 8th/Mercer Street on a blue bicycle. No signs of a break to a motor vehicle noted, however used hypodermic needles and cotton balls were observed in the area. XXX was FIO'D and released."
FC21003702,2021-09-19 18:08:00,ALBANY ST,BOSTON,2118,Stopped,Reasonable Suspicion ,,,Male,White,,32.0,,,1,"About 6:08pm on 09/19/2021 Officers on a Code 19 in area of Mass/Harrison/Albany observed subject XXX (w/m, black hat, blue shirt, beard) actively using a syringe to ingest drugs near 774 Albany Street. Officers stopped XXXand advised him to dispose of syringe. No other drugs recovered. Due to XXXapparent substance abuse issue and recent drug use, Officers advised him to clear his 2 misdemeanor warrants the following day or he would be subject to arrest. BOP includes Possession of Class A and Vandalism. Officers know these to be quality of life issues plaguing the Mass/Harrison/Albany are."
FC21003730,2021-09-20 19:05:00,AMES ST,DORCHESTER,2124,Stopped,Reasonable Suspicion ,,Passenger Van,Male,Black,Not of Hispanic Origin,28.0,Heavy,Medium Brown,0,YVSF intel officer conducted a TS for excessive tint on MA REG XXXa 2005 Honda Odyssey van. operatorXXX who has an extensive history around firearms and drugs. XXXis listed as a Greenwood associate. Verbal warning given for the vals.
FC21003741,2021-09-22 10:52:00,CITY HALL PLZ,BOSTON,2203,Stopped,Probable Cause,,,Male,White,Not of Hispanic Origin,22.0,,,1,"At 10:52am on Wednesday, 09/22/2021, Officers observed the suspect, XXX, sitting on the benches near City Hall Plaza. XXXwas holding a glass crack pipe. Officers approached XXXand searched him for any other illegal substances with negative results. Officers informed XXXthat possession of a crack pipe was a violation of Boston city ordinance. A CJIS inquiry for warrants also produced negative results. The crack pipe was disposed of XXXwas released without incident."
FC21003743,2021-09-22 14:00:00,,BOSTON,2114,Stopped,Probable Cause,,Passenger Car/ Automobile,Male,Black,Not of Hispanic Origin,62.0,Medium,,1,Officer observed MA XXXparked at the intersection of Causeway Street and Canal Street. The vehicle was blocking a fire hydrant and had its emergency lights activated. Officer also observed several individuals who displayed the appearance of drugs users around the vehicle and observed that the passenger side door was open with a female slouched over in the seat. officer went around the block and then observed the female to be slouched over on the side walk and someone now seated in the drivers seat of the vehicle. Officer conducted a TS and identified the driver asXXX. XXXhad an expired license and previous drug charges on bop. Search of XXXand vehicle was conducted and nothing illegal was located however a digital scale was found in center console. XXXwas cooperative and officer allowed him to park the vehicle in the area until someone with a license could move it. A411D (Mustacchio)
FC21003773,2021-09-23 11:40:00,,BOSTON,2118,Stopped,Probable Cause,,,Male,White,Hispanic Origin,57.0,Thin,Dark Brown,1,"Officers placed the suspectXXX under arrest by virtue of four active warrants at Greenwich Park and Claremont St, near the Southwest corridor. Officers are very familiar with XXXas he is a known drug dealer in District 4. Officers have recovered meth and heroin from XXXon multiple occasions. When placing XXXunder arrest officers recovered a plastic bag containing an additional plastic bag of heroin and 8 Keno slips folded filled with heroin. XXXtends to package his heroin in keno slips he folds then fills with heroin for resale. XXXwas additionally charged with possession with intent to distribute class A. DK01D Linnane/Mathewson/Walton/Tobin"
FC21003836,2021-09-29 10:32:00,,BOSTON,2215,Stopped,Reasonable Suspicion ,,,Male,Black,,35.0,,,1,"While responding to a call for a bank robbery at 199 Mass Ave., officers stoppedXXX in the area of the Fens closely matching the suspect description. XXXwas observed to have needles in his pockets and also had hammers in his pocket and in his backpack. XXXwas cooperative with officers, and soon after a photo was distributed to department emails and it was determined that XXXwas not the suspect from the incident. XXXwas FIOd and released. Upon viewing the initial blurry image, XXXwas understanding of the stop. DK01D"
FC21003839,2021-09-29 14:27:00,BOYLSTON ST,BOSTON,2215,Stopped,Reasonable Suspicion ,,,Male,White,Hispanic Origin,32.0,Thin,,1,"Officers stopped XXXafter a radio call for a Person w a Knife. XXXwalked into the Blaze Pizza with a knife in his hand, but made no threats or gestures towards anyone inside. Officers escorted XXXoutside where it became clear he was an emotionally disturbed person and most likely under the influence of drugs. He was given a ride to the Boston Medical Center for evaluation."
FC21003908,2021-10-05 03:49:00,,BOSTON,2118,Stopped,Reasonable Suspicion ,,,Male,Black,Not of Hispanic Origin,41.0,Thin,Medium Brown,1,"About 3:49AM, on Tuesday, 10/05/2021, Officers Torigian and Grochowski made a subject stop at the intersection of Tremont Street and West Dedham Street, Boston. Officers were stopped at the red light at the above intersection when the officers observed a male subject holding a black pipe in his right hand. The male subject observed officers in their marked cruiser and immediately tried to conceal the pipe against his right leg. Officers continued to observe the male subject, where the subject stopped on a stoop and laid down on the stairs. Officers approached the male subject and asked if he was okay, which he stated that his back hurt. Officers immediately told the male subject to kick the metal pipe away from him, which he was compliant. Officers asked the male subject if he needed a ambulance, which he refused. Officers asked the male subject if he wanted a ride to a shelter, which he stated yes. Officers asked the male subject for his social security number which identified the subject as XXX. Officers conducted a CJIS inquiry on XXXwhich confirmed his identity, and no active warrants. Officers stated to XXXthat they needed to pat him down before transporting him. Officers conducted a pat frisk of XXXand felt a hard long object inside his right pants pocket. XXXstated to officers that it was a pair of clippers, and officers located plyers inside a second pant pocket. XXXstated that he no longer wanted a ride to a shelter, and would walk to the hospital if he needed. Officers observed XXXto be wearing a grey hooded zip up sweatshirt, red sweatpants, and Under Armour black boots. D101A Torigian/Grochowski"
FC21003978,2021-10-10 02:51:00,EVERTON ST,BOSTON,2121,Stopped,Probable Cause,,Passenger Car/ Automobile,Male,Black,Not of Hispanic Origin,24.0,Thin,,0,"About 2:51 am, Sunday, October 10, 2021, Officer Kennedy (H425A) observed a Blue Infi (MA REG XXXtraveling at high speed on Geneva Ave (towards Onley St) while coming around a sharp curve. Officers manage to shop the vehicle in front of 49 Everton St. The operation immediately places both his hands out of a window without cause. The operate than was not making sense while being argumentative. The operator claimed to be the vehicle owner (XXX), who has open firearm charges. As an additional unit arrival, the operator exited the vehicle without cause. Officers place the operator in the rear of the car and frisk the immediate area of the driver seat. As the officers were speaking to the operator, the operator stated he was 29 years old. The age said to officers, and the age of the vehicle owner did not match. Officers also observed one plastic bag of what appeared to be marijuana and a more than half-empty bottle of Hennessy on the front passenger floor. Uniform Citation Issued (T-XXXfor speeding greater than reasonable (MGL 90-17) Body Worn Camera Active."
FC21003992,2021-10-10 15:30:00,,BOSTON,2135,Stopped,Encounter,,,Male,White,Not of Hispanic Origin,35.0,Medium,,1,Officers Dunn/Bernazzani responded to Rushmore Street / Michael Road for a report of an erratic male taking off his clothes in the middle of the street. Officers encountered XXX. XXXstated that he recently relapsed after a breakup and was having a difficult time. Officers discovered one capped needle on XXXperson. XXXrefused medical attention. XXXhas past history of B&E and possession of burglarious tools. CJIS query revealed no active warrants. XXXleft the area on foot. Officers disposed of the empty needle in the Sharps container at District 14.
FC21004041,2021-10-14 16:00:00,BUNKER HILL ST,CHARLESTOWN,2129,Stopped,Reasonable Suspicion ,,,Female,White,Not of Hispanic Origin,53.0,Thin,,1,"Officers observed XXX enter a location under investigation for drug activity . XXXis known from a prior arrest for PWID. XXXwas stopped, searched, FIO’d and released."
FC21004084,2021-10-18 01:39:00,,BOSTON,2116,Stopped,Reasonable Suspicion ,,,Male,White,Not of Hispanic Origin,31.0,Thin,Light,0,"A432A and A435A responded to a radio call for a report of white male trying car doors and knocking on front doors in the area of Church Street and Piedmont Street. It was also reported that the male was in possession of a green laser pointer. Units locatedXXX rummaging through trash in the area. He stated that he was in the area searching through trash to support his drug habit. He was in possession of a vape pen that had a green light on the front similar to a laser pointer. He denied attempting to break into any vehicles in the area. Officers searched vehicles in the area of Church, Piedmont, and Winchester. No vehicles appeared to be broken in to. Multiple bags of trash were observed to be rummaged through. Such was queried in CJIS, negative WMS at the time of encounter. A432A (Giblin) and A435A (Mejia)"
FC21004111,2021-10-20 09:11:00,SOUTHAMPTON ST,SOUTH BOSTON,2127,Stopped,Reasonable Suspicion ,,,Male,White,Not of Hispanic Origin,42.0,Thin,Light,1,"About 9:15 am on Wednesday, 10/20/2021, Officer O'Connell in the F411D unit and Sergeant Mahoney responded to a radio call for a breaking and entering in progress at Southampton St and Ellery St. Upon arrival the officers stopped a suspect, later identified asXXX attempting to gain access to a secured building that was fenced off. The officers stopped and questioned the suspect who stated he was only attempting to collect the needled that were left on the ground. The suspect stated he has a drug problem and is homeless. The officers ran the suspect through CJIS which came back negative, and released the suspect. Officers stood by while the suspect left the area."
FC21004112,2021-10-20 10:15:00,,JAMAICA PLAIN,2130,Stopped,Intel,,,Male,White,Hispanic Origin,45.0,Medium,,1,"XXXXXXwas observed traveling on a blue & white moped in the area of Parker Hill Ave, XXXwas subsequently stopped in the Bromley area. (VALS, Open Container) XXXconsistently frequents the Mass Ave Southampton area, and has no recent encounters in the aforementioned area. A large sum of US Currency, in different denominations, was observed folded about several of his pockets accompanied with various drug paraphernalia. XXXhas numerous possession/distribution charges on his bop. XXXwas advised of the PAATHS program and advised to seek immediate medical attention for his current medical issues. FIO'd & Released. B451D (Bertocchi)"
FC21004231,2021-10-28 14:00:00,HAMMOND ST,ROXBURY,2120,Stopped,Reasonable Suspicion ,,,Male,Black,,,,Medium,1,"On Thursday 10/28/2021 at approximately 1400hrs, the Area D4 DCU were conducting a drug investigation on Washington st/Ramsay park. Officers were monitoring a group of individuals inside the park. One of the individuals has been arrested by this officers numerous times in the past for Distribution of drugs. Officers observed numerous individuals approaching this group, and huddling together before leaving the park. Officers then observed a male individual, (Black male, yellow Nike sweatshirt, with hood walk up to this group. from our vantage point officers were able to see money exchanged and an item was passed back to the individual in the yellow sweatshirt. Officers believing a street level drug transaction occurred, mobilized and attempted to stop this individual. The male walked into the front foyer of XXXHammond st. where Officers O'Donnell/Rodrigues and S/D Browning stopped the male and identified us as Boston Police. The male immediately stated he was a drug abuser and was withdrawing, and asked if he could just smoke his cigarette first, before Officers asked him any questions. Officers observed the male to be very nervous and was fidgeting his sweatpants and moving his leg. Officer O'Donnell provided the male with his Miranda rights to which he stated he understood. Officers informed him why he was being stopped when again the male stated he was sick and withdrawing from substances. Officers conducted a pat frisk and discover the individual carrying a pocket knife and two packs of cigarettes. The individual upon initial stop was nervous and apologetic, and after he was informed he was not under arrest began to become belligerent and stating ""Fuck you , I fucking hate cops"" the individual was asked his name and where he lived , the unknown male ignored officers and walked away after Officers returned his cigarettes and pocket knife."
FC21004207,2021-10-28 19:15:00,LYMAN ST,LYNN,1902,Stopped,Reasonable Suspicion ,,Suv (sport Utility Vehicle),Male,Black,Hispanic Origin,25.0,Medium,,1,"About 7:15 pm on Thursday, 10/28/21, Members of the E-5 DCU under the supervision of the V953 made and onsite stop of MA REG: XXXat Washington ST at Grove ST., West Roxbury. Officers observed BMW MA Reg: XXXparked behind an Acura MA REG: XXXoutside of XXXWashington ST with both vehicles on outside the Speedway gas station. Officers observed XXX get out of the passenger side of the Acura and get into the driver's seat of the BMW. The Acura immediately drove off outbound on Washington St. and the BMW took a U-turn and went inbound on Washington St. Officers believing they observed a street level drug transaction were able to stop the BMW in traffic at Washington St at Grove St. Officers spoke to the operator XXX who stated that he had met his friend to give him some weed and produced one zip-loc bag of a green leafy substance. XXXand the immediate area in his control in the vehicle was pat frisked. FIOED and released."
FC21004414,2021-11-11 12:40:00,WASHINGTON ST,BOSTON,2119,Stopped,Reasonable Suspicion ,,,Female,White,Not of Hispanic Origin,38.0,Thin,,1,"Members of the B2/DCU while conducting a drug investigation engaged Ms. XXXfor a threshold inquiry. Offices did confirm that Ms. XXXwas attempting to purchase narcotics from an unknown B/N male in the Dudley Triangle area. After confirmed no drugs were purchased, Ms. XXXwas released from the scene."
FC21004406,2021-11-16 05:50:00,ATLANTIC AVE,BOSTON,2210,Stopped,Intel,,,Male,White,Not of Hispanic Origin,49.0,Medium,Light,0,Officers encountered XXXwho reported that he was being followed all over the city. XXXwas erratic and his story didn't make sense. XXXcontinuously reported that people were making meth in the tunnels throughout the city. XXXgot mad when Officers stated the story didn't make sense and asked about drug use and prior mental health. There are multiple reports on XXXthroughout the city for his erratic behavior. FIO for Officer safety / intel. A103A
FC21004474,2021-11-22 10:40:00,HARRISON AVE,BOSTON,2118,Stopped,Reasonable Suspicion ,,,Male,White,Not of Hispanic Origin,58.0,,,0,"Officers observed the suspect,XXX (DOB XX/XX/XXXX in front of 774 Albany St., with money in his hand. The suspect XXXthen walked up the stairs, close to the entrance of 774 Albany St., with an unknown white male, who Officers observed to have a pill bottle in his hand. Based on Officer's observation and the constant drug sales/use in the area, Officers believed a drug transaction may have taken place. Officers followed the suspect to 850 Harrison Ave and spoke with him. XXXstated he attempted to buy Clonazepam, but the unknown male did not have what he was looking for. XXXwas queried through CJIS for outstanding warrants, with negative results and sent on his way. DK01D (Mathewson/Linnane)"
FC21004535,2021-11-29 09:37:00,ALBANY ST,ROXBURY,2119,Stopped,Probable Cause,,Passenger Car/ Automobile,Male,Black,Not of Hispanic Origin,60.0,Medium,,1,"Officers conducted a mv stop on the suspect XXX in the area of Massachusetts Ave and Albany St for a motor vehicle violation. It was also revealed XXXhad a suspended license. The suspect was operating a gray Kia Optima Mass Reg XXX When officers made contact with the suspect they immediately noticed a crack cocaine pipe on his lap. The suspect denied consuming any narcotics on todays date. Officers conducted an inventory of the vehicle prior to be towed. The suspect has a large BOP, along with an open Trafficking Fentanyl charge of out Plymouth Superior Court. Suspect will be summonsed to court. DK01D Linnane/Mathewson."
FC21004623,2021-12-06 14:51:00,,DORCHESTER,2122,Stopped,Probable Cause,,Passenger Car/ Automobile,Female,White,Not of Hispanic Origin,39.0,,,1,Officers from the C-11 Drug Control Unit conducted a motor vehicle stop related to a drug investigation of XXXin the above motor vehicle. Ms. XXXwas Mirandized. Officer recovered narcotics from Ms. XXXMs. XXXreleased and summonsed.
FC21004678,2021-12-09 20:54:00,SHAWMUT AVE,ROXBURY,2118,Stopped,Probable Cause,,Passenger Car/ Automobile,Male,Black,Not of Hispanic Origin,27.0,Heavy,Brown,0,"TS MAREG XXXVALS XXXShawmut Ave (Area frequently occupied by Lenox St gang associates)XXX (ORCHARD PARK gang member) prior firearms and drug charges. This vehicle has been FIO' with numerous different gang members operating. XXXrecent shooting victim. I212043505 officers observed scale and plastic bags, XXXreported ""You know what we gotta do out here"" XXXreported he lives on XXXSt. with his mother Fullam R. / O Leary"
FC21004764,2021-12-18 11:15:00,GROVE ST,WEST ROXBURY,2132,Stopped,Reasonable Suspicion ,,,Male,White,Not of Hispanic Origin,60.0,Medium,,0,"On Saturday 12-18-2021, at approximately 11:15, Officers of the District E 5 Drug Control Unit, under the supervision of Sgt. Det. Anthony Troy, were conducting surveillance in the area of Grove St and Washington St for drug activity. Det. Samaras observed a male subsequently identified as XXX DOB XX/XX/XXXXas he met with a party known to the commonwealth (known admitted Drug user) behind a white Chev Van XXXAfter this brief meeting, the known male walked on Grove St towards Centre St after giving a thumbs up to Mr. XXX Mr. XXXthen entered the work van, subsequently found to be registered in his name, while looking at his lap area briefly before proceeding into traffic behind Det. Samaras's unmarked cruiser. While in traffic, Det. Samaras exited his unmarked cruiser and approached driver side of Mr. XXXvan while announcing his office with radio in hand. Det. Samaras confronted Mr. XXXof observations an he stated, ""He's an old friend."" When asked his friends name, Mr. XXXstated he only knew him as ""bud"". Mr. XXXbecame agitated and Det. Samaras asked to see his drivers license which he did produce. Mr. XXXappeared very irritated and nervous during conversation with Det. Samaras. Mr. XXXwas not searched nor was his vehicle, after the encounter Mr. XXXwas advised that he could continue on his way."
FC21004859,2021-12-30 09:50:00,,BOSTON,2119,Stopped,Intel,,,Male,Black,Not of Hispanic Origin,55.0,Heavy,,0,"Officers stopped Mr. XXX in the area of Dudley Station for a drug investigation. Mr. XXXstated he took the #19 bus from his house XXXHoliday Street, Dorchester) to get breakfast at the Silver Slipper Restaurant. Subject was FIOed and released. B102D (Aragones/Freeman) / VD45 (Reynoso-Santos)"
FC22000113,2022-01-13 00:49:00,,BOSTON,2118,Stopped,Probable Cause,,Passenger Car/ Automobile,Male,Black,,24.0,,,1,"TS for VALS (Tints) on MA REG XXXin the area of Mass Ave. and Shawmut Ave. Officers made contact with XXXwho was operating the above vehicle. XXXwas uncooperative with officers. XXXstated that there is no weapons or drugs in the vehicle and later became extremely evasive. Officers observed a clear plastic bag containing a green leafy like substance consistent with marijuana in plain view (Back seat area). Officers frisked XXXand vehicle which yielded negative results. FIOE completed. D103A (Mariam / Allen), D411A (Sandoval), D425A (Sullivan)"
FC22000119,2022-01-13 12:20:00,ALBANY ST,BOSTON,2118,Stopped,Probable Cause,,,Male,Black,,33.0,,,1,"Officers observed a group of people huddled outside of 780 Albany street. Officers observed a male (XXX) in the group holding up a small plastic bag with a brown powdery substance which officers recognized as street packaged drugs. As officer approached XXXthe group dispersed. Officers frisked XXXfor the plastic bag to no avail and asked where it went which he stated that he dropped it upon seeing officers and an unknown person picked it up. XXXadmitted that it was ""Dope"" and that he is now in the area because the encampments in Southampton have been removed. Officers advised XXXto leave the area. FIO'd and released. DK01D (Aragones/ Dowling)"
FC22000149,2022-01-15 09:00:00,,BOSTON,2119,Stopped,Probable Cause,,,Male,Black,Not of Hispanic Origin,25.0,Heavy,Dark Brown,1,"Officers assigned to the District C-6 DCU along with Officers assigned to City Wide 1 DCU as well as Det. Stanton (FBI Metro Gang Task Force) executed a Search Warrant forXXX (DOB: XX/XX/XXXX Officers effected a traffic stop, and recovered a Taurus G3 9MM handgun with 14 cartridge's of 9MM in the magazine from XXX. Officers also recovered approx. 9 grams of Crack Cocaine from XXX. XXX was charged with the following: Carrying a Firearm Without a License; Possession of a Large Capacity Firearm; Possession of Ammunition Without FID Card; Carrying a Loaded Firearm; Possession of Firearm in Commission of a Felony Firearms w/Obliterated Serial Number Possession W/Intent to Distribute (Class B) XXXXXX - Active Morse St., Open Cases out of Suffolk Superior CT. for Unlaw, Poss. F/A, Large Cap. feeding device, Unlaw. Poss. Ammo. Open Case out of South Boston CT. for PWID Class D. Previous F/A Arraignments on BOP."
FC22000150,2022-01-15 11:06:00,DORCHESTER AVE,DORCHESTER,2122,Stopped,Probable Cause,,,Male,Black,Not of Hispanic Origin,54.0,Heavy,,1,"Officers assigned to the District C-6 DCU along with Officers assigned to the City Wide 1 DCU as well as Det. Stanton (FBI Metro Boston Gang Task Force) executed a Search Warrant for the Body of XXX as well as his vehicle MA REG: XXX Officers located XXX., and effected a traffic stop on MA REG: XXXOfficers subsequently recovered approx. 9 Grams of Cocaine from XXX's vehicle. Due to current health conditions & exhibiting symptoms of COVID-19, Officers released XXX and will be summonsed for Poss. Class B (Cocaine). XXX - 120 arraignments on BOP including previous 94c & 269 arraignments. XXX is also employed by theXXX, Dorchester."
FC22000160,2022-01-16 10:42:00,,EAST BOSTON,2128,Stopped,Probable Cause,,,Male,White,Hispanic Origin,63.0,Medium,Medium,0,"At about 10;40 on Sunday 01/16/2022, Officers Johnson and Frederick in the G101D responded to a radio call to investigate a person selling drugs on Eutaw St, East Boston, 02128. Officers were dispatched to Eutaw St to investigate a male who was believed to be selling drug paraphernalia. A caller stated that the individual was heading down Eutaw St in the direction of Meridian St. The caller gave a description of a male wearing a red Kansas City Chief Jacket, with a red hat. Officers located the individual matching the exact description on the corner on Meridian St and Eutaw St. Upon arrival, Officers made contact with the male suspect who confirmed that he was XXX(DOB: XX/XX/XXXXOfficers went on to ask the suspect had he in fact been selling drugs in the area. XXXtold the Officers that he had only his prescription drugs on his person. Officers identified the medication as clonazepam in a orange prescription bottle with the suspects name printed on the label. The suspect was cooperative with Officers stating that he was heading to Walgreens. Officers conducted a CJIS query on the suspect which no active warrants were shown."
FC22000219,2022-01-20 11:11:00,MASSACHUSETTS AVE,BOSTON,2118,Stopped,Probable Cause,,,Male,Black,Hispanic Origin,40.0,Medium,,0,"Officers observed XXX on the stairs in front of 725 Massachusetts Ave, standing directly above a ""No trespassing/No Loitering"" manipulating a hypodermic needle with a brown liquid substance inside of the needle. XXXwas checked for wants/warrants met with negative results. XXXwas informed of the many services in the area to get help for drug use, which he declined. DK01D Linnane/Mathewson"
FC22000239,2022-01-22 14:15:00,,BOSTON,2111,Stopped,Probable Cause,,Passenger Car/ Automobile,Male,Black,Not of Hispanic Origin,19.0,,,0,"Officer stopped MA XXX(black Mercedes) for VALs on Essex St at South St. Owner/operator wasXXX (DOB XX/XX/XXXX XXXwas doing food deliveries for Uber Eats in the downtown area (showed Officer his Uber account with active pick-up at South Diner). XXXhas an open f/a case out of Palmer District Court from 6/14/21. He was stopped most recently on 11/7/21 after his vehicle was observed fleeing the area of a ""shots fired"" incident on Geneva Ave. XXXhad a black-colored fanny pack in the back seat that he kept looking at during the stop. He consented to a search of its contents, yielding about 1/2 ounce of marijuana. XXXdoes have a medical marijuana card, which he showed the Officer. FIOE'd for intel. Ostholthoff (A421F)"
FC22000245,2022-01-22 15:19:00,,BOSTON,2126,Stopped,Probable Cause,,Passenger Car/ Automobile,Male,Black,Unknown,18.0,Thin,,1,Officers arrested XXXHeath St // Firearms & Assault Murder on BOP) for several active warrants following a traffic stop at Walk Hill & American Legion. Seized from vehicle was various amounts of different Class B & Class D. See I222004934 for more info Coffey / O'Toole
FC22000253,2022-01-23 09:19:00,BOSTON ST,DORCHESTER,2125,Stopped,Encounter,,Passenger Car/ Automobile,Male,Black,Not of Hispanic Origin,68.0,Medium,Dark,0,"TSTOP for VALS of MA REG: XXXon 01/23 at 9:15am after vehicle was observed leaving XXXBoston Street, Dorchester. CJIS inquiries revealed the vehicle failed to stop on Mass Ave on 01/19/2022. Operator of the vehicle was identified as XXXXX/XX/XXXX XXXhas several open Class B distribution cases. FIOE and released. F630D (Burke)"
FC22000348,2022-01-29 21:40:00,MASSACHUSETTS AVE,BOSTON,2118,Stopped,Reasonable Suspicion ,,,Male,Black,Not of Hispanic Origin,38.0,Thin,Medium Brown,0,Officers were waved down to remove a man from a car on Massachusetts Avenue. The guy said he tried to kick passenger out when he nodded off but could not. Officers approached the vehicle to find a man later identified as (XXX DOB XX/XX/XXXXin the passenger seat in front of XXXMassachusetts Avenue. The suspect XXXwas asleep in the car with needles on the dash board. XXXstated he got picked up in front of the shelter from the driver and both went to get drugs and gas together Officers offered to give XXXa ride multiple times to a shelter or a different address to which he declined. XXXsaid he will walk to get food at the gas station down the street. XXXpacked up his belongings and made his way down Massachusetts Avenue.
FC22000372,2022-02-01 10:42:00,ALBANY ST,BOSTON,2118,Stopped,Probable Cause,,,Male,White,,45.0,Medium,,1,Officers observed the suspectXXX and an unknown white male do a hand to hand drug transaction in the area of 780 Albany St. XXXwas placed under arrest by virtue of three active warrants. Officers recovered numerous drugs from XXX The unknown male fled the area as officers were speaking with XXX XXXstated he had bought 30 Gabapentin pills from the unknown suspect. DK01D Linnane/Mathewson
FC22000460,2022-02-08 10:25:00,ALBANY ST,BOSTON,2118,Stopped,Probable Cause,,,Male,White,Unknown,32.0,,,0,"Officers observed an unknown male smoking an unknown substance from a glass stem at the corner of 774 Albany St. Officers approached the individual and identified him as XXX (DOBXX/XX/XXXX. XXXstated to Officers he was smoking crack, which he bought on Mass Ave. XXXwas queried for warrants, which yielded negative results and was sent on his way and advised to stay out of the area. DK01D (Linnane/Mathewson)"
FC22000502,2022-02-10 02:45:00,SOUTHAMPTON ST,ROXBURY,2118,Stopped,Reasonable Suspicion ,,,Male,Black,Not of Hispanic Origin,42.0,Medium,,1,"About 1:43AM on Thursday, 02/10/22, Officers Keenan and LaRosa conducted a Traffic Stop that resulted in the arrest of three individuals at the corner of Albany Street and Northampton Street, Boston. Refer to incident number I222009623. During the stop, the operator XXX stated that the passenger in the vehicle, XXX has a brother who frequented the area of 112 Southampton Street near the homeless shelter. XXXstated that XXXbrother, unknown name, always has an illegal gun in his waist band and drugs in his pocket. XXXstated that the brother was in her car earlier in the night and two days prior the brother stuck a Black 9mm handgun in her face. XXXdescribed the brother as a black male wearing blue jeans, a long black jacket with a white fur hood and black facemask covering his nose and mouth. XXXstated that XXXbrother stands in the area of 100 Southampton Street, opposite of the McDonalds. XXXstated the brother is in the same location every single night in front of the above listed address. Officers patrolled the area and stopped a person matching the exact description provided by XXXOfficers identified the individual as XXXDOB XXXstated that he did not know aXXX Officers conducted a pat frisk and did not find anything illegal on XXXFIO'd and released. BWC activated. Keenan/LaRosa (D103A)."
FC22000496,2022-02-10 16:58:00,ALBANY ST,BOSTON,2118,Stopped,Encounter,,,Male,White,Hispanic Origin,47.0,,,0,Officer conducted a SS on a Hispanic male of violation of the drug laws in front of 780 Albany Street. Officer observed the suspect later identified as XXX walking between two separate groups of known drug users. Officer then proceeded to watch XXXattempt to consume a brown like substance from a hypodermic needle. Officer conducted a SS on XXXand advised him to drop the needle. Officer conduct a CJIS inquiry on XXXwhich showed that he did not have any outstanding warrants. XXXwas instructed to dispose of the narcotic and issued a verbal warning for possession of class A. FIO conducted for intel purpose. D415F
FC22000501,2022-02-11 01:00:00,,BOSTON,2115,Stopped,Reasonable Suspicion ,,,Female,White,Not of Hispanic Origin,34.0,Small,Fair,0,"R/C for drug activity in Public Alley 818. Officers stopped XXXXXX-XX-XXXXwho stated that she was keeping her personal belongings in the alley because she is homeless. Officers observed several hypodermic needles in plastic bag next to XXXNegative for warrants. Armed Robbery, Trespassing and Possession on BOP. Officers advised XXXof local resources for drug addiction. XXXadvised to stay out of the alleys. XXXwillingly left the area without incident."
FC22000548,2022-02-14 18:00:00,,BOSTON,2108,Stopped,Probable Cause,,,Female,Black,,37.0,,,1,A1 DCU drug invest XXXwas stopped by officers after conducting a hand to hand transaction with XXXdetails of this incident are found in report. XXXwas wearing a black jacket with fur on the hood and black sweatpants at the time of the incident.
FC22000596,2022-02-17 15:00:00,,BOSTON,2131,Stopped,Probable Cause,,,Male,White,Not of Hispanic Origin,35.0,Heavy,,1,"On Thursday, 2-17-2022, at approximately 15:00, E 5 DCU Officers, under the supervision of Sgt. Det. Antony Troy, observed A XXXDOB XX/XX/XXXXand aXXX DOB XX/XX/XXXXat the corner of South St and FLetcher St next to Fallen Field. Officers observed as XXXwas manipulating a small plastic water bottle and placing a small square of tin foil in a manner that officers recognized as a method of freebasing illicit narcotics. It should be noted that XXXwas observed pouring water from the bottle before fashioning his makeshift pipe. Officers approached and announced their respective office, Officers recovered variety of pills on XXX(Suboxone) which she claimed to have a prescription which was not produced. XXXhad knives and a bb pistol secreted in his backpack along with a variety of knives. The pistol was very realistic in appearance. Det. Samaras seized the BB pistol per investigation. Both were advised to leave the area and they complied."
FC22000709,2022-02-24 00:00:00,SHAWMUT AVENUE,BOSTON,2118,Stopped,Reasonable Suspicion ,,Passenger Car/ Automobile,Male,Black,Not of Hispanic Origin,28.0,Medium,Medium,1,"TS for speeding in area of Shawmut and Melnea Cass MA XXXOperator identified XXXhas significant criminal history including murder charge. XXXstated he was speeding because he was, ""going to cheat on his girl."" Without provocation, XXXstated officers could search the vehicle. Search yielded personal amount of marijuana. Door panels on MV were extremely loose. XXXcordial throughout interaction. D101F Jenner/ O'Leary D201F Kovaleski/ Foley"
FC22000846,2022-03-07 00:00:00,EVERETT ST,JAMAICA PLAIN,2130,Stopped,Probable Cause,,Passenger Car/ Automobile,Male,White,,25.0,Thin,Light,0,"About 9:01 PM on Monday, March 7, 2022, Officers Maxwell and Sanchez conducted at traffic stop for VALS at XXXEverett Street, Boston. The Officers were in the area of the Bromley Heath Housing Development when their attention was drawn to a silver Honda Civic bearing XXXdue to non transparent windows (MGL c90/s9D). The Officers conducted a traffic and made contact with the driver/registered owner XXXwho is a Heath Street Associate. The Officers observed XXXto have a small p/b of marijuana the sticking out front pocket of his hoodie sweater. Officers issued a verbal warning. FIO'D and released. J690F/691F (Maxwell/Sanchez)."
FC22000878,2022-03-09 09:15:00,BOYLSTON ST,BOSTON,2111,Stopped,Reasonable Suspicion ,,,Male,Black,,42.0,Muscular,Dark Brown,1,"Officers observed XXX in front of XXXBoylston Street. XXXappeared to be engaged in a hand to hand drug transaction. Officers observed XXXto be putting an unknown substance into a plastic bag, turn away and place the bag down the front of his pants. XXXwas with a group of known drug users. officer lost sight of XXXwhen he walked in between two parked vans then crossed over to 39 Boylston Street attempting to enter the shelter. Officers stopped XXXperformed a pat frisk and made him aware of why he was stopped. XXXstated that he was given change by the group. Officers did not locate any drugs on XXXbut did observe him to be carrying a large amount of cash in his wallet and multiple pockets. Queried in CJIS and released XXX has a long history of drug distribution and has been arrested in area A1 multiple times for drug crimes"
FC22000879,2022-03-09 10:51:00,BLUE HILL AVE,DORCHESTER,2121,Stopped,Probable Cause,,Passenger Car/ Automobile,Male,White,Hispanic Origin,37.0,Medium,,1,Officers conducted a traffic stop for VALS (M.G.L. 90 S10 unlicensed operation) of a red 2007 Ford Edge (MA reg: XXXCJIS inquiry revealed that registered owner XXXdid not have an active license in MA). Said vehicle was operated by XXX Mr. XXX has a driver's license from the Dominican Republic but stated that he has been living in MA for about 4yrs. MrXXX has previous drug charges from 2018 (I-182070829). Officers observed various baggie knots on the rear passenger seats and a large amount of air fresheners. Officers issued a verbal warning and Mr. XXXwas released without further incident. BK01D (Beato & Soto)
FC22000883,2022-03-09 13:50:00,DUDLEY ST,BOSTON,2119,Stopped,Reasonable Suspicion ,,,Male,White,Hispanic Origin,39.0,Thin,,1,Officers observed two Hispanic males standing in the area of XXXDudley St Roxbury. Officers observed XX/XX/XXXXgive what appeared to be a plastic baggie toXXX XX/XX/XXXXOfficers conducted a threshold inquiry of Mr. XXXand Mr. XXXMr. XXXhad in his possession 1 plastic baggie containing weed that Mr. XXXgave him. XXXstated that he did not sale the weed to XXXbut rather gave it XXX XXXXXXwas adamant that his name was XXXXXXwhich in fact he later admitted that XXXXXXis his brother's name. Officers released both XXXand XXXwithout further incident. BK01D (Beato & Soto)
FC22000965,2022-03-15 17:55:00,BOSTON ST,DORCHESTER,2125,Stopped,Reasonable Suspicion ,,,Male,White,Not of Hispanic Origin,33.0,Thin,,1,"About 5:55pm on Tuesday, March 15th, 2022 Officers responded to a call for a person with a knife at XXXDevine Way, South Boston. Upon arrival, bystanders at the corner of Devine Way told Officers the suspect had run through the backyard of XXXDorchester Ave in a red sweatshirt from the original location of XXXDevine way. The owners of XXXDorchester Ave confirmed he ran through and hopped their fence toward Boston Street. Officers stopped a male (XXX. DOB: XX/XX/XXXXmatching the description given over the radio on Boston Street. XXXexplained he was running because he had drug paraphernalia on his person. Officers frisked XXXand determined XXXdid not have a knife. Mr. XXXwas FIO'D and released forthwith. CJIS inquiry showed no warrants for the subject. (F411F Carnell/FG01 Kalapinski)"
FC22000980,2022-03-16 19:00:00,,BOSTON,2134,Stopped,Reasonable Suspicion ,,Passenger Car/ Automobile,Male,Black,Not of Hispanic Origin,51.0,,,1,"About 7pm, on Wednesday March 16, 2022 members of the D14/DCU were in the area of Fidelis Way/Commonwealth Avenue. Officers observed a white Hyundai (MA XXXparked in front of a fire hydrant on Commonwealth Avenue near the rear alley ofXXXFidelis Way. Officers are familiar with this specific area from past drugs related incidents. Officers observed a white female in the drivers seat (later identified asXXX as the long occupant of the vehicle. A few moments later a black male wearing a black hat and black Adidas hooded sweatshirt was observed entering the vehicles front passenger seat, and exiting after approximately 2/3 minutes. At this time the white Hyundai conducted a U-turn and headed in the direction of Warren Street. The black male was observed to then enter the passenger seat of a white Infiniti XXXand leave the area. Officers through their training and experience believed a drug transaction had taken place, requested via channel 5 dispatch, a marked Boston Police unit to assist in conducting a traffic stop. Officers were able to stop the white Hyundai at Cambridge/Brighton Avenue. Officers spoke with the operator, who stated that she met her ""friend"" to hand off money she owed him from a past drug transaction involving marijuana. XXXstated to officers she is a recovering heroin addict and stated she smoked marijuana for anxiety. XXXalso stated to officers ""I understand why I was stopped and how it looked"". Simultaneously Sgt. Det. DeLeon observed the white Infiniti approaching Cambridge/Brighton Avenue, and requested for a marked Boston Police unit to assist with traffic stop. Sgt. Det. DeLeon, Officers Butcher and Sobhy spoke with the operatXXX and the passenger XXX XXX stated that he had met his friend who owed him money. Initially XXXdid not state why the money was owed to him, but eventually stated that he was for a past marijuana deal. All parties FIO'D and released."
FC22001002,2022-03-18 00:00:00,,SOUTH BOSTON,2127,Stopped,Reasonable Suspicion ,,,Male,White,,36.0,,,0,"Female passerby notified officers the suspect was asking passing females if they would help his injured dog , he may have been on drugs"
FC22001127,2022-03-26 07:46:00,O'REILLY WAY,CHARLESTOWN,2129,Stopped,Probable Cause,,,Female,White,Not of Hispanic Origin,40.0,,,0,R/C for female on drugs screaming. Suspect stopped and claimed to be locked out of her apartment. Stated she would take train to sister's house.
FC22001160,2022-03-28 09:01:00,ALBANY ST,BOSTON,2118,Stopped,Probable Cause,,,Male,White,Not of Hispanic Origin,36.0,Thin,Light,0,(Reference I22021525 for original Stolen vehicle report) XXXwas placed under arrest at the BMC Emergency Room for Receiving a stolen motor vehicle and a straight warrant for 94C out of Malden District Court. The suspect XXXXXXwas observed on security camera parking the vehicle in the garage at XXXHarrison Ave then walking into the emergency room. XXXstated he picked up the vehicle in the Southampton St area off of a man named XXX. XXXstated he gave XXXa gram of heroin in exchange for the vehicle so he could have a warm place to sleep last night. XXXstated he was not aware the vehicle was stolen. XXXstated he dropped off a female named XXXwho was actively overdosing in the vehicle at BMC. He stated he went back to the emergency to check on her. XXXstated he recently relapsed and has been in the area buying drugs for the past week. DK01D Linnane/Mathewson
FC22001202,2022-03-29 19:10:00,,DORCHESTER,2122,Stopped,Reasonable Suspicion ,,,Male,White,,24.0,,,1,Officers from C-11 DCU observed XX/XX/XXXXenter into the rear of XXXFreeport Street the Social Security Administration during closed business hours. Officers conducted a threshold Inquiry of Mr. XXXwho stated he was using drugs in the rear lot of XXXFreeport St. One p/b of Fentanyl recovered. Officers to summons Mr. XXXfor Possession of class A substance.
FC22001414,2022-04-11 08:38:00,,BOSTON,2118,Stopped,Probable Cause,,,Male,White,Not of Hispanic Origin,48.0,Medium,Light,1,"Officers placed the suspectXXX under arrest for an active warrant at the intersection of Massachusetts Ave and Melnea Cass Blvd. XXXis a known drug dealer in the area with an open case for trafficking Class A. XXXwas cooperative throughout the process and stated to officers ""he retired and done with Mass Ave."" XXXstated he is trying to get clean and get into rehab. No drugs found on XXX DK01D Linnane/Mathewson"
FC22001452,2022-04-12 23:21:00,PUBLIC ALLEY NO. 716,BOSTON,2118,Stopped,Reasonable Suspicion ,,,Male,White,Not of Hispanic Origin,45.0,Medium,Light,1,"About XXXXXX:26PM, on Tuesday, 04/XXX2/22, Officers Dowling and Aragones in the D203F responded to a radi call for Investigate a Suspicious Person at XXX Public Alley No.7XXX6, Boston, MA. Officers were made aware by Channel 5 dispatch that a male wearing a light colored hoodie, carrying a device to open up cars, was in the Public Alley walking towards East Springfield Street. Officers located a white male, later identified as XXX matching the description in Public Alley 7XXX6. Mr. XXXhad a small gray pipe in his hand. Officers took the device and pat frisked Mr. XXXto negative results. Officers conducted a CJIS Inquiry of Mr. XXXfor warrants which yielded negative results. Mr. XXXhas an open case for knowingly receiving stolen property and possessing burglarious tools. Mr. XXXhas multiple charges for Larceny on BOP. Mr. XXXwas FIO'd and released and told to leave the area."
FC22001491,2022-04-15 16:30:00,,DORCHESTER,2124,Stopped,Reasonable Suspicion ,,Passenger Car/ Automobile,Male,White,Not of Hispanic Origin,44.0,,,1,"Members of the B3 Drug Control Unit conducted an investigation in the area of Walk Hill Street and Fottler Road observed the above mentioned individual parked for several minutes inside a black Jetta. After a brief period an individual walked from a location and approached the passenger side opened the door and appeared to engage in a hand to hand exchange between the individuals. Officers requested assistance with a traffic stop and spoke with the operator who stated he just had some ""weed"" in the car. Officers conducted a pat frisk of the individual and the area of his control in the vehicle. Released from the scene without further incident."
FC22001522,2022-04-17 20:15:00,,SALEM,1970,Stopped,Probable Cause,,,Male,White,,28.0,Medium,Medium,0,"About 8:15PM on Sunday 04/17/22 Officers while on direct patrol observed a male loitering inside the Chinatown T station entrance. Officers identified the male as XXX DOB: XX/XX/XXXXXXXstated he he just got out of prison and is on probation for armed CarJacking. XXXstated he comes down to this location to buy crack. XXXstated he knows the area and can get a ""rock"" for $15-20 dollars. FIOE'd for Intel McCullough/Ostholthoff A103F"
FC22001528,2022-04-18 04:45:00,MEDFORD ST,BOSTON,2129,Stopped,Reasonable Suspicion ,,,Male,White,,23.0,,,1,"Responded to Medford St for a report of a white male with a beard, dark blue jacket and dark pants trying vehicle doors. Officer Pasciuto stopped a person matching the description and known to Officer Pasciuto as XXXXXXdenied checking car doors, did admit walking in the middle of the street. XXXis a known addict, and had some paraphernalia on his person, but no drugs. There was nothing else suspicious on his person from vehicles, or no known victims at this time."
FC22001541,2022-04-19 21:00:00,,BOSTON,2111,Stopped,Probable Cause,,,Male,Black,Not of Hispanic Origin,40.0,Heavy,,1,"Officers stopped XXX(DOB XX/XX/XXXXon Washington Street and Essex Street outside the MBTA Chinatown Station after they observed him on camera conducting drug transactions with another unidentified male. Officers searched XXXyielding negative results for drugs. Officers did discover several denominations of cash crumpled together in his cargo pockets. They also recovered a knife with a blade in excess of 2.5 inches. XXXwas informed of the blade length city ordinance. XXXwas confrontational with Officers and refused to identify himself initially. He also has a brother, XXXXXXwho he stated was dead. His brother used his name as an alias and now has several active warrants in CJIS. FIOE'd for intel. Ostholthoff/Beatrice (A102F)."
FC22001650,2022-04-25 21:00:00,BOWDOIN ST,DORCHESTER,2122,Stopped,Reasonable Suspicion ,,,Male,Black,Hispanic Origin,28.0,Thin,Medium Brown,0,"Officers stopped XXX (ABDW, A/B) at XXXBowdoin St in relation to a R/C for an unknown problem. XXXinformed Officers he was recently released from jail and continued to express his dislike for police. XXXfrequents the Bailey St. area and has been present for PERGUN calls as well as community complaints of drug distribution in the area. FIO'd and released H104F (Foley/O. Russell)"
FC22001668,2022-04-26 14:30:00,,BOSTON,2118,Stopped,Probable Cause,,Pickup Truck,Male,White,Not of Hispanic Origin,50.0,,,1,"On the afternoon of Tuesday, April 26, 2022, members of the Area D-4 Drug Control Unit, under the supervision of Sgt. Det. Browning conducted a drug investigation in the area of Southampton/Topeka Street. Officers observed a white male later identified asXXX walking on Southampton Street towards Atkinson Street. XXXturned right onto Atkinson Street where he walked into a group. XXXwas observed huddling with an unknown male and appeared to do a hand to hand drug transaction. XXXimmediately separated from the unknown male. XXXwas observed looking at the item he just received from the unknown male. XXXmade his way to Topeka street where he entered a black Ram 1500 pick-up truck bearing Ma reg # XXX Officers followed XXXto 93S on ramp (Across from MBTA HQ) , where Sgt. Det. Browning activated his emergency lights and signaled XXXto pull over. Sgt. Det. Browning informed XXXthat Officers were conducting a drug investigation and informed XXXof the Officer's observations. Sgt. Det. Browning read XXXhis Miranda from a printed card, to which XXXstated he understood. Post Miranda XXXstated he did get drugs from the unknown male on Atkinson Street, but tossed the loose crack cocaine out the window when he was stopped by Officers. Officers were not able to locate the drugs. XXXwas released from the scene."
FC22001706,2022-04-28 13:15:00,,BOSTON,2128,Stopped,Reasonable Suspicion ,,Suv (sport Utility Vehicle),Male,White,Hispanic Origin,19.0,,,1,Stopped as a result of a drug investigationXXXwas observed briefly meeting with the driver of MA Reg # XXXin the Area of South Bremen St. After a few minutes the pair separated. An investigative traffic stop was conducted on Lexington St. No contraband was located on XXX.
FC22001780,2022-05-03 11:47:00,,ROXBURY,2118,Stopped,Reasonable Suspicion ,,,Male,Black,Not of Hispanic Origin,39.0,Medium,,1,"About 11:47 AM on Tuesday 05/03/2022 Officer Pina and Officer Henriquez while assigned to the F102D Unit assisted the YA35 (Lieutenant Messina) on an investigate Person at the intersection of Topeka Street and Southampton Street Boston MA. Upon arrival, the officers were informed by the YD5A (Officer McMenamy) that he and his unit had received several complaints of an individual with a 22 Caliber firearm selling drugs at the above intersection. The suspect was described as a tall black male wearing a camouflage jacket and black pants. Along with the above units (the YA35 and the YD5A), the officer observed the suspect matching the description, to be standing at the corner of Topeka Street and Southampton Street with both hands in his pockets. Prior to the officer's interaction with the suspect, the suspect turned his back towards the officers and bumped into other bystanders as he spoke to them. It was not certain if the suspect had made any type of transaction or handed anything to these bystanders while the officers approached. The officers approached and requested that the suspect take his hands out of his pockets to which he complied. The officers advised the suspect of their reason for being there (interaction). The YA35 then conducted a pat frisk of the suspect. While conducting the pat frisk of the suspect the YA35 felt a hard object in the suspect's pocket which turned out to be a Black and yellow Dewalt folding pocket knife. The YD35 then felt other hard Objects through the suspect’s jacket pocket and upon taking the hard objects from the suspect's breast pocket the officers observed several US currency in a mix of multiple Hundred Dollar Bills, multiple 20 Dollar Bills, multiple 10 Dollar Bills, Multiple 5 Dollars Bills and two black vehicle key The Officers were not able to locate any firearm at such time. The suspect's money and vehicle key was returned to him and he was advised that the knife would be confiscated for being over the legal length allowed to be openly carried in Boston MA. The knife was logged into mark 43 and turned into the District C6 property clerk. It should be noted that there is no other information marked on the knife other then the black and yellow label (Dewalt)"
FC22001782,2022-05-03 16:10:00,,BOSTON,2125,Stopped,Intel,,,Male,Black,Hispanic Origin,26.0,Medium,,1,"On 5/3/2022 at approximately 4:05pm, Officers with the assistance with Ma State Police conducted a stop for a threshold inquiry across from Old Colony Terrace and Morrisey Blvd for an ongoing investigation. During the stop, XXXstated he had guns and drugs inside his scooter. A frisked was conducted which resulted in negative findings. The party was FIO'D and released. -VD93"
FC22001795,2022-05-03 19:26:00,,BOSTON,2131,Stopped,Probable Cause,,Passenger Car/ Automobile,Male,Black,Not of Hispanic Origin,28.0,Medium,,1,"On Wednesday, May 03, 2021 at about 07:10 PM, members of the Drug Control Unit detailed to District B3 were in the area of Cummins Hwy and Rexford St, Mattapan, MA conducting a drug investigation. While in the area mentioned above the Officers observed one,XXX (DOB XX/XX/XXXXEverton / Geneva associate) exiting the front driver's side of a blue motor vehicle bearing Penn Reg XXXand entering and exiting the front passenger side of a black BMW SUV bearing Mass Reg XXXXXX was observed returning to the blue M/V bearing Penn Reg XXXand manipulating an unknown item(s) in the trunk area of said M/V. XXX was then observed entering the courtyard area of 880 Cummins Hwy and exiting that area within about 5 minutes. A threshold inquiry was conducted with XXX in the area of American Legion Hwy and Walk Hill St. XXX was untruthful with the Officers and was asked to step out of said M/V to which he complied without incident. Officers located a small amount of money and a few individually packed bags of marijuana in the middle arm rest. Officers also located several ""Newport"" cigarette cartons in the rear trunk area where XXX was seen going to earlier. XXX informed the Officers he was delivering the cigarettes to a friend in the Cummins Hwy area. XXX was FIO'ed and released from the scene."
FC22001882,2022-05-10 11:37:00,,BOSTON,2118,Stopped,Reasonable Suspicion ,,,Male,White,Unknown,33.0,,,0,"While Officer was speaking with an unknown individual in front of 780 Albany St, Boston about an unrelated incident (P220203234), XX/XX/XXXXwas over-heard asking an unknown individual for XXXDuring this time, XXXwas less than 5ft. away from Officer, who was standing alongside a BPD Marked Department Vehicle, in full BPD Uniform. A short time later, XXXwas stopped and identified as a New Hampshire State resident with ties to the Lowell community. A NCIC/CJIS Inquiry was conducted on XXXnegative for warrant/s, a criminal history in New Hampshire for similar offense/s. After such time, XXXadvised to refrain from such activity in this already drug plagued area and sent on his way."
FC22002034,2022-05-18 16:00:00,WASHINGTON ST,JAMAICA PLAIN,2130,Stopped,Reasonable Suspicion ,,,Male,White,Not of Hispanic Origin,39.0,Thin,,1,"E-13 DCU officers stopped XXX after observing a hand to hand exchange in which an individual wearing a purple sweatshirt and white hat, passed XXX a small item and XXX handed him money. nothing was recovered from XXX"
FC22002046,2022-05-19 09:11:00,HAMILTON PL,BOSTON,2108,Stopped,Encounter,,,Male,Black,Not of Hispanic Origin,18.0,Heavy,Dark Brown,0,"About 9:11 am on Thursday, 05/19/22, Officers Green and Coleman in the A103D, received a radio call for a removal at XXXHamilton Place, Boston. Upon arrival, the officers spoke with caller who stated he was threatened by a black male after asking him to leave. The caller expressed that he is frustrated because the male is there everyday. After speaking the caller, the officer observed the suspect quickly walking out of the building. The officer stopped the male, XXX XX/XX/XXXXOfficers advised XXXif he needed a place to sleep or a meal, he could visit Bridge Over Troubled Waters or The St. Francis House. Officers attempted to speak with XXXabout threatening others to which he became confrontational. To deescalate the situation, Officers ended the conversation and proceeded to walk away. The officers then spoke with the caller again to advise him that XXXhad left the building and given options for shelter. The caller stated to officers that XXXdoes plays/ drug transactions in the building ( XXXHamilton Place) at all hours causing a lot of foot traffic and complaints from Air BNB guest."
FC22002067,2022-05-20 09:30:00,ALBANY ST,BOSTON,2118,Stopped,Reasonable Suspicion ,,,Male,Black,Hispanic Origin,69.0,Medium,,1,"About 9:30AM, on Friday, 05/20/22, Officer Dowling and Aragones in the D203D unit, conducted a subject stop at 784 Albany Street. Officers observed the suspect,XXX, to be standing in front of the above address by himself and was approached by another male. Moments later the two walked around the corner out of officer's sight. The two individuals, moments later, returned around the corner and went their separate ways. Officers believed that a drug transaction had occurred. Officers stoppedXXX, who gave officers consent to pat frisk, which yielded negative results.XXX has an open case for Distribution of Class A. FIO'd and released."
FC22002118,2022-05-20 10:30:00,,BOSTON,2121,Stopped,Reasonable Suspicion ,,Passenger Car/ Automobile,Male,Black,Hispanic Origin,45.0,,,1,"About 10:30 AM on Friday 05/20/2022 Officers assigned to the C6 DCU initiated a Traffic Stop in the area of Columbia Rd. & Intervale St., pursuant to a Drug Investigation. As a result Officers made contact withXXX (DOB: XX/XX/XXXXand explain the reason for the stop as well as their observations. During the investigation Officers did not recover any weapons or contraband from XXXXX has various narcotic related offenses on his BOP, as well as a Guilty conviction for Firearm & narcotic related offenses, which he served 57 months in federal incarceration. XXXwas FIO'd and released from the scene without incident."
FC22002070,2022-05-20 12:00:00,,BOSTON,2118,Stopped,Reasonable Suspicion ,,,Male,Black,Not of Hispanic Origin,27.0,Medium,Dark Brown,1,Officers were conducting as drug investigation in the area of Albany Street and Massachusetts Ave. Officers observed XXXconducting numerous hand to hand transactions. Officers were able to stop XXX to conduct a threshold inquiry and was frisked to no avail. XXXwas also in the company of XXX XX/XX/XXXX(FC22002069)
FC22002100,2022-05-22 09:52:00,DARTMOUTH ST,BOSTON,2116,Stopped,Probable Cause,,,Male,White,Not of Hispanic Origin,31.0,Medium,Light,0,"Officers received a radio call for a person shooting up drugs across from XXXDartmouth St, Boston. Officers observed XXX standing in a flower bed with trash, clothes and drug paraphernalia scarred about. XXXis called on in this area on almost a daily basis for drug activity. Officers spoke with XXXwho stated he had a severe headache. Officers offered XXXmedical services which he declined and stated he will only be treated on military installations. Officers advised XXXto pick up his trash and belongings and leave the area which he agreed upon. No wants or warrants for XXXat this time. DK01D Linnane/Mathewson"
FC22002101,2022-05-22 11:58:00,W RUTLAND SQ,BOSTON,2118,Stopped,Probable Cause,,,Male,White,Not of Hispanic Origin,37.0,Thin,Light,0,"Officers responded to a radio call for a person shooting up drugs inside of Sparrow Park at 75 W Rutland Square, Boston. Officers arrived on scene and observedXXX sitting up on the curb sleeping. Officers advised XXXthey received a call for him shooting up drugs which he declined. Officers advised XXXthere were kids utilizing the park and to leave the area, which he agreed upon XXXis a constant problem in the area. Radio calls frequently come in from him using drugs or participating in drug activity. No wants or warrants for XXXat this time. DK01D Linnane/Mathewson"
FC22002186,2022-05-26 19:59:00,SAFFORD ST,HYDE PARK,2136,Stopped,Probable Cause,,Passenger Car/ Automobile,Male,Black,Hispanic Origin,24.0,,,1,"L202F (Politsopoulos/A. Kaplan) while on directed patrol in the area of Safford Street observed MA REG: XXXoperating on Safford street in excess of 50 MPH and fail to come to a complete stop at a stop sign at Safford Street at Huntington Ave. Officers initiated TS at 18 Safford Street. Upon approach officers noticed a strong odor of unburnt marijuana and immediately asked the operator XXX how much marijuana was in the vehicle. The operator XXX immediately began to move around and reach into his center console and stated ""only a little bit."" Also in the officers plain view were large separate stacks of 20 dollar bills. The operator informed officers he works for a cleaning company and is paid via direct deposit. The operator XXX was given an exit order and pat frisked for weapons. It should be noted while speaking with the operator his voice often cracked when speaking and appeared to be shaking and nervous upon exiting the vehicle. Officers checked the vehicle and located a back pack with a strong odor of marijuana emanating from it and upon touching it could feel a crinkly plastic feeling when squeezed. Upon further investigation officers located individual plastic baggies containing what officers believed to be marijuana. Marijuana located appeared to be for personal use. (SEE FIOE#FC22000048)- VEHICLE IDLING IN AREA OF MASS & CASS. The operator XXX was issued Massachusetts Uniform Citation for CH.90 S.17 (SPEED GREATER THAN REASONABLE) and CH.89 S.9 (FAIL STOP @ STOP SIGN). FIOE for intel. District 18 DCU notified."
FC22002194,2022-05-27 12:00:00,BRADSTON ST,BOSTON,2118,Stopped,Reasonable Suspicion ,,,Male,White,Not of Hispanic Origin,31.0,Medium,Light,1,"About 12:00 pm on Friday, 05/27/2022 members of the B2/DCU under the direction of Sgt Det McCarthy were on directed patrol in the Mass Ave/ Melnea Cass area for the abundance of drug related activities. During the course of investigation, officers did observed XXX(W/N male wearing black hat, multicolor sweater, green sweatpants, white sneakers, cast on right foot) engage in an unknown hand to hand transaction believed to be a possible drug transaction between parties. Officers Langton, Henriquez and Slamin with badges displayed announced their office and advised XXXof Officers prior observations. XXXdenied meeting anyone, subsequent frisk/search conducted to no avail."
FC22002250,2022-05-30 13:08:00,STILLMAN ST,BOSTON,2113,Stopped,Probable Cause,,,Female,White,Not of Hispanic Origin,35.0,,,0,"About 1:08 PM on Monday, 05/30/2022, Officers Ercolano and Eaton in the A102D responded to a radio call for a female using drugs at XXXStillman St, Boston. Also assisting were Officers Gaughan and Nepomuceno in the A202D. Upon arrival, officers observed a white female sitting on a park bench at the playground. As officers approached they observed the suspect, later identified s XXX drawing a brown liquid into a syringe. XXXdid not observe officers as they approached and immediately threw the needle and remaining liquid to the ground when she became aware of the officers presence. XXXimmediately began apologizing to officers stating she hadn't been to the clinic (methadone) in 3 days and had become dope sick. XXXprovided officers with her name and DOB. Officers were able to positively identify XXXthrough a CJIS inquiry which returned with no active warrants or open criminal cases. XXXwas given a verbal warning and released by officers."
FC22002319,2022-06-02 10:45:00,MARTIN LUTHER KING JR BLVD,ROXBURY,2119,Stopped,Reasonable Suspicion ,,Passenger Car/ Automobile,Male,Black,Hispanic Origin,46.0,Medium,,1,"Officers assigned to the C6/DCU were conducting a Drug Investigation in the area of the Mary Ellen McCormack Housing Development, South Boston. Their attention was drawn to XXX XXXDOB: XX/XX/XXXXwho appeared to be engaging in street level drug activity in the area of XXXMcDonough Way. Officers observed XXXto enter MA REG: XXXand travel away from the area. As Officers commenced a follow of MA REG: XXXthey observed the vehicle to begin traveling at speeds in excess of the posted speed limit (25 MPH) as well as not indicating turns, and driving unsafely through residential streets. Officers Soto & Beato (BK01D) assisted in stopping MA REG: XXXin the area of 280 MLK Blvd. As Officers approached the vehicle, they observed XXXto be visibly nervous, including shaking. Officers could also observe loose US Currency in plain view as well as multiple ripped plastic bags consistent with street level drug packaging. Officers requested a Narcotics K9 to the scene, K9 Officer Roe (TD 524) arrived on-scene and deployed his K9, that indicated a ""Hit"" twice in the back seat/ rear center console area. Officers believing their was a ""Hide"" in the vehicle continued searching, however no Narcotics were discovered. Officers FIO'd XXXand was released from the scene. This investigation is on-going. XXXBOP included multiple past arraignment for Narcotic related crimes including Trafficking Cocaine & Possession to Distribute Cocaine. Assisting Officers Soto & Beato (BK01D), Officers Pina & Pereyra (B201D)."
FC22002342,2022-06-04 02:46:00,,BOSTON,2116,Stopped,Probable Cause,,,Male,White,Not of Hispanic Origin,32.0,Medium,Light,0,Officers Keenan/LaRosa (DK01A) were doing a directed patrol Code 19 in Garcia Park. Residents have recently been complaining of individuals creating a disturbance and using drugs inside of Garcia Park. Officers encountered XXX (DOB XX/XX/XXXXsitting inside the park surrounded by needles. Officers informed XXXthat he was not allowed in the park after hours. Officers also observed several other individuals in the area walking away as Officers arrived. Officers informed all the individuals that they were not allowed in the park after hours. XXXand the other individuals left without issue.
FC22002446,2022-06-10 16:30:00,HUMBOLDT AVE,DORCHESTER,2124,Stopped,Reasonable Suspicion ,,,Male,Black,Hispanic Origin,22.0,Thin,,1,Officers stoppedXXX at Talbot and Helen St following SSA in which units observed ATM members flee from the area. As Officer approached in their marked cruiser XXXimmediately changed direction from XXXHelen and hurried his pace Officers observed a large bulge in his sweatshirt pocked. Pat frisk revealed Marijuana and cell phone. FIO'd and released. (I222042502) C113D O'Donnell/O'Toole
FC22002481,2022-06-12 09:24:00,CAWFIELD ST,DORCHESTER,2125,Stopped,Encounter,,,Female,White,Not of Hispanic Origin,35.0,Thin,,0,Officers responded to XXXCawfield Street for a report of trespassers. Officers are aware of numerous 911 calls for drug use and dealing as well as people trespassing and other quality of life issues at this location. Officers observed XXX on a make shift bed on the rear porch of XXXCawfield Street. XXX was run for warrants with negative results. XXX was advised to no longer trespass at XXXCawfield Street. XXX was offered a ride to a shelter which she refused. B103D Kerrigan/Aldridge
FC22002587,2022-06-20 00:00:00,,CAMBRIDGE,2139,Stopped,Intel,,Passenger Car/ Automobile,Male,White,Not of Hispanic Origin,27.0,,,0,TS VALS Massachusetts Ave Albany St. MA REG XXX45 recent inquires. Operator XXX known by officers to frequent the Mass/Cass area in relation to narcotic related distribution. XXXhas numerous 94c related offenses on BOP. Front seat passenger (registered owner)XXX. numerous 94c related offenses on BOP. While speaking with XXXand XXXOfficers observed numerous empty packages containing a green leafy type residue scattered across the back seat as well as a red bicycle with no wheels and a broken bike lock which was on the floor behind the passenger seat. FIOE for intel and to associate XXXwith MA REG XXX D441A/Murray
FC22002591,2022-06-20 11:15:00,S BREMEN ST,EAST BOSTON,2128,Stopped,Reasonable Suspicion ,,,Male,White,Not of Hispanic Origin,69.0,,,0,Known drug location. Observed brief encounter and possible exchange of items. Stopped to investigate further no contraband recovered
FC23000011,2023-01-01 17:00:00,,DORCHESTER,2124,Stopped,Reasonable Suspicion , Drugs,,Male,Black,Not of Hispanic Origin,45.0,Thin,Medium Brown,1,"Under the direction of Sgt. Det. Champagnie, members of Drug Control Unit detailed to District B3 were in the area of Blue Hill Av and Morton St, Mattapan, conducting a drug investigation on Sunday Jan 1, 2023. While in the area mentioned above, members of the B3 DCU observed one,XXXt (DOB XX/XX/XXXXmeet with an unknown female at the Mobile Gas Station. Officers observed both parties engaging in what appeared to be a hand to hand transaction. XXXwas further observed walking away and placing an unknown item in his coat pocket. Members of the B3 DCU stopped XXXand explainined the reason for police interaction. A pat frisk of XXXperson was conducted for any weapons or drugs. The pat frisk resulted in negative results for any weapons or drugs. XXXwas FIO'ed and released from the scene."
FC23000046,2023-01-02 15:54:00,WASHINGTON ST,BOSTON,2124,Stopped,Probable Cause,,Passenger Car/ Automobile,Male,Black,Unknown,21.0,Thin,Dark Brown,0,"Observed MA reg: XXXidling at XXXWashington Street. Vehicle had an obstructed rear license plate (non translucent plate cover) and had not been inspected after seven days upon registration. Officers observed the vehicle was running, and the two occupants appeared to be smoking a marijuana cigarette. Traffic stop was conducted, it was confirmed the occupants were smoking marijuana while the car was running. When asked for his license and registration the operator would not produce it and said he had to get it on his phone. He further took the registration of the glove compartment, though would not physically hand it to the officer and would not explain why. The operator was found to be the registered owner XXX, active license). He then took out his phone and immediately started getting even more confrontational as he filmed. State Troopers arrived on scene to assist. Warned against the VALs. Passenger refused to speak and would not identify himself."
FC23000091,2023-01-04 10:25:00,ALBANY ST,BOSTON,2118,Stopped,Reasonable Suspicion ," Drugs, Body Worn Camera",,Male,White,Not of Hispanic Origin,29.0,,,0,"About 10:20AM, on Thursday, 01/04/22, Officers Dowling and Aragones observed two individuals huddled infront of 780 Albany Street, manipulating a plastic bag. Officers while walking towards the two individuals, dispersed. The officers were able to speak with one of the individuals, XXX, who stated he did not know the male he was talking to, but that the other male was talking to everyone else about drugs. Mr. XXXstated he was trying to get a ""piece from him"" prior to officers arrival. The officers were not able to stop the other individual, who entered the shelter at the above location. The male was a black male, between the ages of 30-50 years of age, wearing a beige colored jacket, black hat, multi colored brown scarf, and a black backpack. XXXnegative for warrants FIO'd and released."
FC23000095,2023-01-04 11:27:00,,ROXBURY,2119,Stopped,Probable Cause,,,Male,White,Not of Hispanic Origin,51.0,,,1,XXXwas with XXX and XXX during a drug transaction. XXXwas F.I.O'd and released from the scene.
FC23000108,2023-01-04 20:00:00,WARREN ST,ROXBURY,2119,Stopped,Probable Cause, Body Worn Camera,Passenger Car/ Automobile,Female,White,Hispanic Origin,59.0,,,0,"Officer was on a fixed Code 19 in Dudley Triangle when he observed MA: XXXidling for over an hour in the area of XXXWarren Street. This location is frequented by drug users and is a source of ongoing community complaints. During this time the Officer observed several individuals approach the driver of the car and make what appeared to be hand to hand transactions before leaving shortly after. The Officer approached the driver who was the registered owner (XXX) XXXstated that she is a ""gypsy cab"" and sells loose cigarettes in the area. XXXfurther stated that she is paralyzed related to a shooting incident and had a wheelchair in her car. Multiple people entered XXXcar during the evening but no one was ever given a cab ride. XXXhas prior distribution convictions from the 90s as well as a past firearm and murder charge. C. Adams"
FC23000132,2023-01-06 00:53:00,,DORCHESTER,2121,Stopped,Probable Cause, Body Worn Camera,Other Small/light Truck,Male,Black,Not of Hispanic Origin,39.0,Medium,,1,"About 12:53 on Friday January 6, 2023 Officers observed a orange Kia Seltos bearing MA PAN XXXin the area of Washington and Talbot. The vehicle did not have its lights on the vehicle turned down Aspinwall Officers lost the vehicle in the area. Officer later located the vehicle in the area of Norwell and Washington. Officers initiated a stop of the vehicle at Blue Hill and Castlegate. The operator,XXX, returned a suspended status. The operator has open drug and F/A offenses. The operator was pat frisked and vehicle to no avail. The operator was summonsed for the above offense."
FC23000160,2023-01-07 19:00:00,GENEVA AVE,DORCHESTER,2121,Stopped,Probable Cause," Body Worn Camera, Gun",Passenger Car/ Automobile,Male,Black,Not of Hispanic Origin,21.0,Medium,Dark,1,"T-stop XXXGeneva Ave for a C90 S7 (Broken Headlight) blue Honda Accord (MA REG XXX Operator was XXX (Open F/A), An exit order was issued for officer safety due to XXXunwillingness to stop his vehicle in a timely manner along with his history around firearms. Officers observed several voids along with loose panels on both the driver's side and passengers’ side. Officers observed a bottle of codeine along with other drug paraphernalia in the vehicle. The glove compartment was removed which revealed an empty black handgun holster. XXXstated he did not own the handgun holster. Officers continued to frisk the vehicle for weapons but yielded negative results. Officers issued a verbal warning for the broken headlight. FIO’d for intel B411F (Deluca) B415F (Donovan)"
FC23000205,2023-01-09 18:14:00,,EAST BOSTON,2128,Stopped,Reasonable Suspicion , Body Worn Camera,,Male,White,Hispanic Origin,50.0,Thin,,1,T Stop of MA REG: XXXfor VAL (89/9) at East Eagle and Chelsea St. Driver: XXX has multiple CJIS entries for Distribution of class A and other 94C-related offenses. XXXhad a pocket knife in his right pocket and was leaning to the left as if concealing something. Pat frisked to no avail. Verbal warning issued for VALs. FIOE’d and released. GK01F (Nepomuceno-Mateo/Nedio)
FC23000201,2023-01-09 19:18:00,,BOSTON,2119,Stopped,Reasonable Suspicion , Body Worn Camera,Passenger Car/ Automobile,Male,Black,Hispanic Origin,42.0,Muscular,Medium Brown,1,"Officers conducted a traffic stop for a drug investigation. Officers encountered the operator XXX. Officers recovered white loose substance in the rear driver side floor of the vehicle which resulted ""Inconclusive"". He was with an unknown black male."
FC23000382,2023-01-17 21:08:00,,BOSTON,2120,Stopped,Probable Cause,,Passenger Car/ Automobile,Male,Black,Not of Hispanic Origin,33.0,Thin,,1,"P#230028225 About 9:08 PM on Tuesday, 01/17/2023, Detectives Hawkins (V818) and Byrnes (V884) of the Boston Police Homicide Unit were traveling in an unmarked police SUV on Prentiss Street approaching Parker Street. Detectives observed a gray Ford Mustang (Pennsylvania tag XXXtraveling on Parker Street towards Mission Hill at a high rate of speed well in excess of the 25 MPH limit established by City of Boston Ordinance for any ""unposted"" sections of the City. The roadway surface was wet and there was a substantial amount of pedestrian traffic. Detectives caught up to the Mustang in the area of Parker and Alleghany Streets and initiated a traffic stop. The male operator was observed to be reaching around his waist area and the right side of the driver seat and was removed for a pat frisk of his person and immediate lunging distance of the vehicle interior. The operator identified himself asXXXand provided his Massachusetts license number verbally. A query confirmed that XXXwas duly licensed. XXXadmitted that he had been speeding and indicated that he got carried away driving a rental and was simply nervous about some personal use marijuana he had. Verbal warning issued. FIO completed to link XXXto the vehicle. Prior Firearm conviction."
FC23000424,2023-01-19 00:00:00,HARVARD STREET,BOSTON,2124,Stopped,Probable Cause," Auto Investigator, Body Worn Camera, Gang",,Male,Black,Not of Hispanic Origin,30.0,Muscular,Dark,1,"TS Cancelled registration, fail to stop for stop sign, MA Reg XXXXXX Harvard St. Officer's observed MA Reg XXXidling in front of XXX Helen St. then observed the vehicle pull off Helen and take a right turn on Talbot Ave failing to stop at the stop sign and continue down Talbot towards Harvard St. Officer's initiated a traffic stop in front of XXX Harvard St. Operator and sole occupant identified as XXXactive OP open F/A and 94c on BOP. XXXwas immediately confrontational with officer's and argued the reason for being stopped. Officer's issued an exit order and conducted an inventory search of the vehicle. While officer's were inventorying the vehicle XXXstated "" Do you really think I would have stopped for you if i had it on me"" XXXsummonsed to DOT court for uninsured/unregistered motor vehicle. C202F Murray/Shetrawski"
FC23000429,2023-01-19 22:40:00,,DORCHESTER,2124,Stopped,Probable Cause, Body Worn Camera,Passenger Car/ Automobile,Male,Black,Not of Hispanic Origin,34.0,Medium,Dark,1,"Officers observed MA REG XXX(2018 Gray Infiniti ILX) operating inbound on Blue Hill Ave without their headlights illuminated (MGL Ch 90 s7). Officers conducted a traffic stop at the intersection of Blue Hill Ave and Westview St. Upon making the stop, the driver who was later identified asXXX DOB XX/XX/XXXX(open F/A and prior 94c on BOP) immediately exited the vehicle and asked Officers the reason for the stop. Officers advised XXXof the reason and requested his driver's license. XXXstated that his license has been recently suspended. Based on XXXstatement of his license status and his immediate exit of the vehicle upon Officers initiating the traffic stop, XXXwas pat frisked for weapons which yielded negative results. Officers confirmed via a CJISWeb Inquiry that XXXlicense did show a status of SUSPENDED (MGL CH 90 s23). Officers requested a tow from Charlie Base and conducted an Inventory Search of the vehicle. XXXstated to Officers that he had a ""little bit of weed"" in the vehicle. Officers observed 2 small individually packaged baggies of marijuana in the front seat of the vehicle. During the inventory search Officers also observed a large bag of marijuana in the trunk of the vehicle that appeared to be at least 1 pound, along with a digital scale and an open box of sandwich baggies. XXXwas able to contact a licensed driver in order for them to come pick up the vehicle. Officers canceled the tow from District B3. XXXto be summonsed for the Unlicensed Op (MGL Ch 90 s23) & the Headlight Violation (MGL Ch 90 s7). Uniform Citation XXXissued. FIO'd for Intel Purposes C111F (Kennedy / R. Adams)"
FC23000447,2023-01-21 00:00:00,CLARENDON ST,BOSTON,2116,Stopped,Reasonable Suspicion ," Drugs, Homeless, Body Worn Camera",,Male,Black,Not of Hispanic Origin,28.0,Thin,,1,"R/C for removal at XXXClarendon Street (Clarendon Street Garage) on second floor stairwell. Officers were escorted by garage security where they were met with a male, later identified as XXX. Officers observed the male (XXX) to be moving erratically with numerous needles nearby. The male denied taking any specific drugs, however officers observed a large red lump/abscess on his neck and dried blood between his toes. Officers were able to remove the individual from the premise and transport him to Tufts Medical Center where officers observed the male enter into the ER for treatment. Officers notified the Sharps Team to collect and remove the pile of needles from the stairwell. D105A (Cavaleri/Jacobs)"
FC23000518,2023-01-25 22:15:00,WARREN ST,ROXBURY,2119,Stopped,Reasonable Suspicion ,,,Male,Black,Not of Hispanic Origin,64.0,Medium,Medium,1,"Encountered XXX (Rape of Child, 94C, Armed Robbery). Violent criminal history. Stated to Officers that he was in the area for Nubian SQ for food. However, Officers observed XXXengaging in hand to hand transactions. Coupled with this and other observations, a pat frisk was conducted which yielded the recovery of a knife. Verbal warning for Trespassing. FIO'd and released. -BK02F (Cubarney/Bertocchi)"
FC23000599,2023-01-31 12:57:00,WARREN ST,ROXBURY,2119,Stopped,Probable Cause, Search Warrant,,Female,Black,,54.0,,,1,"WITHIN THE SECOND WEEK OF SEPTEMBER 2022, MEMBERS OF THE DRUG CONTROL UNIT RECEIVED INFORMATION FROM A BOSTON POLICE CONFIDENTIAL INFORMANT REFERRED TO AS XXXSTATED THAT A BLACK MALE KNOWN TO XXXIS SELLING DRUGS CRACK COCAINE IN THE DORCHESTER, ROXBURY AND MATTAPAN AREA. AFTER RECEIVING THE ABOVE INFORMATION, MEMBERS OF THE DRUG CONTROL UNIT LAUNCHED A DRUG INVESTIGATION. DURING THIS INVESTIGATION AND WITH THE ASSISTANCE OF XXXON JANUARY 25, 2023 DETECTIVE ACLOQUE WAS ABLE TO SECURED TWO DORCHESTER DISTRICT COURT SEARCH WARRANTS. SEARCH WARRANT # XXXFOR THE PERSON OF XXX B/M D/O/B XX/XX/XXXXAND SEARCH WARRANT # XXXFOR MASS REGISTRATION XXXA 2019 DODGE RAM COLOR BLACK. ON JANUARY 31, 2023 UNDER THE SUPERVISION OF SGT. DET CHAMPAGNIE MEMBERS OF THE DRUG CONTROL UNIT DETECTIVE ACLOQUE, OFFICERS MALARET, MACROBERTS, VASQUEZ, LEON ALONG WITH THE ASSISTANCE OF SGT. DET. BROWNING AND OFFICER VILVALEX. OFFICERS WERE ABLE TO LOCATE MASS REGISTRATION XXXBEING OPERATED BY THE TARGET OF THE SEARCH WARRANT. OFFICERS FOLLOWED MR. XXXVEHICLE TO NORWELL AND CARMEN STREET WHERE HE PICKED UP A LIGHT SKINNED FEMALE LATER IDENTIFIED AS XXXD/O/B XX/XX/XXXXMR. XXXVEHICLE WAS FOLLOWED TOXXXWEST NEWTON STREET. MR. XXXPARKED HIS VEHICLE AND WALKED TO THE REAR OF SAID LOCATION. HE THEN ENTERXXXWEST NEWTON STREET APARTMENT 1. MR. XXXEXITED A SHORT TIME LATER. MR. XXXWALKED TOWARD HIS VEHICLE AND ENTER. MR. XXXLEFT THE AREA. HIS VEHICLE WAS LATER STOPPED BY A MARKED UNIT. OFFICERS THEN EXECUTED BOTH SEARCH WARRANTS. MR. XXXWAS ADVISED OF HIS MIRANDA RIGHTS BY OFFICER VASQUEZ. AND THE PASSENGER OF MR. XXXVEHICLE XXX WAS INFORMED OF HER MIRANDA RIGHTS BY OFFICER MACROBERTS. THE FOLLOWING ITEMS WERE RECOVERED FROM THE EXECUTION OF SEARCH WARRANT # XXX ITEM # 1, 1 PLASTIC BAG OF CRACK COCAINE RECOVERED FROM THE PERSON OF XXXBY OFFICER MACROBERTS. ITEM # 2, 1 PLASTIC BAG OF CRACK COCAINE RECOVERED FROM THE INSIDE POCKET OF MR. XXXJACKET LOCATED BEHIND THE DRIVER SIDE REAR SEAT. ALL EVIDENTIARY ITEMS WERE PHOTOGRAPH BY SGT. DET. CHAMPAGNIE. MR. XXXAND MS. XXXWILL BE SUMMONS TO COURT FOR POSSESSION OF A CLASS B SUSBTANCE. DRUG LOGGED IN BOOK # 03-0003 PAGE # 199."
FC23000618,2023-02-01 11:00:00,,BOSTON,2124,Stopped,Probable Cause, Body Worn Camera,Passenger Car/ Automobile,Male,Black,,23.0,Thin,Dark Brown,1,TS Johnston Rd / Blue Hill AVE FL REG XXXno brake lights / weaving Rental vehicle operated by XXX (Open FA). XXXhad multiple bags of marijuana underneath pringle chips inside of a pringle chip container. XXXrequested EMS due to shortness of breath and low blood pressure. EMS arrived on scene. XXXreported he lives out of his vehicle. XXXrefused EMS transport and was issued a verbal warning. VK04
FC23000668,2023-02-03 13:15:00,,DORCHESTER,2126,Stopped,Reasonable Suspicion , Body Worn Camera,Suv (sport Utility Vehicle),Male,Black,Not of Hispanic Origin,36.0,Thin,Medium Brown,1,"Members of the B3 drug control unit conducting an drug investigation observed an individual exit an omitted location (ongoing investigation) and enter the front passenger side of MA reg XXXa 2023 white Kia Sportage SUV. The passenger then exited within just a few minutes and returned into the omitted location while the vehicle drove away. Officers requested a traffic stop and the vehicle was stopped in the area of Morton Street and West Selden Street without incident. The operator, XXX (DOB XX/XX/XXXXwas questioned as the his whereabouts prior to the stop and stated he had some marijuana. Officers had XXXstep out of the vehicle and conducted a pat frisk of XXXand the area of his control of the vehicle with no items of evidentiary value recovered. XXXwas released from the scene."
FC23000667,2023-02-04 11:19:00,,BOSTON,2126,Stopped,Reasonable Suspicion ,,,Male,Black,Unknown,66.0,,,1,About 11:19am members ofhte B3 drug control unit were conducting a drug investigation in the area of Deering Road and Wellington Hill Street. As a result officers observed XXX enter and exit an omitted location within just a couple minutes (ongoing drug investigation). XXXwas stopped and frisked with no items of evidentiary value recovered. XXXwas released from the scene.
FC23000715,2023-02-07 11:30:00,,BOSTON,2121,Stopped,Probable Cause," Body Worn Camera, Gang",Passenger Car/ Automobile,Male,Black,Not of Hispanic Origin,22.0,Thin,Medium,1,"TS XXXGeneva Ave Blue Hill ave for speeding (40 mph in a 20mph school zone) window tints, and no inspection. Officers observed multiple P/B of marijuana and scale. Driver identified himself as XXXXXX is an active H Block gang member with prior F/A guilty conviction and multiple F/A charges. XXX reports he just got out of jail and did not know his license was suspended. Offciers observed a Houston Astros baseball hat in the passenger side of the vehicle. He was cordial and cooperative with officers. Verbal warning was issued and advised he can not operate a motor vehicle. VK04"
FC23000727,2023-02-07 21:58:00,DEERING RD,MATTAPAN,2126,Stopped,Probable Cause," Drugs, Body Worn Camera",,Male,Black,Not of Hispanic Origin,54.0,Medium,Light Brown,1,"Officers are aware of numerous complaints from the tenants of XXX Deering Rd for people trespassing in their stairwells while drinking alcohol and congregating, and regularly check the location while on patrol. While on patrol tonight (02/07/2023) at approximately 09:58pm, Officers observed the back door of XXXDeering Rd to be opened. Officers made entry into the stairwell and observed XXX DOB XX/XX/XXXX(prior 94c & B&E charges on BOP). Officers are familiar with XXXfrom a previous FIO on 02/06/2023 behind High Quality Seafoods located at XXXBlue Hill Ave (See FC23000701). XXXwas laying opn the stairs, listening to music and observed smoking what appeared to be marijuana. Officers advised XXXof the No Trespassing sign posted directly above his head in the stairwell. XXXstated that he comes to this location after work sometimes to relax by smoking and drinking. Based on XXXtrespassing, and openly smoking in the back stairwell, Officers asked XXXif he had anything else on his person, to which XXXstated that he had a glass pipe on him. Officers conducted a pat frisk of XXXwhich yielded positive results for 3 glass ""crack"" pipes, and pieces of bronze colored steel wool, which Officers are aware through their experience is used in relation to smoking ""crack"" out of the glass pipes. Officers also conversed with XXXabout his currently employment, to which he stated that he was working construction down in Taunton and was staying ""around the corner"" from Deering Rd but would not further elaborate as to the physical address and further stated his actual address was in Springfield. Officers properly disposed of the pipes and issued a verbal warning for the trespassing. FIO'd for intel purposes. C111F (Kennedy / R. Adams)"
FC23000789,2023-02-11 18:30:00,,BOSTON,2130,Stopped,Probable Cause," Body Worn Camera, Gang",Passenger Car/ Automobile,Male,Black,Not of Hispanic Origin,34.0,Thin,Dark,1,"TS for VALS (Sticker/Reg) on MA REG: XXXOperator known asXXX (Active Bicknell - Prior F/A,94C,ABDW). Cordial throughout stop. Search of XXXand MV yielded negative results. It's worth noting that multiple cellphones and scales were located in the MV. XXXexplained that the owner of the MV was his Childs mother. XXXused to operate a Chevrolet Impala bearing MA REG: XXXXXXhas since gotten a new MV due to him being shot 7 times while in that vehicle. XXXwas quick to show Officer his wounds but stated that he did not who or why he was shot. XXXstated that it was an ""ambush."" FIO for intel. -BK02F (Cubarney/Bertocchi) -BK03F (Kerin/McGuire)"
FC23000922,2023-02-19 01:26:00,WASHINGTON ST,BOSTON,2111,Stopped,Reasonable Suspicion ," Warrant Arrest, Body Worn Camera",,Male,Black,,47.0,Medium,,1,"While on patrol in the area of Washington Street Officer McKunes observed two individuals walking from Essex Street down Washington Street towards Beach Street. One of the individuals was XXX who is well known to the officers of Area A1 as a heavy drug user. The Officer also noticed that the other individual was holding money in their right hand. The officer then observed Mr. XXXapproach the two in close proximity and engage in a brief conversation. Mr. XXXthen started to look around, look behind him then look over at the unmarked cruiser the officer was operating. Mr. XXXthen slightly arched his back to the rear while his feet were still planted and looked into the window of the cruiser. The parties were approximately 8-10 feet away from the officer’s cruiser. Mr. XXXlooked directly at the officer and turned away from the two and walked down Washington street in a hurried manner. The Officer, due to his training and experience, believed that the group was attempting to perform a drug transaction and drove around the block in an attempt to speak with the parties. As officer McKunes proceeded back up Washington Street the Officer observed the group had congregated together in a close manner again and Mr. XXXhad his back towards the officer but was now holding the money in his hand. The Officer stopped next to the group and upon exiting the cruiser, observed Mr. XXXlook up at the officer, stop what he was doing and quickly turn again and hurriedly walk down Washington Street. The other two parties then looked towards the officer and walked away in separate directions. The Officer Stopped Mr. XXXand placed him under arrest for two Warrants. No drugs were located. McKunes (A435A)"
FC23001002,2023-02-23 00:00:00,,EAST BOSTON,2128,Stopped,Reasonable Suspicion ," Bicycle, Drugs",Suv (sport Utility Vehicle),Male,White,Not of Hispanic Origin,54.0,,,1,"Drug investigation in the area of Maverick St and Paris St. This is a high crime area. Suspect entered and exited drug complaint location in less than 10 minutes. When stopped, he gave evasive answers and statements contrary to officer's observations. Stated he had found a plastic cigar looking container that contained marijuana substance. Then made a different statement. He stated he didn't know what it was but picked it up from the street and put it in his pocket. Item found to be a THC substance. No other contraband located. Item returned and he was sent on his way."
FC23001015,2023-02-24 16:37:00,,BOSTON,2124,Stopped,Probable Cause, Drugs,Passenger Car/ Automobile,Female,White,Unknown,42.0,,,0,"Under the direction of Sgt. Det. Chamapgnie, members of the Drug Control Unit, detailed to District B3, were in the area of Bailey St and Ashmont St, Dorchester, MA conducting a drug investigation. While in the area the Officers observed a female who was later identified as one, XXX (DOB XX/XX/XXXXapproach the front drivers side of New Hampshire Reg XXXThe Officers observed the front door open and XXXhand the operator of said M/V a black plastic bag containing clothing. The Officers further observed the operator of said M/V hand an unknown small item to XXXXXXthen quickly walked away from said M/V and proceeded to enter a white taxi bearing Mass Reg XXXThrough the Officers training and experience the Officers believed a street level drug transaction had just occurred. The Officers requested assistance via BPD Channel #6 with assistance in conducting a threshold inquiry with the occupants of said M/V. Said M/V was stopped in the area of Fuller St and Washington St, During a threshold inquiry with XXXXXXinformed the Officers she had traded the bag of clothing for pills (XXXwould not elaborate the type of pills). XXXinformed the Officers she had already swallowed the pills. XXXwas FIO'ed and released. The Officer returned to Bailey St and Ashmont St to conduct a threshold with New Hampshire Reg XXXbut were unable to locate said M/V."
FC23001062,2023-02-27 01:48:00,MATTAPAN ST,MATTAPAN,2126,Stopped,Probable Cause, Body Worn Camera,Passenger Car/ Automobile,Male,Black,Not of Hispanic Origin,18.0,,,1,"About 1:48am on Monday, 02/27/2023, Officers Jean and Parlon in the C111A did onsite a Violation of the Auto Laws leading to a traffic stop at XXXMattapan Street, Boston. While on random patrol on Walk Hill Street towards Blue Hill Avenue the officers' attention was drawn to the subject vehicle (NY reg XXXwhich had no headlights on despite it being well after sunset. As the officer closed the distance to the vehicle it suddenly stopped in the road at XXXWalk Hill Street where a passenger (thin black male, XXXto 20 years old, wearing a black jacket carrying an iPad with a cracked screen and black fanny pack with red trim) exited from the rear passenger side door and crossed the street between the cruiser and the subject vehicle. The officers activated lights and sirens and the driver of the vehicle (XXX) extended his hand out of the window and displayed his middle finger and drove off at approximately 20 mile per hour. The officers followed the vehicle, with lights and sirens activated, as it made a right turn onto Blue Hill Avenue and another right turn onto Mattapan Street where it finally pulled over at XXXMattapan Street. Officers approached the vehicle and met the driver XXX who provided his license and registration after being told to do so several times. From outside the vehicle officers observed a large clear plastic bag containing other, smaller plastic bags filled with green leafy plant matter the officers believed to be cannabis. The officers also observed, as XXX reached for the vehicle registration, a carton of plastic sandwich bags. The officers removed XXX from the vehicle and searched the passenger compartment, finding $50 (2 x $20, 1 $10) in the center console and several smaller individually packaged bags of cannabis behind the drivers seat. XXX stated that it was all for personal use. Given XXX's age (18 years old) and eventual compliance, officers released the subject and informed him that he would be receiving a citation XXXfor not having lights on after dark (MGL 90/7) and for stopping in the center of the roadway, obstructing at least one other driver, to let out a passenger (MGL 90/14)."
FC23001080,2023-02-28 09:13:00,MASSACHUSETTS AVE,BOSTON,2118,Stopped,Reasonable Suspicion , Drugs,,Male,White,Hispanic Origin,33.0,Thin,Light,1,"While on patrol in the area of Massachusetts Ave and Melnea Cass BLVD officers observed XXXand an identified male huddled next to each other near XXXMassachusetts Ave. Officers observed the unidentified male appear to place an unknown amount of pills into XXX hands, count them out into his hand then walk away. Officers stopped XXX on Bradston St, where he had a 10 dollar bill in his hand. Officers informed him of their observations, which he denied buying any pills and stated the two were just talking. XXX told officers to search him several times, which they did with negative results. XXX checked for wants/warrants met with negative results. DK01D Linnane/Mathewson"
FC23001124,2023-03-02 13:00:00,,BOSTON,2119,Stopped,Reasonable Suspicion ,,Suv (sport Utility Vehicle),Male,White,Hispanic Origin,31.0,Thin,Light,1,"MEMBERS OF CWDCU WERE MONITERING A SPECIFIC LOCATION DURING THE COURSE OF A DRUG INVESTGIATION ON TODAYS DATE, WHEN OFFICER NEELY OBSERVED XXX EXIT XXXAND ENTER THE OMMITED LOCATION. OFFICER NEELY THEN OBSERVED XXXEXIT THE LOCATION WITHIN TWO MINUTES. DUE TO THE LOCATION, THE ACTIONS, AS WELL AS THE ENTRIES ON XXXBOP, OFFICERS DECIDED TO CONDUCT A THRESHOLD INQURY. WITH THE ASSITANCE OF THE BK01D, OFFICERS STOPPED THE VEHICLE. OFFICERS REQUESTED XXXSPEAK WITH OFFICERS AT REAR OF VEHICLE, XXXEVENTUALLY COMPLIED. XXXWAS FRISKED DUE TO NERVOUS BEHAVIOR AND EVASIVE ANSWERS. OFFICERS DID NOT ENTER VEHICLE. OFFICERS ADVISED XXXTHAT A WARNING WILL BE MAILED TO HIM FOR THE TAIL LIGHT ON THE REAR OF THE VEHICLE THAT IS OUT. IT SHOULD ALSO BE NOTED THAT OFFICERS OBSERVED XXXDRIVING ERATTICALY THROUGHOUT THE GROVE HALL AREA BEFORE THE EXECUTION OF THE M/V STOP."
FC23001182,2023-03-05 19:00:00,,BOSTON,2121,Stopped,Probable Cause,,Suv (sport Utility Vehicle),Male,Black,Hispanic Origin,44.0,,,1,"Under the direction of Sgt. Det. Champagnie, members of the Drug Control Unit detailed to District B3, were in the area of Harvard Av and Washington St, Dorchester, MA conducting a drug investigation. On Sunday March 05, 2023, at about 06:35 PM, Officer Leon while in the area mentioned above, observed Mass Reg XXX(2011 white Ford SUV) arrive in the area and park in-front of a location which will be omitted due to an -on-going drug investigation. A query of said M/V revealed that the registered owner one,XXXXXX(DOB XXXhad an expired Mass Driver's license. Within less than a minute an unknown Hispanic male exit the omitted location and enter the front passenger side of Mass Reg XXXThe unknown male was observed exiting said M/V in less than about three minutes and proceed to enter the omitted location. Said M/V began to leave the area in the direction of Washington St and Columbia Rd. Officer Leon requested assistance with conducting a threshold inquiry with the occupant of said M/V. With the assistance of marked Boston Police units, said M/V was stopped in the area of Washington St and Columbia Rd. The operator of said M/V was identified as one, XXX (DOB XX/XX/XXXXThe Officer informed XXXof his observations. XXXinformed the Officer he stopped further back on Washington St to speak to his friend XXXabout a job and that the Officer could check him and his M/V. A pat frisk of XXXand his M/V resulted in negative results for any weapons or narcotics. XXXwas issued a Mass Uniform citation XXXfor (90/16) Defective Equipment (left taillight) and (90/10) Operating M/V with Expired License. XXXparked his M/V in a proper parking spot and waited for someone to drive his M/V back home. This investigation is still on-going."
FC23001251,2023-03-08 00:00:00,,ROSLINDALE,2131,Stopped,Intel," Body Worn Camera, Gang",,Male,Black,Not of Hispanic Origin,18.0,Thin,Light Brown,1,"TS MA Reg XXX(76 prior inquires) Speeding, Window Tint violation American Legion and Walk Hill St. Operator identified as XXX ( Active Mt. Pleasant associate) (Prior 94C) As Officer's approached the vehicle they observed XXXto be seated in the driver's seat with his seat fully reclined back and his right hand was initially pinned between his body and the void between the seat and center console of the vehicle. XXXwas also visibly shaking and stuttering his words as he conversed with officer's. Officer's are also aware that XXXhas been present during past F/A arrests and has been FIOED along with the vehicle MA Reg XXXfleeing the scene of prior calls for shots fired. Due to the above facts Officer's issued an exit order and conducted a frisk for weapons' which yeilded negative results. Officer's further frisked the motor vehicle and located 2 scales which appeared to have marijuana residue on them along with a large sum of cash which was rolled up and tucked inside an over head compartment. Officer's further observed numerous natural voids within the vehicle around the center console, gear shifter, and driver's side floor board's. XXXwas issued MA Uniform Citation for the above VALS and was released from the scene. Murray/Shetrawski"
FC23001258,2023-03-09 00:34:00,,BOSTON,2125,Stopped,Probable Cause, Body Worn Camera,Passenger Car/ Automobile,Male,Black,,35.0,Heavy,Medium Brown,1,Traffic stops for VALs (89/9 - Failure to Stop for Red Light & 90/17 - Speed greater than reasonable and proper) at the intersection of Dudley Street & Magnolia Street. Operator identified as XXX (DOB: XX/XX/XXXXactive St. Joseph associate with priors for 94C and Firearms. XXXwas cordial with officers throughout the course of the stop. Due to circumstances on scene as well as officers' location a knife on his person XXXand vehicle frisked with no other weapons found. It should be noted that officers located multiple phones and a scale located within a fanny pack in the vehicle at the time of the stop. XXXissued Verbal warning and subsequently released by officers. (B431A/Gales)
FC23001292,2023-03-10 18:56:00,SAINT BOTOLPH ST,BOSTON,2115,Stopped,Probable Cause," Drugs, Homeless, Body Worn Camera",,Male,White,Not of Hispanic Origin,33.0,Medium,Light,1,"On Friday, 03/10/23, Officers Keenan and LaRosa in the D101F responded to a radio call at XXXSaint Botolph to Investigate a Person. Officers observed XXX in the rear parking lot of the above listed address. Officers observed multiple uncapped needles and all of XXXbelongings spread out in the parking lot. XXXstated he was just looking for somewhere to go for the night. XXXhas an extensive BOP including numerous drug distribution charges and several firearms charges. XXXhad multiple backpacks with him and had drug paraphernalia around him. Officers told XXXto exit the area and he left without incident."
FC23001374,2023-03-16 11:06:00,ALBANY ST,BOSTON,2118,Stopped,Probable Cause, Drugs,,Male,Black,Unknown,58.0,Medium,Medium Brown,0,"Officers were patrolling the area of Massachusetts Ave and Albany Street when they observed two individuals conducting a hand-to-hand drug transaction in front of XXXAlbany Street. Officers exited there marked cruiser and conducted a threshold inquiry on both parties. Buyer- XXX DOB: XX/XX/XXXX63 Adult arraignments and 48 JV arraignments which consisted of 94c Violations, larcenies and Open & Gross. Dealer- XXX, DOB: XX/XX/XXXX171 Adult arraignments and is currently on probation. XXXBOP consists of the following. (B&E, Larcenies, and Threats) Officers proceed to advise XXXto seek medical attention due to the fact he had a large open wound on his arm. Officers placed XXXunder arrest for Possession W/ Intent Class E. See I232020067 for information. D103D (Crowley & Doolan)"
FC23001659,2023-03-23 16:30:00,W BROADWAY,SOUTH BOSTON,2127,Stopped,Reasonable Suspicion ,,Passenger Car/ Automobile,Male,Black,Not of Hispanic Origin,69.0,Thin,Medium Brown,0,"Officers made a TS at XXXW Broadway on MA Reg XXXfollowing a suspected drug deal. Operator (XXX/XX/XX/XXXX accelerated towards one Officer, once both were approaching suspect vehicle on foot . XXXfled outbound on W Broadway. XXXdrivers license was suspended via Immediate Threat Request. Charges filed. C6 DCU"
FC23001546,2023-03-24 13:15:00,SOUTHAMPTON ST,ROXBURY,2118,Stopped,Probable Cause,,Pickup Truck,Male,White,Not of Hispanic Origin,29.0,,,1,Officers conducted a traffic stop in the area of Massachusetts Avenue and Columbia Road after observing the operatorXXX leave the area of Atkinson Street and Southampton Street. The operator stated that he swallowed crack prior to the interaction with officers.
FC23001552,2023-03-24 16:04:00,,BOSTON,2124,Stopped,Probable Cause, Body Worn Camera,,Male,Black,Hispanic Origin,38.0,,,0,"YVSF INTEL - VK06/VK07 Officers observed MA REG XXX(grey 2008 Jeep Wrangler) with excessive tint/ tinted windshield 90/9d and a tinted plate 90/6 exiting Westview Street, turning right onto Blue Hill Ave. Officers conducted a traffic stop for the above VALs at the intersection of Harvard Street and Franklin Hill Ave. Driver and sole occupant identified as registered owner XXX. XXXwithout prompt from officers began explaining that his criminal history was a long time ago, that he was clean, and that there was no drugs. XXXhas a lengthy BOP which includes Distribution of Class B and D. XXXinformed officers that his address on his license was incorrect and is now residing at XXXFayston Street, Apt XXX."
FC23001553,2023-03-24 18:25:00,,DORCHESTER,2121,Stopped,Probable Cause, Drugs,,Female,Black,Not of Hispanic Origin,56.0,Heavy,,1,"As a result of a drug investigation by the B3 DCU, XXX (DOB XX/XX/XXXXwas stopped by Officers. As Officers were approaching XXXappeared to ingest an unknown item. Officers offered medical attention to which XXXdeclined. XXXwas FIO'ed and released."
FC23001656,2023-03-29 18:14:00,BOYLSTON ST,BOSTON,2199,Stopped,Reasonable Suspicion , Body Worn Camera,,Male,Black,Unknown,37.0,Thin,,1,"On Wednesday March 29th, 2023, at approximately 6:14pm Officers observed the suspect in connection to a larceny in progress at XXXBoylston Street inside the Prudential Mall. The officers attempted to stop the suspect in question XXX The officers observed a large red lighter in his right hand with his finger on the ignition attempting to light the liter in the officer's direction. XXXpulled away from the officers and started screaming obscenities toward the officers. The officers attempted to desolate the situation “repeating we just need speak with you.” XXXpulled away from the officers and a violent altercation ensued, kicking, and resisting. The officers were able to successfully handcuffs XXXwithout incident or injury. It should be noted the suspect XXXsuffers from schizophrenia and substance abuse; glass pipe found on person. D631F Officer Dauber D633F Officer Langham."
FC23001742,2023-04-03 11:13:00,ALBANY ST,BOSTON,2118,Stopped,Reasonable Suspicion , Drugs,,Female,White,Not of Hispanic Origin,39.0,Thin,,0,"Officers were conducting a drug investigation in the area of XXXAlbany St. Officers observed XXX and an unknown black male fumbling around with pills in their hand. Officers could not see where XXXplaced any of the pills that were given to her by the unknown male. Officers stopped XXXdown the street, where she stated she was only helping the male put his pills in his pill bottle, because he was uncapable of doing so. XXXshowed officers two pill bottles both in her name and denied purchasing any drugs. XXXstated she has been sober for a few years and trying to stay on the right path. XXXwas checked for wants/warrants met with negative results. She is on probation out of Roxbury District Court. DK01D Linnane/Mathewson"
FC23001768,2023-04-04 20:16:00,,BOSTON,2124,Stopped,Reasonable Suspicion ,,,Male,White,Hispanic Origin,33.0,Thin,,1,"Under the direction of Sgt. Det. Champagnie, members of the Drug Control Unit, detailed to District B3, were in the area of Wellington Hill St, Mattapan, MA, conducting a drug investigation. On Tuesday, April 04, 2023 at about 07:30 PM, Officers observed a male who was later identified as one, XXX (DOB XX/XX/XXXX(prior F/A, Assault to murder and drug charges), arrive in the area on a motor scooter and proceed to enter a known drug location. After about 30 mins, XXXwas observed leaving said location and continue to the area of Blue Hill Av and Landor Rd, where XXXwas observed meeting with individuals who were on scooters and inside of M/V. Officers have made numerous drug arrest in this area. XXXwas further observed leaving the area and proceeding to Franklin Hill Av. While on Franklin Hill Av, XXXwas observed entering and exiting a location (about 3 minutes). Officers believing XXXwas conducting St level drug transactions, requested assistance with conducting a threshold inquiry with XXXWith the assistance of the C202F unit, said scooter was stopped in the area of Harvard St and Fayban St. XXXwas observed to have a pocket knife in his pants pockets which was secured by the Officers. XXXwas confrontational with Officers. Officers conducted a pat frisk of XXXfor any further weapons or narcotics, to no avail. Officers informed XXXthe reason for the stopped. XXXwas given back his pocket knife and released from the scene. This investigation is still on-going."
FC23001827,2023-04-07 22:00:00,TREMONT ST,BOSTON,2108,Stopped,Reasonable Suspicion , Body Worn Camera,,Male,Black,Not of Hispanic Origin,32.0,,,1,"April 7 at 10:05 PM, Officers stopped the following subject for city ordinance violations ( smoking marijuana) at XXXTremont St, Downtown. XXX DOB XX/XX/XXXX- has a history of Firearm and Robbery charges out of New York City along with Drug Trafficking convictions out of Maine. XXXstated to Officers that he was traveling from Maine and was headed back to NYC. XXXstated he was only stopping in Boston to visit family. FIOE'd for intel. McCullough/ Ostholthoff (AK15F)"
FC23001881,2023-04-10 21:15:00,,CHARLESTOWN,2129,Stopped,Probable Cause, Body Worn Camera,,Male,Black,Unknown,18.0,,,1,"About 9:15PM on Monday 04/10/2023 Officers conducted a traffic stop for VALS (Speeding) at the intersections of Tufts Street and O'Reilly Way, Charlestown, MA. While turning right off of Green Street onto Bunker Hill Street, officers attention was drawn to a white Audi (MA REG: XXX) stopped in the middle of a crosswalk with two unknown males leaning in the window talking. Officers then observed the two males motion towards the presence of the police cruiser to which the Audi took off at high rate of speed down Bunker Hill Street, onto Monument Street then immediately turning right onto O'Reilly way. Once the vehicle was stopped, Officers heard the driver yell to officers "" I'm calling my lawyer."" Driver was identified as XXX (DOB: XX/XX/XXXXXXX is known to officers to associate with Charlestown Blood members. While speaking with XXX, officers observed XXX's hands and legs shaking while speaking with officers. When asked for his license and registration, XXX began bouncing in the seat and refused to make eye contact with officers. Officers asked if he was just talking to anyone on Bunker Hill Street to which he denied. Due to these observations by officers, officers issued an exit order and conducted a pat frisk of XXX and the motor vehicle. Pat frisk revealed negative results for weapons. While conducting the frisk of the vehicle officers observed various pieces of folded currency and small amounts marijuana residue throughout the vehicle consistent with street level drug transactions. Officers asked XXX if he was working to which he responded ""Yeah"". Officers then questioned him on his place of employment to which he refused to answer. Officers issued XXX MA Uniform Citation XXXfor Ch.90 infractions. BWC activated. AK15F (Hiltunen/ Marchand)"
FC23001917,2023-04-12 19:00:00,,SOUTH BOSTON,2127,Stopped,Probable Cause,,,Male,White,Not of Hispanic Origin,43.0,Thin,,1,"As part of an active drug investigation, members of the citywide dcu were conducting an investigation into an omitted address when officers observed an individual later identified asXXXenter an exit location within a minute. A threshold inquiry was completed, investigation on going. FIO completed."
FC23001946,2023-04-13 18:33:00,,ROXBURY,2118,Stopped,Probable Cause, Drugs,,Female,White,Unknown,29.0,,,0,"XXX was withXXX during a drug transaction with a Boston Police undercover Officer. XXXwas arrested for Distribution Of Class ""B' Drugs, Possession With Intent To Distribute Class ""B"" Methamphetamine, Possession WIth Intent To Distribute Class ""B"" Drugs, crack Cocaine. XXXwas F.I.O'd and released from the scene."
FC23001993,2023-04-15 00:00:00,WASHINGTON STREET,BOSTON,2121,Stopped,Probable Cause, Body Worn Camera,Passenger Car/ Automobile,Male,Black,Not of Hispanic Origin,25.0,Medium,,0,"Tstop for VALS (Excessive window tint & inspired registration sticker) at XXXWashington St. Op identified asXXX (H-Blcok ties & prior 94c's). XXXstated to Officer Champagnie, he was just pulled over a few days ago for the same reasons & began to ramble in a weird state. Officer Champagnie then inquired on why XXXhad such dark tints to which he replied ""saftey"". Officer Champagnie also observed a scale located in the center console of the vehicle in plain view. Officer Champagnie inquired on the reasoning for one to which XXXpaused for a about 3 seconds, stating to weigh his personal use marijuana. Written citation issued. FIO'D for intel purposes & to associate occupant with m/v. H425D (Champagnie)."
FC23002112,2023-04-18 11:50:00,MALLARD AVE,DORCHESTER,2124,Stopped,Reasonable Suspicion ,,,Male,White,Hispanic Origin,17.0,,,1,"Officers observed two males make a hand to hand transaction and part ways in opposite directions near Talbot Ave. and Millet St. One of the males noticed police in the area and walked away at a hurried pace towards Mallard Ave. Officers stopped the male (XXX and asked him about the transaction. XXXinitially denied it taking place but later said he bought weed from the other male, who he was unable to provide a name for. During the interaction, sweat began to drip from XXXforehead despite the temperature being cool. A frisk of XXXproduced negative results. XXXstated he lives at XXXSouthern Ave. #1 and goes by the nicknameXXX Officers were unable to locate the other involved party. CK01 - Adams, Harrington, O'Toole"
FC23002050,2023-04-19 00:00:00,,BOSTON,2125,Stopped,Intel, Body Worn Camera,,Male,Black,Hispanic Origin,25.0,Thin,Medium Brown,1,"TS at Columbia Rd and Hamilton St. for speeding and window tint violation MA Reg XXX Operator was identified as XXX who is currently on probation for F/A offenses. XXXwas seen making a quick jerking motion towards the passenger seat floor board as he came to a stop, when officers approached the vehicle XXXwas empty handed and appeared to have rapid breathing. Officers observed a black safe on the passenger side floor board. Officers issued an exit order and frisked the vehicle with negative findings for weapons. Officers requested a ballistics K9 to the scene and got two positive sniffs on the locked safe, which was positioned on the floor of the passenger seat. The C904 Sgt Gomes was able to open the safe which revealed negative findings for weapons. Officers further observed a large sum of U.S currency rolled in a rubber band in the center console as well as marijuana residue on a tray which was on the passenger seat. Officers issued a written citation for the VALS. Murray/Shetrawski"
FC23002075,2023-04-21 02:40:00,MASSACHUSETTS AVE,BOSTON,2118,Stopped,Probable Cause, Body Worn Camera,,Male,Black,Not of Hispanic Origin,34.0,Thin,,1,"Officers observed and stoppedXXX XX/XX/XXXXwearing a ski mask, riding a moped down a public sidewalk (90/1E) after exchanging conversation with a group of individuals at XXXAlbany street and yelling ""Ill be right back"" as he drove up the sidewalk. This area is plagued with constant drug abuse and other illegal activities. During the stop, officers observed a prescription bottle of a gabapentin XXXbelonging to a XXXin the front compartment. Gabapentin is known to enhance the use of opioid drugs. XXXstated he was taking them for his ""toothache"". Upon questioning XXXgave consent to search his person and his moped. Officers observed a large pouch filled with a substantial amount of single dollar bills under the seat of the moped. XXXadmitted that he travels to Providence, RI to buy cigarettes and goes to the aforementioned address to sell them, which was his explanation for the cash. XXXhas an extensive criminal history of possession and distribution class B. XXXwas cordial during stop. FIO'd and released. D103A Sandoval/Foley"
FC23002203,2023-04-29 18:11:00,WALK HILL ST,MATTAPAN,2126,Stopped,Reasonable Suspicion , Drugs,Suv (sport Utility Vehicle),Male,White,Not of Hispanic Origin,34.0,Thin,,1,"Members of the B3 drug control unit were conducting an investigation in the area of Mattapan Street and Colorado Street when they observed a gray BMW X1 SUV (MA reg XXXarrive on the street and the operator, later identified as XXX (DOB XX/XX/XXXXexited the vehicle and entered the front passenger seat of another vehicle which was stopped in the lane of travel on Mattapan Street. XXXthen exited within less than 5 minutes time and returned to the BMW and drove from the area. Officers conducted a threshold inquiry as XXXwho stopped in the area of XXXWalk Hill St. XXXwas initially untruthful and officers observed drug related paraphanalia in plain view inside the vehicle. Pat frisk conducted of XXXand the vehicle with negative results. XXXwas released from the scene, investigation ongoing."
FC23002307,2023-05-05 00:00:00,FARRINGTON AVE,BRIGHTON,2134,Stopped,Reasonable Suspicion ,,Suv (sport Utility Vehicle),Male,Black,,32.0,,,1,"On Friday, May 5th, 2023, members of the D14 DCU, under the direct supervision of Sgt. Det. DeLeon, were conducting drug observations in the area of XXX Farrington Avenue, Allston. Officers are familiar with this area from past drug incidents, arrests, search warrants and multiple community complaints for drug activity. Officers observed a black male (later identified as XXX), wearing a black hooded sweatshirt and grey sweatpants walking in the direction of XXX Farrington Avenue. Officers observed XXX to appear to be speaking into his phone and looking towards the front door of XXX Farrington Avenue. XXX then walked towards the front door of XXX Farrington Avenue and was let inside by a black male. After approximately 5 minutes, XXX was observed to exit the front door of XXX Farrington Avenue and enter the driver seat of a white Toyota Highlander (MA XXX) Based on officers training and experience, they believed a drug transaction had taken place. Officers kept surveillance on the Toyota, and requested assistance of a marked cruiser to conduct a traffic stop. The Toyota entered onto the Mass Turnpike east bound, and took exit 133 at the Prudential Center. At this time the D908 (Aziz) conducted a traffic stop at Huntington Avenue and Belvidere Street. Officers made contact with XXX who stated to officers that he was coming from Jim's Deli in Brighton. At this time XXX was read his Miranda Rights, in which he stated he understood. Officers informed XXX of their observations, and XXX initially again stated to officers he did not stop anywhere except Jim's Deli. When officers told XXX they observed him enter XXX Farrington Avenue, XXX now told officers he stopped to have sex with a friend at XXX Farrington Avenue. Post Miranda, XXX gave officers consent to search both his person and his vehicle. A search of both yielded negative results and XXXwas released forthwith."
FC23002417,2023-05-08 19:05:00,,HYDE PARK,2136,Stopped,Reasonable Suspicion , Drugs,,Male,Black,Not of Hispanic Origin,62.0,Medium,,1,"On Monday, 05/08/2023 members of the E-18 DCU received a tip regarding drug activity concerning a male identified as XXX XX/XX/XXXXOfficers conducted surveillance of Mr. XXXand monitored his actions. Officer made a threshold inquiry of Mr. XXXwhich produced negative results."
FC23002424,2023-05-10 12:15:00,W DEDHAM ST,BOSTON,2118,Stopped,Reasonable Suspicion , Drugs,,Male,White,Hispanic Origin,45.0,Thin,,1,"Housing PO observed XXXaccept money from two separate individuals before giving both individuals a small bag of unknown substance. Officer stopped XXXand searched his person and bike based on directly observing both transactions. Search yielded three small bags of a legal amount of class D, negative results for other narcotics. XXXtrespassed from BHA property and released."
FC23002550,2023-05-17 22:45:00,MCDONOUGH WAY,BOSTON,2127,Stopped,Reasonable Suspicion , Body Worn Camera,,Male,Black,Not of Hispanic Origin,44.0,Heavy,,1,"About 10:45pm on Wednesday, 05/17/23 Officers stoppedXXX in relation to a person with a gun call atXXX McDonough Way, South Boston. Officers have received several calls about XXXin recent days. Most of these calls have been anonymous complaints about XXXpossibly distributing drugs in the area ofXXX McDonough Way. Officers have observed known drug users in the hallway accompanying XXX On 05/17/23 Officers made contact with a witness known to officers who stated that XXXconsistently talks about possessing a firearm. XXXwas frisked. No weapons were recovered. Officers observed us currency consistent with drug distribution in XXXpocket. No drugs were recovered."
FC23002603,2023-05-20 01:28:00,,MATTAPAN,2126,Stopped,Reasonable Suspicion ," Drugs, Body Worn Camera",Passenger Car/ Automobile,Male,Black,Not of Hispanic Origin,38.0,Thin,,0,Officer observed MA REG XXX(2013 Blue Acura TSX) parked on the corned of Landor Rd and Blue Hill Ave with the rear of the vehicle in the crosswalk. Officer stopped and spoke with XXX DOB XX/XX/XXXX(prior 94c) who appeared to be in possession of the vehicle. XXXwas cordial with Officer who was also observed to be drinking alcohol and smoking marijuana in public. Officer advised XXXof the consequences of both actions and that his vehicle was parked on the crosswalk. XXXstated that he had just got off work and did not appear to be under the influence to Officer. XXXcomplied with Officer's request to dispose of the alcohol and to properly park his vehicle. It should be noted that XXXa CJISWeb Inquiry of XXXshowed him to have a LTC with a status of SUSPENDED. FIO'd for Intel Purposes CG03A (Kennedy)
FC23002605,2023-05-20 17:45:00,NORTH SHORE ROAD,REVERE,2151,Stopped,Intel, Other Agency/Unit Notified,Passenger Car/ Automobile,Male,Black,Not of Hispanic Origin,34.0,Thin,Medium Brown,0,"About 5:45pm on Saturday 05/20/23 Channel 5 Dispatch issued a BOLO for a black Lexus Coupe MA/PC XXXA 2019 black Lexus RC registered to a XXX. XXXis a suspect in an ABDW SHOD Foot from and April incident in A-1 I232031221. State Police advised that they stopped the vehicle in Revere at XXXNorth Shore Road. Based on remarks in CJIS, State police inquired if there was any interest in the occupants of the vehicle. Officer Rooney and Petruziello responded to Revere to FIO the occupant. While in route dispatch advised that the driver fled the scene on a foot chase and escaped. State Police then towed the vehicle to Revere Barracks. At the Barracks an inventory was completed. State police recovered a numerous pounds of Marijuana in a laundry bag and approximately 20-30 grams of what appeared to be crack cocaine based on previous narcotics arrests. State Police advised that with 100% certainty the driver of the lexus was XXX Officers should be aware of the large amount of suspected narcotics with this individual. He will flee from police. XXXis also an active Norfolk associate with previous Firearm charges. A101f Petruziello and Rooney."
FC23002624,2023-05-22 11:25:00,ALBANY ST,BOSTON,2118,Stopped,Probable Cause, Drugs,,Male,White,Hispanic Origin,47.0,Thin,,1,"Officers observed the suspect XXX standing outside of XXXAlbany St holding a pill bottle in his hand. He was then observed pouring pills into an unknown white males hand. Officers stopped at XXXMassachusetts Ave, XXXwho was holding 40 dollars in his hand. XXXdenied selling any pills. Officers recovered a pill bottle in his pocket with approximately 5 pills inside of the bottle. The bottle was filled on 5/19 for 45 pills, he is prescribed to only take 3 pills a day. XXXstated he abuses his prescription which is why there was so little pills left. XXXstated the 40 dollars was his and he is heading to Southampton St to buy Fentanyl. XXXwas checked for wants/warrants met with negative results. The person who XXXwas handing pills could not be located. DK01D Linnane/Mathewson."
FC23002631,2023-05-22 22:12:00,TREMONT ST,BOSTON,2111,Stopped,Probable Cause," Drugs, Warrant Arrest, Body Worn Camera",,Male,Black,Not of Hispanic Origin,26.0,Medium,Dark Brown,1,"About 10:12pm, on 05/22/23, Officers stopped XXX(DOB XX/XX/XXXXafter observing a drug transaction at XXXTremont Street, Downtown. Officers ran a CJIS inquiry which revealed XXXto have three (3) active warrants out of West Roxbury District Court and one (1) active out of Somerville District Court. XXXplaced under arrest by virtue of warrants and additionally charged with Possession W/ Intent to Distribute Class D- C.94c/32c in Boston Municipal Court. Officers recovered a black, metal replica firearm from XXXbackpack. This replica firearm had a functioning slide and was labeled as a legitimate Glock firearm, with official markings and serial number. FIO for officer safety/intel. AK01F (Marchand/Hiltunen)"
FC23002646,2023-05-23 11:01:00,ALBANY ST,BOSTON,2118,Stopped,Probable Cause," Drugs, Body Worn Camera",,Male,Black,Not of Hispanic Origin,37.0,Stocky,,1,"Officers stopped the suspect XXX in front of XXXAlbany St after watching him conceal a plastic bag of drugs into his fanny pack. When approaching the suspect he immediately dropped a bag of crack cocaine out of his hand onto the ground. Officers were able to recover the crack. A search of XXXfanny pack revealed a medium size plastic bag of fentanyl. Also inside of his bag was a wad of money in different denominations consistent with street level drug dealing. XXXstated he is a drug user and not a ""hustler."" It is to be noted XXXwas in a wheel chair with both of his legs heavily wrapped in bandages. XXXstated both of his legs are infected, he cannot walk and there were live maggots inside of the wraps. He also stated he had been recently discharged from the hospital after a 9 month long stay. For these reasons officers made the decision for him to not be arrested, be summonsed into court and seek treatment at the hospital. DK01D Linnane/Mathewson"
FC23002770,2023-05-31 11:00:00,MASSACHUSETTS AVE,BOSTON,2118,Stopped,Reasonable Suspicion ,,,Male,White,,28.0,Thin,Light,0,"SS on 05/31/2023 at about 11:00AM XXXMassachusetts Ave. Officers observed a W/M wearing a bright red t-shirt and blue jeans appearing to ingest drugs on the sidewalk in the area of XXXMassachusetts Ave. Officers identified the suspect asXXX DOB: XX/XX/XXXXBOP includes Larcenies / B&E's / Receiving Stolen Prop. XXXacknowledged the wrongdoing, was apologetic, and stated he was going to seek treatment in the area. FIOE'd and released. Sgt. Dunn / Kovaleski"
FC23002789,2023-06-01 06:20:00,,BOSTON,2118,Stopped,Reasonable Suspicion , Body Worn Camera,,Male,White,Not of Hispanic Origin,46.0,,,0,"About 6:20am on Thursday 6/1/23, Officers Richard and Rice in the D105A responded to a radio call to investigate a subject using drugs and taking off their clothes on XXXHarrison Ave, Boston. CAD notes stated: :CALLER REPORTING A MALE SHOOTING UP DRUGS, UNK RACE, WEARING ABLACK TANK TOP, KHAKI PANTS, MALE IS NOW TAKING HIS CLOTHES OFF... Officers observedXXX traveling down E. Newton towards Harrison Ave. XXXfit the above description and was observed adjusting his belt as if he was putting his pants back on. Officers stopped XXXwho stated that he was excercising and was adjusting his belt because it was digging into his back. XXXwas advised to keep his clothes on. Body worn cameras activated."
FC23002801,2023-06-01 12:30:00,BEACON ST,BOSTON,2215,Stopped,Reasonable Suspicion ," Drugs, Body Worn Camera",,Male,White,Not of Hispanic Origin,40.0,Medium,,0,"Officers conducted a subject stop based on a drug investigation in the rear of XXXBeacon St, Boston. Officers identified the individual who was trespassing with drug paraphernalia around him as XXX. Mr. XXXstated that he was cutting through the yard to the store. Officers advised Mr. XXXto refrain from trespassing and using illegal narcotics. Mr. XXXBOP includes ABDW, Home Invasion and poss of 94C. FIOEd for intel D101D (Murphy/Kovaleski)"
FC23002815,2023-06-02 12:40:00,,BOSTON,2118,Stopped,Reasonable Suspicion , Body Worn Camera,,Male,White,Not of Hispanic Origin,53.0,Thin,,0,Officers working under the direction supervision of Sergeant Detective Drowning of the D-4 DCU stoppedXXXas part of an ongoing drug investigation. XXXwas identified and sent on his way without incident. DK01D Linnane/Mathewson
FC23002905,2023-06-06 19:00:00,TREMONT ST,BOSTON,2111,Stopped,Probable Cause,,,Male,Black,Not of Hispanic Origin,26.0,Medium,Medium,1,"On 6/6/23 at 7:00 PM, Officers stopped XXX (DOB XX/XX/XXXXfor city ordinance violations (smoking marijuana) at XXXTremont St. XXX initially provided the name XXXXXX."" XXX has multiple open B&E (for felony) and Larceny cases out of Brookline, Brighton, Cambridge, and Quincy. Multiple property-related criminal convictions out of the same towns and Sommerville. FIOE'd to associate XXX to downtown Boston. Ostholthoff/McCullough (AK15F)"
FC23002910,2023-06-07 21:21:00,,BOSTON,2115,Stopped,Reasonable Suspicion , Body Worn Camera,,Male,White,Hispanic Origin,44.0,Medium,Medium,1,"Officers responded to a radio call from NUPD for a Person with a Gun. NUPD stated they observed a white male, white shirt, black shorts, pushing a wheel chair with a gun in his waist. Transit PD stopped a male at XXXAnnunciation Road, later identified as Mr. XXX Mr. XXXstated he had a metal pipe in his possession because he lives on the street and is homeless. Mr. XXXwas uncooperative."
FC23003033,2023-06-14 11:50:00,,ROXBURY,2119,Stopped,Reasonable Suspicion , Body Worn Camera,Suv (sport Utility Vehicle),Male,Black,Not of Hispanic Origin,34.0,Stocky,,0,"Officers conducted a Subject Stop of XXX at the corner of Blue Hill Ave. and Clifford St. Officers observed XXXreaching into the driver side of FL Reg XXXa white Chevrolet Blazer, and then quickly make an exchange with another unknown male. The vehicle was also illegally parked at the corner of Blue Hill ave. and Clifford St. When Officers exited their vehicle, XXXquickly attempted to separate himself fromt he vehicle and group and walked into the liquor store on the corner. Officers were able to stop him and identify him. A CJIS query revealed no active warrants. Officers learned through Mark43 that he was recently present for a firearm arrest, and has involved in recent drug activity. XXXhas a long criminal history including Assault to Murder and Poss of F/A. XXXwas confrontational during the entire interaction and continued to make sure his vehicle was locked. XXXis described as a black male, approximately 5'8"" 250 pounds, wearing a black ""sheisty"", black hooded sweatshirt and black sweatpants. A parking ticket was issued to XXXand the vehicle. BK01D (Evangelista/Beato)"
FC23003079,2023-06-16 23:05:00,,BOSTON,2115,Stopped,Reasonable Suspicion ," Drugs, Body Worn Camera",,Male,White,Not of Hispanic Origin,47.0,Thin,Light,1,Officers responding to a radio call for a Person with a Gun (P230300465) in the area of Huntington Ave and Mass Ave were in the area of the Mass Ave T Station when they observed an individual fitting the description. Officers stopped XXX and conducted a pat-frisk with negative results. XXXinformed Officers he had used drugs within the last 45 minutes and did appear to be in an altered state. XXXwas advised to rectify pending court matters on the next day courts are in session. FIO'd and released. DK01F (McDonough/Crowley)
FC23003141,2023-06-21 17:24:00,,BOSTON,2124,Stopped,Probable Cause, Body Worn Camera,Passenger Car/ Automobile,Male,Black,Not of Hispanic Origin,29.0,Medium,,1,"About 5:24pm on Wednesday, June 21, 2023 Traffic Stop on MA Reg. XXXUNLAWFULLY ATTACHED (MGL. 90/23) to a Gray 2004 Hyundai Santa Fe (VIN#XXX) following a CJIS Inquiry yielding a ""CANCELLED"" (MGL. 90/9) status of the aforementioned registration number. The operator/sole occupant was identified as Mr. XXXDOB XX/XX/XXXX(Open Firearm out of Dorchester Court as of last week 06/15/2023, Several Prior Firearms, Prior Kidnapping & Several Motor Vehicle Offenses on BOP). The officer advised Mr. XXXof the unlawfully attached plates in which he acknowledged. The officer asked for Mr. XXXdriver's license and registration in which he provided his MA driver's license and some paperwork to the vehicle. A CJIS Inquiry yielded an ACTIVE status of his MA driver's license. It should be noted that the officer also stopped Mr. XXXon 04/11/2023 for operating with the same exact attached plate on another vehicle (FIO/Search/Citation was completed, see FIO# XXXThe officer gave Mr. XXXan exit order in which he complied, The officer conducted a frisk of Mr. XXXperson and subsequently searched the vehicle which yielded negative results for illegal contraband and/or weapons. Mr. XXXstated that he just bought the vehicle last week and provided the officer with some vehicle documents from the state of Rhode Island and a bill of sale. The officer observed an Open Container of Marijuana (MGL. 94G/13D) lying in front of the center console as well as the vehicle not having a valid Inspection Sticker (MGL. 90/20) which was revealed upon further investigation during a CJIS Inquiry of the previous MA registration attached to the VIN (registration expired 04/30/2019). Mr. XXXwas cordial during the interaction. The officer gave Mr. XXXa verbal warning for Unlawfully Attaching the plate and also issued a citation in-hand for the other aforementioned violations. The officer advised Mr. XXXthat the aforementioned vehicle needs to be registered and insured to be on a public roadway, Mr. XXXparked the vehicle in a legal parking space. Mr. XXXwas subsequently released following the traffic stop. FIO for intel purposes and to associate vehicle. C411F (Freeman)"
FC23003328,2023-07-02 18:25:00,,BOSTON,2116,Stopped,Probable Cause," Homeless, Body Worn Camera",,Male,Black,Not of Hispanic Origin,54.0,Muscular,Medium Brown,1,"About 6:25pm, on 07/02/23, Officers stoppedXXX (DOB XX/XX/XXXXat Boylston St. & Washington St., Downtown. XXXhas a history Armed Robbery, ABDW, and Dist. Class B Officers observed XXXto be recently out of the hospital and under the influence of drugs. AK15F (Marchand/Hiltunen)"
FC23003335,2023-07-04 01:49:00,HARVARD ST,BOSTON,2124,Stopped,Probable Cause, Body Worn Camera,Passenger Car/ Automobile,Male,Black,Not of Hispanic Origin,42.0,Heavy,,1,"Tstop for VALS (Speeding) of MA REG: XXXat XXXHarvard St, Mattapan. Op identified as XXX - F/A Conviction & Multiple 94c convictions). CJIS inquiry of Op showed positive results for a suspended license. Op was removed from the vehicle, Officers conducted a pat frisk of Op's person & vehicle yielding negative results for any weapons. Upon pat frisk of the vehicle, Officers observed a scale & loose amounts of marijuana in the vehicle. Op summonsed for Suspended license, the vehicle was parked in a legal parking spot. FIO'D to associate occupant with m/v. C202A (Champagnie // White)"
FC23003352,2023-07-05 21:30:00,,DORCHESTER,2122,Stopped,Reasonable Suspicion , Body Worn Camera,,Male,Black,Unknown,15.0,Thin,Brown,1,"While in the area of Westville St and Westville Ter, Officers observed XXX walking towards Geneva Ave. Officers observed XXXgreet an unknown male, momentarily stop, shake hands, exchange a few words and continue walking towards Geneva Ave. During this encounter XXXappeared hypervigilant and looking in all directions. Officers lost sight of the unknown male but were able to stop XXXat Levant and Topliff. Based on Officers observations, Officers believed a street level drug transaction took place. Nothing of evidentiary value recovered. XXXat first stated the unknown male was his cousin, then stated he had ""just met him"". XXXwas cordial and cooperative throughout the encounter which is his usual baseline behavior. FIO'd and released. HK01F (E. Foley/O. Russell)"
FC23003583,2023-07-19 16:06:00,GENEVA AVE,DORCHESTER,2122,Stopped,Probable Cause,,Passenger Car/ Automobile,Male,Black,Not of Hispanic Origin,23.0,Heavy,Dark,1,OFFICERS CONDUCTED A DRUG INVEST RESULTING IN THE SUSPECT STOP OFXXX AND XXXY. OFFICERS FOUND XXXTO BE IN POSS OF CLASS B. XXXWAS SUMMONSED TO COURT. XXXFIOED TO ASSOCIATE WITH MOTOR VEHICLE. CWDCU
FC23003608,2023-07-20 20:37:00,DECATUR ST & HAVRE ST,BOSTON,2128,Stopped,Intel, Body Worn Camera,Passenger Car/ Automobile,Male,Black,Not of Hispanic Origin,28.0,Thin,,1,"T Stop of MA REG: XXXfor VALs (90/9D- Excessive Tints) at Decatur and Havre Street East Boston. Driver: XXX DOB XX/XX/XXXXActive Maverick Street Associate. BOP: 94C charges, Trespassing, Destruction of property, and Operating after suspension. Pat frisk of XXXand vehicle yield negative results for weapons. While conducting the pat frisk of the vehicle, officers located several digital scales and plastic baggies containing marijuana. XXXwas cordial with the officers. XXXwas FIO'd and released. GK01F (Nedio/Nepomuceno-Mateo)"
FC23003762,2023-07-31 20:30:00,,BOSTON,2124,Stopped,Intel," Body Worn Camera, Gang",Passenger Car/ Automobile,Male,White,Hispanic Origin,22.0,Heavy,Light Brown,1,T-Stop Blue Hill Ave and Donald Rd of (MA REG XXXenterprise rental for window tint violation. OP identified asXXX (active Orchard Park associate) multiple Prior F/A and A&B F/A While speaking with XXXOfficers observed him to have an elevated rate of breathing and while conversing with Officers XXXwas hesitant to answer simple questions regarding his rental vehicle. Officers also observed XXXto not make eye contact and stare straight forward while speaking with Officers. XXXfurther refused to lower his dark tinted windows to a reasonable degree so that Officers could visualize him inside the vehicle. Due to the above observations as well XXXviolent history around firearms and gang affiliation Officers issued a exit order and frisked XXXfor weapons with negative findings. Officers did locate a large amount of green leafy substance believed to be marijuana in a large plastic back in the back seat of the vehicle as well as copious amounts of US currency in various denominations tied in a rubber band in the center console. XXXstated the marijuana is for personal use and he put the window tints on the rental vehicle for privacy reasons. Written Citation Issued Shetrawski/Murray
FC23003830,2023-08-07 14:40:00,WORCESTER SQ,BOSTON,2118,Stopped,Intel," Homeless, Body Worn Camera",,Male,White,,45.0,Medium,Light Brown,1,"About 2:40 PM officers responded to a r/c for a lewd person in the area of XXXWorcester Square. Officers encountered, XXXwho appeared to be under the influence of drugs, nodding off with several uncapped needles around him on the sidewalk. XXX was pat frisked to no avail, a CJIS inquiry revealed no active warrants. XXX advised to seek treatment and to leave the area which he agreed to without incident. All paraphernalia cleaned up and removed from the immediate area."
FC23003837,2023-08-07 19:53:00,MASSACHUSETTS AVE,ROXBURY,2118,Stopped,Probable Cause,,,Male,Black,Unknown,20.0,,,1,Officers observed Mr. XXX with US currency in his hand and enter a vehicle XXXand quickly exit the vehicle with a plastic bag in his hand. Officers conducted a stop which he admitted (post Miranda) to meeting a male named XXXand bought $35 worth of marijuana. Mr. XXX was cooperative.
FC23003861,2023-08-08 00:45:00,,BOSTON,2124,Stopped,Probable Cause, Body Worn Camera,Passenger Car/ Automobile,Male,Black,,33.0,Medium,Medium Brown,1,"Tstop for VALS (Op without headlights) of MA REG: XXXat Harvard & Blue Hill Ave. Op identified as XXX (prior 94C & Aggravated Assault). Based on observations made on scene Officers issued an exit order. Pat frisk of XXXperson yielded negative results for any weapons. It should be noted Officers observed a large numeric amount of cash in different denomination's, 6 cell phones & numerous empty packets which are usually stored with marijuana. Written Citation issued. C113A (Champagnie // Eveilard)."
FC23003860,2023-08-08 23:00:00,,DORCHESTER,2124,Stopped,Probable Cause," Drugs, Gang",Passenger Car/ Automobile,Male,Black,Unknown,32.0,Heavy,Medium Brown,1,"T-stop of a grey 2022 Honda CRV (NJREG# XXXfor speeding in the area of Talbot Ave and New England Ave. Vehicle did not immediately pull over and officers could observe the driver to be reaching over to the passenger seat area. The vehicle then came to a stop at the redlight at Talbot Ave and New England before pulling over to the side of the road after the light turned green. It should be noted there were no other vehicles on the road at the time the traffic stop was initiated. Officers approached the vehicle and observed the OP to be XXX(DOB: XX/XX/XXXXwho they knew to be an active Creston Gang member with multiple prior guilty F/A and 94C charges as well as an open F/A charge. XXXwas immediately removed from the vehicle as officers believed his movements and initial refusal to pull over was to possibly hide a weapon. Mr. XXXperson was frisked during which time officers located multiple large wads of cash in both pockets in various denominations. A frisk of Mr. XXXcar revealed a small tied off bag that appeared to have remnants of a blue powder in it. Officers asked Mr. XXXwhat had been in the bag, who stated it was a perk he had taken earlier. It should be noted throughout the entire encounter Mr. XXXwas on facetime with his GF who was irate and screaming at officers while he recorded, however he remained calm and compliant. Mr. XXXwas issued a written warning for speeding as he stated he was currently unemployed, FIOED, and released after officers provided their badge numbers. Coyne/Turner/Black"
FC23003971,2023-08-15 16:30:00,CONDOR ST & BROOKS ST,BOSTON,2128,Stopped,Reasonable Suspicion , Drugs,,Male,White,Not of Hispanic Origin,66.0,Thin,,1,"Known drug user observed entering and quickly exiting (less than 2 minutes) a known drug location. This location is currently under investigation. When approached, suspect made swallowing motion. No illegal narcotics located during the interaction. With the assistance of the G416F, XXXwas FIOed and released."
FC23003987,2023-08-16 10:00:00,SOUTHAMPTON ST,ROXBURY,2118,Stopped,Probable Cause,,,Male,Black,Hispanic Origin,37.0,Medium,,1,"Officers placed the suspect XXX under arrest by virtue of a warrant for drug distribution. Officers are familiar with XXXas they summonsed him to court for the above offense. At the time XXXgave officers a Dominican Republic ID with the name XXX XX/XX/XXXXAt the time of the arrest he again gave officers the same ID. At the booking desk XXXstated his true name isXXX XX/XX/XXXXHe stated he was nervous about his immigration status which is why he lied about his name. The suspect had a large amount of cash in different denominations consist with street level drug distribution on his person, but no drugs were recovered. Officers seized the fake ID. DK01D Linnane/Mathewson"
FC23004093,2023-08-23 11:00:00,NEWMARKET SQUARE,ROXBURY,2118,Stopped,Intel,,,Female,White,Not of Hispanic Origin,47.0,Thin,Light,0,"On the afternoon of Wednesday, August 23, 2023, members of the Area D-4 Drug Control unit, under the supervision of Sgt. Det. Browning was monitoring the area of Mass/Cass for illegal drug activities. This is an area that have been plagued with open drug dealing, drug usage and prostitution. Officers observed a white female later identified as XXX meet with several unknown individuals in the area of the homeless shelter located at XXXSouthampton Street. Officer began mobile surveillance of XXXmade her way across XXXNew Market Sq. where she ducked behind a tractor trailer and out of sight of the Officers. Officers Vilvalex, O'Donnell, Rodrigues and Sgt. Det. Browning approached XXXwho was sitting down on the sidewalk with her purse open. Officer O'Donnell displayed his badge and identified himself as a Boston Police Officer. Officer O'Donnell informed XXXof the Officers observations and asked why XXXwas sitting on the ground behind the tractor trailer. XXXexplain to Officer O'Donnell that she was going to eat a snack which was in her purse. Officers further asked if XXXpurchased any illegal drugs to which she stated she use drugs but did not purchase any. Officer O'Donnell informed XXXto seek treatment for her drug addictions. Boston Police F.I.O report completed. ."
FC23004392,2023-08-29 14:30:00,SOUTHAMPTON ST,ROXBURY,2118,Stopped,Intel,,,Male,White,,25.0,,,0,"Tuesday, August 29, 2023, 2:30 PM, XXXSouthamptonStreet Relative to On-Going Investigation I232066270, Detectives Walsh (V856) and Det. Byrnes (V884) conducted a field inquiry of Mr. XXXXX/XX/XXXXin the area of XXXSouthampton Street, Boston. Mr. XXXis a W/M, approximately 5'8, 160 lbs, light brown hair pulled back in a bun with a shaved neck. He was wearing a white/cream colored track suit and carrying a brown paper bag containing personal effects and used hypodermic needles. Mr. XXXstated that he is homeless and stays all over the city, but not in any of the shelters. He said that he only comes to the area of XXXSouthampton Street to visit the Engagement Center XXXAtkinson St, Boston) and to collect used hypodermic needles to exchange at the Boston Needle Exchange Program XXXMassachusetts Ave, Boston). Mr. XXXwas originally observed in the company of Ms.XXX (DOB XX/XX/XXXXbut was stopped alone in front of the Southampton Street Shelter. Officers Steinman and Connor (FG01D) stopped and completed a separate FIOE report on Ms.XXX assisted Detectives Walsh and Byrnes with the stop of Mr. XXX"
FC23004229,2023-09-01 00:00:00,BLUE HILL AVE,DORCHESTER,2121,Stopped,Probable Cause," Drugs, Body Worn Camera",Passenger Car/ Automobile,Male,Black,Not of Hispanic Origin,48.0,,,1,"Officers were on direct patrol of the Grove Hall Mecca shopping mall area due to several community complaints about individuals selling loose Newport cigarettes' and the uptick in drug usage. While on patrol officers conducted a subject stop on a Mr.XXX at XXXBlue Hill Ave. Officers observed several different individuals coming to the drivers side window of Mr. XXXvehicle (MA Reg: XXXengaging in a hand to hand exchange, and then leave the vehicle. Officers approached the drivers side window where Mr. XXXwas seated and explained their observation. Officers conducted and exit order and searched the vehicle for any drugs to no avail. Officer did notice multiple open Newport cigarettes' boxes in the front passenger seat of the vehicle. Mr. XXXhad several hundred dollars in different denominations on her person and a scale on the center console. Mr. XXXwas released on scene. FIO for intel (BK01D Gega &Beato)"
FC23004351,2023-09-08 19:30:00,,BOSTON,2126,Stopped,Reasonable Suspicion , Drugs,,Male,Black,,45.0,,,1,"On Friday September 08, 2023 at about 07:30 PM, members of the Drug Control Unit detailed to District B3, were in the area of Woolson St and Blue Hill Av, Mattapan, MA, conducting a drug investigation due to numerous drug complaints in the area. While in the area mentioned above, the Officers along with the C113F unit, did conduct a threshold inquiry with a male who identified himself to the Officers as one, XXX (DOB XX/XX/XXXXOfficers conducted this threshold due to the Officers observing said male pulling out a clear plastic bag containing an unknown substance inside of it, from inside of his right pants waistline and then meeting with several unknown individuals after. Officers believed said male was conducting street level drug transaction in the area of Woolson St, Blue Hill Av and Landor Rd. During the threshold inquiry, Officer Leon conducted a pat frisk of said males right waist line and felt a hard object inside of said males right pants coin pocket. The Officer removed a dollar fold containing a glass tube used to ingest crack cocaine. No drugs were recovered from said male. Said male was FIO'ed and released at the scene. After further investigation Officers learned XXX (DOB XX/XX/XXXXtrue name was one, XXX(DOB XX/XX/XXXXXXX(DOB XX/XX/XXXXdoes have multiple warrants out for his arrest. Officers canvassed the area for said male to no avail."
FC23004358,2023-09-09 02:04:00,NEW CHARDON ST,BOSTON,2114,Stopped,Reasonable Suspicion , Body Worn Camera,,Male,Black,Not of Hispanic Origin,70.0,,,1,Officers' attention was drawn to a male using a lighter to smoke out of what officers believed to be a glass pipe.XXX XX/XX/XXXXXXXupon observing the officers immediately placed the item into his pocket and stated it was just weed. XXXcontinuously gave officers a DOB of XX/XX/XXXXbut a CJIS query provided a DOB of XX/XX/XXXX Officers located one crack pipe in XXXPossession with two in his immediate grabbing area. FIOE'd for intel/ link XXXto area. A102A (O'Neill/Travers)
FC23004644,2023-09-29 10:23:00,,BOSTON,2118,Stopped,Reasonable Suspicion , Body Worn Camera,,Male,White,Not of Hispanic Origin,49.0,,,0,"While on a Code 19 in the area of Harrison Ave and the surrounding alleyways, D904(Sgt. Dunn) observed a male later identified as XXX in public alley XXXbent down and appearing to conceal something underneath a fence. Officers questioned XXXas to what he was doing in the alley, which he stated that he was looking for his belongings. Due to the drug related issues in the surrounding area, Sgt. Dunn began using his foot to displace the rocks underneath the fence in an attempt to locate any drug related paraphernalia. While doing this, his shoe came in contact with what appeared to be human feces in the area that XXXhad been. A CJIS inquiry on XXXyielded negative results for warrants. XXXwas advised to stay out of the alleys. Sgt. Dunn was able to sanitize his shoes on scene."
FC23004694,2023-10-03 09:45:00,MASSACHUSETTS AVE,BOSTON,2118,Stopped,Reasonable Suspicion , Body Worn Camera,,Male,Black,Not of Hispanic Origin,44.0,Medium,,0,"About 9:45 AM on Tuesday, October 3, 2023, while on a Code 19 in the area of Massachusetts Ave / Harrison Ave / Albany St, officers observed two individuals who appeared to be engaging in drug activity huddled in the corner of XXXMassachusetts Ave. Officers observed one of the individuals, later identified as XXX, holding what appeared to be a glass pipe used to commonly smoke crack. XXXthen handed the pipe to an unknown female. As officers approached the two, the female quickly fled the area on foot down Massachusetts Ave. Officers did not pursue the female. Officers spoke with XXXand informed him he could not openly use drugs and was currently trespassing due to the ""No Trespassing"" sign posted at XXXMassachusetts Ave. A CJIS query revealed no active warrants. BWC activated. D203D (Buccelli/Guerini)."
FC23004700,2023-10-03 16:53:00,MASSACHUSETTS AVENUE,BOSTON,2118,Stopped,Reasonable Suspicion ," Drugs, Body Worn Camera",,Male,White,Hispanic Origin,58.0,Medium,,0,"While assigned to the High Visibility Patrol (D207F) officers observedXXX and an unknown female sitting behind a concrete pillar at XXXMass Ave. Both appeared to be engaged in drug related activity. It should be noted that there are multiple ""No Trespassing"" signs posted along the building of XXXMass Ave. Officers informed XXXthat he was trespassing and advised him not to loiter on the property or he would be subject to arrest in the future."
FC23004705,2023-10-03 20:31:00,ALBANY ST,BOSTON,2118,Stopped,Probable Cause," Drugs, Homeless, Body Worn Camera",,Male,Black,Not of Hispanic Origin,38.0,Thin,Dark Brown,0,"Officers were patrolling the area of Massachusetts Ave and Albany Street due to the uptick in quality-of-life complaints and drug use / dealing. At approximately 8:30 PM officers observed a large group of individuals huddled together in the area of the front stairs of XXXAlbany Street. While approaching the group officers observed a known individual XXX"" sitting in the middle of the group on a wheelchair actively smoking crystal meth. Officers also observed a knife in close proximately. At this time the officers conducted a suspect stop on the individual. CJIS inquiry revealed that he did not have any outstanding warrants at this time. Officers also knew through past FIOs on XXXthat he was advised to stay away from the area of Mass & Cass. Officers proceeded to instruct XXXand the rest of the individuals to gather their belongings and vacate the area. XXXhas several open cases for firearms and trafficking narcotics. FIO for Intel DK01F (Crowley & McDonough)"
FC23004802,2023-10-09 00:00:00,,ROXBURY,2119,Stopped,Probable Cause," Drugs, Body Worn Camera",,Male,Black,Not of Hispanic Origin,50.0,,,1,XXX (DOB XX/XX/XXXXwas stopped by Officers on probable cause after Mr. XXXwas observed making hand to hand transactions with individuals in the area of Warren St. & Zeigler St. Officers searched Mr. XXXfor further evidence to no avail. Mr. XXXwas released without further incident. BK01D (Shinkwin/Evangelista)
FC23004832,2023-10-10 10:30:00,E SPRINGFIELD ST,BOSTON,2118,Stopped,Probable Cause," Drugs, Body Worn Camera",,Male,White,,29.0,,Light,1,"Officers observed XXX and an unknown white male wearing black pants, black sneakers, gray hoodie with a black American Flag on the back smoking crack in front of XXXAlbany Street. Officers were able to stop Mr. XXXat XXXEast Springfield Street. Mr. XXXstated that the other male he was with was XXX. FIO Completed to identify the subjects."
FC23004860,2023-10-12 14:50:00,MASSACHUSETTS AVE,BOSTON,2118,Stopped,Probable Cause, Body Worn Camera,,Male,White,Not of Hispanic Origin,37.0,Thin,,0,XXX was observed actively loading a needle to inject drugs in front of Project Trust. Immediately in front of Project Trust has become a drug haven for illegal drug use and quality of life issues. XXXwas informed to leave the area and clear up his warrants. XXXsaid he is working with his team to get into rehab and clear his warrants. He was informed he will be arrested if he does not clear up his warrants. DK01D Linnane/Mathewson
FC23004926,2023-10-17 19:40:00,WASHINGTON ST,DORCHESTER,2124,Stopped,Reasonable Suspicion , Body Worn Camera,,Male,Black,Not of Hispanic Origin,23.0,Medium,Medium Brown,1,"SS of XXX (open rape on BOP) in the alley way leading to the rear of XXXWashington St. It should be noted that several days ago there was multiple shots fired in the rear of XXXwash with ballistic damage to multiple buildings. There are also multiple ""No Trespassing"" signs in the immediate area. Upon observing Officers, XXXturned away and began walking at a quickened pace away from officers. Officers observed XXXto be adjusting his fanny pack while walking away. Officers stopped XXXand advised him he was trespassing. A pat frisk yielded negative results for weapons and a personal amount of class D. A CJIS query yielded negative results for warrants. XXXadvised to no longer trespass and was FIO'd and released. HK01F (E. Foley/Welter)"
FC23004964,2023-10-19 14:40:00,MASSACHUSETTS AVE,BOSTON,2118,Stopped,Probable Cause," Drugs, Body Worn Camera",,Male,White,Not of Hispanic Origin,44.0,,,1,Officers observed XXX with drug paraphernalia in front of the above address. Mr. XXXstated he just relapsed and moved back to Boston and is currently homeless. Officers advised Mr. XXXof some local programs that he could get help at. FIO completed for Identity Purposes(D203D Dowling/Gambon)
FC23004989,2023-10-21 01:53:00,MORTON ST,DORCHESTER,2126,Stopped,Probable Cause," Drugs, Body Worn Camera",Pickup Truck,Male,Black,Not of Hispanic Origin,47.0,,,1,"About 01:53 AM on Saturday, 10/21/23 officers observed a black GMC Sierra pickup bearing MA PAS XXXThe vehicle had dark tint (90.9D) and drove past a posted radar check and illuminated ""36"" MPH in a post 25 MPH zone.(90.17). Officers initiated a stop and the Operator wasXXXthe R.O. (prior 94C and F/A/). The operator produced a tint waiver. While retrieving the RMV documents, officers could clearly see a clear plastic sandwich bag containing several white pills. Officers removed the operator and conducted a pat frisk of person and the vehicle to no avail. The pills were consistent in size and markings to ibuprofen. A check confirmed it. A Canine sniff was conducted and had several hits in the passenger compartment, the area was checked again to no avail. There were panels that were easily manipulated that lead to natural voids within the vehicle. There were several scented substance throughout vehicle consistent with some attempted to conceal illegal controlled substance. The operator was issues a written warning for the speed. C112A (Parlon/Petruzziello)"
FC23005012,2023-10-23 12:21:00,ROCKLEDGE ST & LOGAN ST,BOSTON,2119,Stopped,Probable Cause,,Passenger Car/ Automobile,Male,Black,Not of Hispanic Origin,21.0,Medium,Dark Brown,0,"YVSF Intel - VK23 While traveling on Washington Street toward Nubian Square, Officers observed a gray BMW 328 with no front license plate. Officers observed that it had a Massachusetts plate, though given dark tinted plate cover, could not make out the registration. As officers made a U-Turn to conduct a traffic stop, the vehicle appeared to increase its speed in what officers believed was an attempt to get away. Once headed in the same direction as the vehicle, Officers could no longer see it, making them believe it had taken off at an extremely high rate of speed. Officers located the vehicle about a minute later unoccupied, unlocked, and with a window down at the intersection of Rockledge Street and Logan Street. At the time, CJIS was down, so officers were unable to run the license plate. Officers noted the vehicle further had no inspection sticker, and broadcast over the radio asking if anyone was looking for this vehicle or if it had recently been reported as stolen. Additional units responded that it had failed to stop for two other Boston Police Officers over the past week. Through the open window, Officers could see what they believed to packaged illegal drugs in plain view on the floor of the front passenger seat, as well as the charge for a court-ordered GPS bracelet on the front passenger seat. Given the vehicle failed to stop for two other officers recently, the belief that it may have an attached license plate, the belief that it may be stolen, the fact that it was not secure, and the fact that officers observations of drugs in plain view, Officers opened the door to further investigate the drugs, inventory the vehicle, secure it, and attempt to locate information on the owner so he/she could be contacted. The drugs observed by officers turned out to be a large amount of packaged marijuana. Further, officers located a wallet on the driver's seat in the name ofXXX."" As Officers were on scene a male walked down from Logan Street toward them and inquired about the vehicle. From their brief earlier observations, officers suspected this male had been the driver, though could not be sure. The male was evasive with his answers and would not identify himself. A CJIS query revealed this male to be XXXwho has an open cases for possessing and discharging a firearm. XXXclaimed to tow cars for the Boston Police, and sarcastically asked offices if they were hiring. While on scene CJIS came back on line, and Officers were able to confirm the car was registered to a XXX. Custody of the vehicle was released to XXXwho was in possession of the key, though continually denied he had just been driving."
FC23005057,2023-10-26 21:57:00,,ROSLINDALE,2131,Stopped,Reasonable Suspicion , Body Worn Camera,,Male,Black,Hispanic Origin,24.0,Heavy,Medium,1,"Officers responded to a call for Shots Fired at the intersection of Blakemore St and Hyde Park Ave. Caller stated seeing 2 MOPEDS FLED ON HPA TOWARDS FOREST HILLS: LIGHT SKINNED MALE, BLUE SWEATSHIRT, DARK SKINNED MALE W/ Dark SWEATSHIRT while searching the area officers observed a grey and black moped with no license plate turn onto Hyde Park Ave from Blakemore then made a U turn and stopped in front of XXXHyde Park Ave. The operator of the moped (XXXwas wearing a black Nike balaclava face covering, blue jeans, a dark grey sweatshirt, and a dark grey Carhart vest. Based off the individual matching the description of the individual involved in the shooting officers stopped the vehicle. XXXwas immediately hostile towards officers and stated that he was coming from the Bank of America atm on American Legion highway and showed the officers a receipt. Officers had observed Mr. XXXdrive down Blakemore St. in the opposite direction of American Legion which did not match the story that Mr. XXXwas telling officers. based off the matching description and deceptive answers XXXwas placed in handcuffs and frisked for weapons to no avail. A CJIs Inquiry revealed no prior firearm charges but A Mark 43 Inquiry revealed multiple FIOE involving Mr. XXXaround firearm and drug activity. Mr. XXXwas FIOE and released. L101F (Prendergast/Clemat)"
FC23005126,2023-10-31 11:32:00,ALBANY ST,BOSTON,2118,Stopped,Encounter, Body Worn Camera,,Male,White,Hispanic Origin,31.0,Thin,Light,1,About 11:32 AM Officers stopped individual later identified as XXX (D.O.B- XX/XX/XXXXwas in the area of XXXAlbany St. The suspect was stopped because he was with another individual that was placed under arrest and believed to be engaged in a drug transaction. After investigation it was determined that there was no drug transaction. A CJIS Inquiry revealed no active warrants. XXXwas released at the scene. D105D(Victorin/D.Fullam)
FC23005160,2023-11-01 16:30:00,ATLANTIC AVENUE,BOSTON,2110,Stopped,Probable Cause," Drugs, Homeless, Body Worn Camera",,Female,White,Not of Hispanic Origin,56.0,Thin,Light,0,Officers received several 911 calls throughout the evening forXXX(DOB: XX/XX/XXXXXXwas heavily under the influence of alcohol and possibly some other narcotic. XXXwas only wearing sweatpants and a t-shirt when it was about 40 degrees outside. XXXrefused any assistance from Officers and EMS and was extremely hostile towards first responders.
FC23005253,2023-11-07 00:30:00,PUBLIC ALLEY 719,BOSTON,2118,Stopped,Reasonable Suspicion ," Drugs, Homeless, Body Worn Camera",,Male,White,Not of Hispanic Origin,29.0,Thin,Light,0,Encountered XXX trespassing on a job site in Public Alley 719. XXXwas in possession of a Blue Bike and a red Huffy bike. XXXstated he stopped in order to use the porta potty on the job site. XXXpicked up numerous needles from the immediate area prior to leaving. Another unknown individual fled on a bike towards Harrison Avenue from between two cars. XXXdenied knowing the individual. XXXleft the Blue Bike. FIOd and released. BWC activated
FC23005264,2023-11-07 14:35:00,SUMNER ST,EAST BOSTON,2128,Stopped,Reasonable Suspicion ," Drugs, Body Worn Camera",,Male,Black,Unknown,30.0,Medium,Medium Brown,1,"About 0XXX:35pm Tuesday, 11/07/XXX0XXX3 Officer Guichard while working overtime polls inside of XXXLondon Street observed a hand-to-hand transaction outside of XXXSumner Street. Officer Guichard observed XXX a known associate of maverick street gang, to walk up to a known Drug user in the maverick square area and conduct a hand-to-hand transaction while Officer Guichard was inside of XXXLondon. Officer Guichard was able to keep eyes on XXX until Officer Guichard exited the building. Officer Guichard called for additional units to attempt to stop the known user as Officer Guichard stopped the suspect XXX. Officer Guichard lost sight of the user but was able to stop XXX. Officer Guichard observed stone to be talking with an unknown tall skinny black male wearing glasses who Officers have not identified but wrote a previous FIO for suspicious drug activity (I#XXX3XXX08967XXX ) who resides at XXX MONSIGNOR ALBERT A. JACOBBE RD apt XXXEast Boston. The unknown black male quickly walked away when Officers stopped XXXOfficers asked XXXwhat he just handed the women. The suspect stated he didn't hand anyone anything or talk to anyone. Officer Guichard informed the suspect he observed him do a hand-to-hand transaction with the women and showed him the motion in which he dropped items into her hand. The suspect went quiet. Officer Guichard conducted a pat frisk to no avail. The suspect stated he just got out recently and was not doing anything. Officers were unable to locate the known drug user."
FC23005266,2023-11-07 17:45:00,,BOSTON,2119,Stopped,Reasonable Suspicion , Drugs,Passenger Car/ Automobile,Male,White,Hispanic Origin,22.0,Heavy,Light Brown,1,"About 6:00PM, on 11/07/2023, T/S at intersection of Harrison Ave & Taber St of MA REG XXXfor red light violation (89/9). Operator identified as registered ownerXXXActive OP / Lengthy BOP for FA related offense and 94C). Officers observed multiple bags of marijuana in the back seat of vehicle. Officers inquired XXXhow much marijuana was in the vehicle to which he stated several ounces. Exit order issued. During exit order, officers observed what appeared to be a hide underneath the gear-shift panel. Due to XXXcompliance during the entire interaction, officers advised him of the open container laws regarding marijuana, as well as the legal limit of marijuana per person that is legally allowed to be possessed which he stated he understood and will comply with in the future. FIOE'd for intel. Kovaleski/Kadey/Freeman"
FC23005270,2023-11-07 18:24:00,MASSACHUSETTS AVE & ALBANY ST,BOSTON,2118,Stopped,Reasonable Suspicion ," Drugs, Body Worn Camera",,Male,White,Hispanic Origin,42.0,Thin,,0,"While on a Code 19 in the area of Massachusetts Ave and Albany St in order to combat the ongoing issues plaguing the area, Officers J. McDonough and M. McDonough along with Lt. Det. Hopkins observed XXX on the ground near the bus stop with needles and other drug paraphernalia around him. Officers observed XXXappearing to ingest himself with intravenous drugs. It should be noted, there were various commuters inside of the bus stop at the time of the encounter. Officers informed XXXthat such conduct is illegal and to dispose of all of his drug paraphernalia to which he complied. No drugs were recovered on scene. XXXstated he lives at XXXS. Huntington Ave and he would be returning home for the evening. XXXwas compliant with Officers during the encounter. Officers conducted a CJIS Inquiry of XXXNegative for warrants, past 94c as well as Receiving Stolen Prop on BOP. FIO'd and released. BWC activated."
FC23005309,2023-11-09 12:45:00,WARREN ST,ROXBURY,2119,Stopped,Reasonable Suspicion , Body Worn Camera,,Male,Black,Not of Hispanic Origin,52.0,,,0,"While on the quality of life assignment in the Dudley triangle, officers observed XXXmanipulating a crackpipe while loitering in front of XXXXXXWarren Street). XXXwas not in possession of any narcotics and declined any treatment options. FIO'd and released. BG03D (Colon, Saasaa, Bertocchi)"
FC23005410,2023-11-13 16:50:00,DR. MICHAEL GAVIN WAY,SOUTH BOSTON,2127,Stopped,Reasonable Suspicion , Homeless,,Male,White,Not of Hispanic Origin,58.0,,,0,"XXX stopped inside of XXXGavin Way for trespassing. XXX stated to the officers that he was inside ""attempting to buy drugs"" but had been so far unsuccessful. XXX added to BHA trespass list. ZK01 (Stevens/Milaiko)"
FC23005379,2023-11-13 17:42:00,MASSACHUSETTS AVE & ALBANY ST,BOSTON,2118,Stopped,Reasonable Suspicion ," Drugs, Homeless, Body Worn Camera",,Male,White,Not of Hispanic Origin,42.0,,,0,About 5:42pm on 11/13/23 Officers J. McDonough and M. McDonough in the D207F while on a Code 19 in the area of Massachusetts Ave and Albany St conducted a subject stop onXXX DOB XX/XX/XXXX While approaching the bus stop near Massachusetts Ave and Albany St Officers observed an individual later identified asXXX appearing to be preparing a needle to inject intravenous drugs into his arm. Officers ordered the individual to drop the needle and proceeded to ask him for his name. When the subject identified himself Officers conducted a CJIS inquiry. This inquiry showed that the subject had a past criminal history with 14 adult arraignments but no active warrants. Officers then ordered XXXto immediately dispose of all drug paraphernalia and leave the area.
FC23005483,2023-11-19 20:51:00,EPPING ST & WASHINGTON ST,BOSTON,2124,Stopped,Probable Cause," Drugs, Gang",,Male,Black,Not of Hispanic Origin,26.0,Thin,,0,"T stop of a gray 2020 Nissan Altima (MAREG# XXXin the area of Talbot Ave and Brent St for Fail to stop for a stop sign and speeding. Vehicle originally observed exiting the area ofXXXNorfolk St. Officers observed the vehicle to have heavily tinted side windows (4%) with no back tints. Officers spoke with the operator XXX (DOB: XX/XX/XXXXActive Wainwright, prior guilty Assault and Battery F/A and Distribution class B. Officers observed in plain view a small bag which appeared to contain other small bags of crack cocaine. Officers attempted to remove XXXfrom his M/V in an attempt to recover the drugs at which point XXXtook off at a high rate of speed towards the area of wainwright park, with his front door open and no regard for the auto laws or public safety. Vehicle located in the area of XXXhouse with crack cocaine still in plain view and keys to the motor vehicle inside. Crack Cocaine recovered, M/V towed, Warrant to be sought by B-3 Detectives. Coyne/Turner"
FC23005566,2023-11-25 20:47:00,,ROXBURY,2119,Stopped,Probable Cause," Drugs, Body Worn Camera",Suv (sport Utility Vehicle),Male,Black,Hispanic Origin,32.0,Thin,Light Brown,1,"XXX stopped in the area of Mass Ave and Peirson Street on 11/25. XXX identified himself to officers as XXX and stated that he did not have a license on him. The suspect was determined to be lying about his name and was placed under arrest for Unlicensed Operation and Refusal to Submit / ID Self. One P/B of fentanyl was recovered in the backseat. Several empty plastic bags as as well as apparent cutting agents were observed in the vehicle. The suspect stated that he has been pulled over before and has fraudulently identified himself. F102F (Fawkes, Burke)"
FC23005634,2023-11-29 00:00:00,MASSACHUSETTS AVE,ROXBURY,2118,Stopped,Reasonable Suspicion ,,,Male,Black,Not of Hispanic Origin,32.0,Thin,,1,Members of the Drug Control Unit were on directed patrol in the area of XXXMassachusetts Avenue when their attention were drawn to a heavy set black male (later identified as XX/XX/XXXXexchange an item small in size with another unknown black or Hispanic male wearing a grey hoodie. Officers observed XXXmanipulating a item in his hands while walking on Massachusetts Avenue towards Gerard Street. Officers approached XXXwhile displaying their badges while announcing their office which resulted XXXrunning away from officers. Officers observed XXXtossed a clear plastic bag on the street while attempting to physically apprehend XXXOfficer Langton while identifying herself physically pinned rice against a chain linked fence. Officers placed XXXin handcuffs and continued their investigation. Officers attempted to locate the clear plastic bag to no avail. Officers explained XXXtheir observations to which he stated that he understood.
FC23005631,2023-11-30 13:10:00,WASHINGTON ST,BOSTON,2119,Stopped,Reasonable Suspicion , Body Worn Camera,,Male,Black,Hispanic Origin,37.0,,,1,"Officers were advised by Capt. Danilecki (YB4)of drugs being sold around the area XXXWashington St. Upon Arrival, Sgt. Gero pointed out XXX (Prior F/A,94C) at XXXWashington St. Roxbury as the potential dealer. Officers attempted to speak with XXXOfficers observed XXXrushing away and continuously checking if the officers were behind him. XXXwas detained and was un-cooperative with the Officers and refused to provide any information. CJIS inquiry revealed negative results for warrants. FIOED, advised not to return to the XXXparking lot and released. FIOE to associate with the area. -B650D (Saasaa,Teahan,Valenzuela)"
FC23005698,2023-12-05 20:32:00,ALBANY ST,BOSTON,2118,Stopped,Encounter, Body Worn Camera,Passenger Car/ Automobile,Male,White,Not of Hispanic Origin,63.0,,,0,"Officers observed a black Chrysler Town and Country stopped in front of 774 Albany St, Boston - ""No Stop"" zone. Officers also observed an individual leaning inside the vehicle. The area is known for narcotics sales as well as solicitation/prostitution. When asked what he was doing in the area, the operator (XXX) stated that he ""was only giving a friend a ride"" to unclear location. Officers informed the operator that the area is known for a high drug traffic, the operator stated that he has been ""clean"" for 23 years. When asked if Fall River was his current address, the operator stated that he has been living in Quincy/Wollaston for the last month. Officers then asked what was his involvement with the individual, operator stated that he did not know him and he was asking ""for a ride for him and his female friend"". According to CJIS inquiry XXXhad a no outstanding warrants. XXXhas (3) alias: XXX, XXX and XXX. XXXhas an extensive criminal history (80 Adult Arraignments) and was arrested last on XX/XX/XXXXfor Possession to Distribute Class C out of Quincy District Court. Officers gave the operator a verbal warning. BWC activated. D415F (Crowley/Margotto)"
FC23005799,2023-12-11 21:03:00,MASSACHUSETTS AVE,BOSTON,2115,Stopped,Reasonable Suspicion ," Homeless, Body Worn Camera",,Male,White,,36.0,,,0,R/C for a female at the above with a needle in her arm screaming. Identified as XXX. XXXdenied all police and EMS assistance. XXXhas numerous aliases in CJIS and stated she was homeless. FIOE and released.
FC23005803,2023-12-12 01:49:00,,BOSTON,2118,Stopped,Reasonable Suspicion , Body Worn Camera,,Male,White,,29.0,Heavy,Medium Brown,1,"At about 01:49 hours on December 12, 2023, Officer Lopes conducted a stop of XXX at the intersection of Massachusetts Avenue and Melnea Cass Blvd, Roxbury. Officer Lopes was patrolling the area of Harrison Avenue and Massachusetts Avenue due to the recent increase in the homeless population and people suffering from drug abuse. This area is known for drug dealers to pray on people experiencing homelessness as well as persons who suffer from drug addiction. Dealers from all neighborhoods frequent the region to take advantage of the open drug market in the area. Officer Lopes attention was drawn to an individual, later identified as XXX. Mr. XXXwas standing with a group of individuals wearing a black balaclava mask covering his face, his right hand pinned to his right side, and his jacket pocked appeared to be weighted. Upon noticing the officer's presence, he immediately separated himself from the group and walked away in the company of another unidentified individual riding a blue bicycle. Officer Lopes informed Officer Doherty (D411A) of his observation. Officer Lopes drove past both individuals and made a U-turn to further his observation when he observed Mr. XXXmaking a throwing gesture. Both individuals crossed the street and proceeded toward Melnea Cass, away from officers, while continuing to monitor the officer's location. The two individuals separated when they noticed that the cruiser was headed towards them. Officer Lopes stopped Mr. XXXand conducted a pat-frisk, which yielded negative results. Mr. XXXbecame hostile towards the officers, and he was restrained in handcuffs. Officers canvassed the area where Officer Lopes observed Mr. XXXmaking a throwing gesture and recovered a large clear plastic back. It should be noted that Mr. XXXrefused to provide officers with his name and requested the officers' badge number, which Officer Lopes provided. Mr. XXXwas then released. Upon further investigation at the station, Officer Lopes was able to ID Mr. XXXMr. XXXhas an extensive BOP (past firearm and drug convictions)."
FC23005833,2023-12-12 11:45:00,,ROXBURY,2119,Stopped,Reasonable Suspicion , Body Worn Camera,,Female,White,Unknown,,,,0,"Officers Guzman and Delarosa were conducting a CD19 in the Egleston Sq area when they observed a female at the corner of Columbus/W Walnut Park conduct what they believed to be a hand to hand transaction. Officers approached the individual on W Walnut Park and explained the reason for the encounter. The individual stated she did not have anything on her and she was purchasing a cigarette from the guy down the street. Officers asked the female for identification to which she provided a false name and DOB (XXXDOB XX/XX/XXXXThe female stated she was originally from Lynn but was staying with a friend on Amory St. Officers released the female without incident. Mark43 query revealed Officers have responded to XXXAmory St in the past for a domestic disturbance where the victim identified herself asXXX. Using the information provided by the individual, Officers were able to identify the individual as XXX DOB XX/XX/XXXXXXX has 6 active warrants out of Lynn PD."
FC23005870,2023-12-16 12:20:00,HENRY STERLING SQ,SOUTH BOSTON,2127,Stopped,Probable Cause," Drugs, Encampment Response",,Female,White,Not of Hispanic Origin,35.0,Thin,Light,0,"Housing officers received a radio call for a removal at XXX Sterling Square. Once inside, the officers located a female individual later identified as XXX in the hallway with several uncapped needles and other drug paraphernalia littering the area. Officers served XXXwith a BHA no trespass order. It should be noted that XXXprovided officers with the name XXX. Both XXXand XXXhave separate and different profiles on CJIS."
FC23005973,2023-12-23 02:25:00,,BOSTON,2111,Stopped,Probable Cause, Body Worn Camera,Passenger Car/ Automobile,Male,White,Hispanic Origin,40.0,,,1,"About 2:25am on Saturday 12/23/23 officer Entwistle and Rooney stopped Ma/XXX on a dark colored Toyota Prius HATCHBACK. The vehicle was seen idling and driving around in a circle in the area of Summer and Arch Street, a known narcotic trafficking area. Mark43 had the vehicle in a report for a person with a gun incident in August 2023. A white male was seen operating a Prius and matched the description of the person who displayed a handgun. Officers in August identified the operator asXXX. XXXhas a suspended California Drivers license. Officers initiated a traffic stop for VALS and made contact with the operatorXXX. Officers observed in plain view “chore boy” crack pipe filter in the center console. Officers issued an Exit order and frisked the interior compartment of the vehicle with negative results. XXXstated he is living out of the vehicle. Officers instructed him to go the RMV and issued a verbal warning. BWC recorded. AK01A (Rooney and Entwistle)"
FC23005999,2023-12-26 16:32:00,OLD COLONY AVE,SOUTH BOSTON,2127,Stopped,Reasonable Suspicion , Body Worn Camera,Passenger Car/ Automobile,Male,Black,Hispanic Origin,32.0,Thin,,1,"TSTOP for VALS (Revoked Insurance) of MA REG: XXX(2020 Honda Accord; Black) at XXXOld Colony Avenue on 12/26 at 4:32pm. Officers received a radio call for drug activity involving double parked vehicles at the intersection of Mary Boyle and Patterson Way, South Boston. Officers responded to that specific intersection and observed MA XXXdouble parked. A CJIS inquiry revealed that vehicle's insurance to be revoked. Officers conducted a traffic stop at this vehicle at XXXOld Colony Avenue and determined the operator to be XXX(Active Villa Victoria; Prior F/A; Open PWI D. Upon request of the operator's license the operator reached for a cross body bag and was hesitant to open the bag to retrieve his ID. Officers observed what appeared to be several thousand dollars tucked in a wad in the bag. The operator was removed from the vehicle and frisked due to several of the officers observations. The vehicle was inventoried and towed. A scale as well as more US Currency was observed within the vehicle. Officers also observed small plastic bags that were empty but tied on one end and ripped on the other on the floor of the vehicle. Officers returned the currency to the operator. FK01"
FC23006008,2023-12-26 21:10:00,,DORCHESTER,2125,Stopped,Probable Cause, Body Worn Camera,Suv (sport Utility Vehicle),Male,Black,Not of Hispanic Origin,25.0,Stocky,,1,Traffic stop for VALs at Columbia Rd and E Cottage St of black Jaguar F-Pace MA Reg XXXOperator identified as XXX (Open 94c and f/a charges). Officers observed marijuana throughout the vehicle as well as a digital scale. XXXstated that he had rented the vehicle from an app and he did not know the owner. FIO'd and released. FK01F (Burke/Fullam/Hamilton)
FC23006024,2023-12-27 17:00:00,ORTON-MAROTTA WAY,SOUTH BOSTON,2127,Stopped,Probable Cause, Body Worn Camera,,Male,Black,Hispanic Origin,19.0,,,1,"Officers were monitoring the D Street Development and observed XXX smoking marijuana in the hallway ofXXX Orton Marotta. XXX initially refused to provide officers with his name but officers eventually discovered it from prior encounters. XXX was advised of the community complaints regarding marijuana in the hallways. FIOE and released FK01 (Fullam, Burke, Hamilton)"
FC23006032,2023-12-28 00:29:00,,BOSTON,2119,Stopped,Reasonable Suspicion ," Drugs, Body Worn Camera",,Male,Black,Not of Hispanic Origin,28.0,Medium,Medium Brown,1,"Officers while on directed patrol in the Clifford Park area, observed a group of unidentified individuals walkaway from a black male on a City Blue Bike at the intersection of Allerton St. and Russfield St. Officers stopped and spoke with the black male on the city blue bike who was now observed to be openly counting his money. Officers were able to identify the male asXXX DOB XX/XX/XXXX(open distribution of 94c). XXXwas cordial with Officers but would not allude as to where his money came from. XXXwas FIO'd and Released FIO'd for Intel purposes and to associate with the area B655A (Kennedy) & B656 (Foley, M.)"
FC23006045,2023-12-28 18:41:00,,CHARLESTOWN,2129,Stopped,Probable Cause," Drugs, Body Worn Camera",,Male,Black,Not of Hispanic Origin,31.0,Heavy,,1,"About 6:41pm, on 12/28/23, traffic stop for VALs on a 2006 black Hyundai Sonata (MA REG# XXXat Cambridge St. & Parker St., Charlestown. Operator identified as XXX (DOB XX/XX/XXXXArmed Robbery, Burglary, B&E- currently on probation. Upon approaching the vehicle, Officers observed XXXwith his left arm pinned to the floorboard between the driver's seat and the door. XXXalso had the window completely closed while he appeared to be manipulating an object under the seat. Officers immediately issued an exit order and a pat frisk of XXXand the vehicle was conducted for weapons. While conducting a pat frisk for weapons in the vehicle, officers recovered cocaine from underneath the driver's seat. XXXstated he had just been released 9 months earlier after serving 5 years for Armed Robbery. Officer's summonsed XXXto Charlestown District Court. (I232105723) AK01F (Marchand/Hiltunen)"
FC24000027,2024-01-02 18:13:00,OLD COLONY AVE,SOUTH BOSTON,2127,Stopped,Reasonable Suspicion ,"Gang, Body Worn Camera",Passenger Car/ Automobile,Male,Black,Not of Hispanic Origin,31.0,Thin,,1,"TSTOP for VALS of MA REG : XXX(2012 Altima, Gray) Operator identified as XXX(Active Mount Pleasant, Prior F/A, 94c). Vehicle frisked due to observations upon approach to the vehicle. 4 cell phones as well as a scale were observed during the frisk of the vehicle. FIOE and released. FK01 (Fullam, Hamilton, Burke)"
FC24000048,2024-01-03 19:00:00,BORDER ST,EAST BOSTON,2128,Stopped,Intel,"Body Worn Camera, Drugs",,Female,Black,Hispanic Origin,37.0,Thin,Light,0,"About 07:00pm Wednesday 01/03/2024 Officer Guichard and Maldonaldo in the G201F responded to XXXBorder Street for a removal. Upon arrival Officers observedXXX a known narcotics user in the area nodding off shoe less and jacketless on the 4th floor. After speaking withXXX she stated she was in APTXXX that belonged to XXX In the past XXXhas informed Officers of XXX distributing fentanyl in the area. XXXstated to Officers that there's a lot of ""dope and meth on the table inside the apartment right now as they were mixing it and cutting it"". Officers knocked on aptXXX to retrieveXXX items and could hear a scurry of cabinets closing and drawers. Officers knocked multiple times until the door was opened by a white female who stated she did live at the above and Officers weren't allowed to come in as she bring outXXX items."
FC24000077,2024-01-05 21:45:00,MASSACHUSETTS AVE,ROXBURY,2119,Stopped,Reasonable Suspicion ,"Homeless, Body Worn Camera, Drugs, Encampment Response",,Male,White,Hispanic Origin,40.0,Medium,,0,"XXXwas observed making a ""hand to hand"" with a known drug user XXX XXXobserved the officers and fled on Massachusetts Avenue. XXXwas stopped and observed to have around $7.00 USC in his hand. XXXhas numerous 94C and F/A violations on his BOP. XXXis also a registered sex offender. XXXstated he is staying at XXXSouthampton Street and has recently been released from jail. CJIS query revealed no outstanding warrants, FIO and released."
FC24000246,2024-01-17 20:47:00,,BOSTON,2111,Stopped,Probable Cause,Body Worn Camera,Passenger Car/ Automobile,Male,Black,Unknown,29.0,,,1,"About 8:46pm, on Wednesday, 01/17/24, traffic stop on a 2004 red Honda Accord (MA REG# XXXat Essex St. & Harrison Ave, Downtown. Operator- XXX (DOB XX/XX/XXXXExtensive history of Ch. 90, Prior F/A out of Malden District, and 94c. Officers discovered XXXto have an expired driver's license. During motor vehicle inventory search, officers discovered several 3-inch straws with what appeared to be cocaine residue as well as several folded dollar bills with cocaine residue in the driver's seat. A search of XXXyielded negative results for drugs another 3-inch straw in his pocket. Officers advised XXXhe would be summonsed to Boston Municipal Court but continued to argue and become irate. XXXwas released but remained on scene until the vehicle was towed away. AK01F (Marchand/Hiltunen)"
FC24000250,2024-01-18 10:00:00,NORTON ST,DORCHESTER,2125,Stopped,Probable Cause,"Body Worn Camera, Warrant Arrest",,Male,Black,Not of Hispanic Origin,29.0,Medium,,1,"On-site warrant arrest of XXXat XXXNorton St for firearm related offenses. During conversation initiated by XXX post Miranda, XXX stated he recognized officer XXX and stated he would intentionally avoid the Officer in the Bowdoin/Norton area and retreat back to his residence at XXXNorton St. When asked why, XXX refused to answer.XXXalso had a warrant out of Maine for drug related offenses.XXXmentioned something to the effect of making money in Maine prior to being arrested.XXXis known to associate with/seen in the presence of XXX and other individuals who use and sell illegal narcotics in the Bowdoin/Norton area. Intel. H103D (XXX/M. Russell)"
FC24000290,2024-01-22 12:25:00,,EAST BOSTON,2128,Stopped,Intel,Body Worn Camera,,Male,Black,Not of Hispanic Origin,35.0,Thin,,0,"GK01D Forbes/Ashman Observed XXX enterXXX Vallar Rd and exit a couple minute later. Officers stopped XXXand made inquiry at Faywood/Orient Ave. XXXinformed officers he had just left his mother's apartment at XXXVallar. XXXwhen questioned further about entering another home stated that he went intoXXX Vallar Rd. just to grab a cigarette from his XXX"". XXXshowed officers a small can and bag with a small amount of personal marijuana. Officers have dealt with multiple issues regarding residents ofXXX Vallar Rd. CJIS inquiry conducted showing multiple A&B on Police Officer and A Possession Class B (crack cocaine) on XXXBOP. XXXreleased from scene. Residents of this address are suspects of multiple commercial breaking and entering ""Smoke Shop's"" and officers believe they may be selling proceeds of their crimes out of the residence. XXXVallar Rd has been a nuisance address in the orient heights area in the past year with officers responding to numerous 91XXXcalls. To see incidents reference I232099329 (arrest) I232081808 (missing person), I232037473 (sick assist), I23210120XXX(verbal disturbance), I242000536 ( non intimate domestic violence), and I23209891XXX(arrest)."
FC24001243,2024-01-25 00:00:00,WASHINGTON ST,BOSTON,2124,Stopped,Probable Cause,"Gang, Body Worn Camera",Passenger Car/ Automobile,Male,Black,Not of Hispanic Origin,35.0,Medium,,1,"YVSF VK-06/16 Officers conducted a motor vehicle stop of Massachusetts Registration XXX(2020 Black Toyota Camry) at the location of XXXWashington Street, Dorchester (Walgreens parking lot). After visibly observing what they perceived to be a potential hand-to-hand drug transaction at the driver side of the aforementioned vehicle, Officers additionally observed said vehicle was parked in a distinctly posted handicap parking spot. Officers did not observe a handicap placard. Upon further investigation, a CJIS inquiry determined the registered owner of the vehicle asXXXOfficers then approached the vehicle and observed that the registered owner was not in operation of the vehicle. Officers explained their reason for the stop & later identified operator as XXX (Active OP - Prior F/A's & 94C) and requested his license and registration. XXXinitially complied, but abruptly became hostile towards Officers on scene. During the interaction, Officers made note of the large sum of money on XXXpersons. He then stated that an employee at Walgreens sold him protein bars. Due to XXXhostility and nervousness, Officers were in fear for their safety during this ongoing interaction. Pat frisk conducted of operator in the vehicle which yielded negative results. It should be noted, throughout the parking lot area, there were various open parking spaces allowing XXXto avoid said violation. verbal warning was issued for said violation. FIO’d and released."
FC24000390,2024-01-29 15:21:00,ALBANY ST,BOSTON,2118,Stopped,Probable Cause,Drugs,,Male,Black,Hispanic Origin,34.0,Medium,Medium Brown,0,"While officers were conducting a separate investigation, Detective Walsh observedXXX (DOB XX/XX/XXXXwalking by while openly sniffing a substance from a dollar bill. Detective Walsh identified himself as a Boston Police officer. Detective Walsh recovered the folded dollar bill from XXXDetective Walsh asked what was the substance which XXXreported that it was ""dope"". Detective Walsh observed a miniscule white residue on the dollar bill. XXXwas fio'd and released."
FC24000417,2024-01-30 11:50:00,MASSACHUSETTS AVE & ALBANY ST,BOSTON,2118,Stopped,Probable Cause,Drugs,,Male,Black,Hispanic Origin,32.0,Thin,Light Brown,1,"Officers were in the area of 774 Albany St monitoring drug activity. Officers attention was drawn to XXX who officers monitored for over two hours. The suspect was standing at the top of the stairwell of 774 Albany, a common area where drug dealers sell drugs and drug users buy drugs. Over four times Boston Health Commission Police had to remove him from the stairs where he was loitering and smoking directly under a no trespassing sign and a no smoking sign. XXXwas having several short conversations with known drug users in the area. At times huddled in the corner behind a wall, where drug dealers and drug users know officers can not see them from the street level. Officers continued to monitor XXXas he moved to the bus stop at Mass Ave and Albany St, another area where drugs are sold and used. Officers notified Officer Keeler who was manning the D-4 Tactical Communicaton Office, who then began to monitor XXXOfficer Keeler observed XXXwith a plastic bag of an unknown substance in his hand then place it into the rear of his pants. Officers stopped XXXwho was immediately confrontational with officers stating he knows they had been watching him all day. XXXhad a fanny pack strapped behind him which contained a bag of marijuana and money scattered throughout the bag (common for drug sales). XXXstated he is not a drug dealer but a drug user, ""I smoke more crack than anyone down here, I smoke a lot of crack."" XXXstated he thought this was a safe zone to smoke crack and also had two crack pipes on him. He was checked for warrants with negative results and released. DK01D Linnane/Mathewson"
FC24000439,2024-01-31 00:00:00,WASHINGTON ST,DORCHESTER,2121,Stopped,Probable Cause,Body Worn Camera,,Male,White,Hispanic Origin,38.0,Thin,Light,1,Officers responded to a call for multiple people using drugs on the first floor of XXXWashington Street. As officers were attempting to gain entry 2 unknown males walked out the back door while another walked out the front. Officers stopped the male walking out the front and identified him as XXX (prior F/A and drug distribution). XXXstated he did not know the other males who he was just sitting with and he was just there to charge his phone. Officers observed drug residue in a small container where all males were just seated and conducted a search of XXXlocating a large knife and multiple unused needles. XXXrepeatedly denied using drugs or knowing the other males. XXXwas FIO'ed and released. Officers searched for the remaining males but did not locate them. H101F (MacLeod/Moran)
FC24000450,2024-02-01 01:40:00,MASSACHUSETTS AVE,BOSTON,2118,Stopped,Reasonable Suspicion ,Body Worn Camera,,Male,Black,,42.0,Medium,Medium Brown,0,"About 1:30am on Thursday, 02/01/2024 while officers were conducting a code 19 (walk and talk) around the area of Boston Medical Center, officers were flagged down by an individual who stated that his guitar was stolen from his guitar case. Officers later observed individual later identified asXXXwalking in the area of XXXMelnea Cass with a guitar matching the description provided. XXXstated that the victim gave him the guitar an exchange for drugs. Officers confiscated the guitar from XXXand returned it to the victim. Officers conducted a CJIS inquiry which revealed no outstanding warrants. BOP revealed: trafficking class B, A&B Dangerous Weapon."
FC24000477,2024-02-02 10:14:00,WARREN ST,ROXBURY,2119,Stopped,Probable Cause,"Drugs, Body Worn Camera",Passenger Car/ Automobile,Male,Black,Not of Hispanic Origin,26.0,Thin,Medium Brown,0,"Officer responded to a radio call for an IVPrem/Drug at XXXWarren St, Roxbury. Officers observed a gray Nissan Altima (MA REG: XXXmatching the description given by the 911 caller parked in front of the aforementioned address (Public Way). Officers made contact with the operator later identified asXXXXX/XX/XXXXXX was wearing an orange jumpsuit matching the description given by the 911 caller. XXXBOP revealed - Multiple Drug related offenses. Upon making contact, officers informed XXXthe reason for the encounter. XXXwas confrontational and stated he did not understand the reason. Officers observed XXXholding a large open bag of marijuana and he was actively rolling a marijuana cigarette. Officers informed XXXit was illegal to have an open container in public and requested XXXlicenses, to which he provided. XXXwas accompanied by an unknown male who was seated in the front passenger seat. The unidentified male was confrontational throughout the encounter as well. Officers issued XXXa verbal warning and informed him to properly store the bag of marijuana. FIOD and released. BK01D (Centeio/Baez)"
FC24000620,2024-02-09 15:00:00,,SOUTH BOSTON,2127,Stopped,Reasonable Suspicion ,Drugs,,Male,White,Not of Hispanic Origin,49.0,Medium,,1,"S/D Dineen (E5 DCU) along with Det Dodd (FBI/DCU) while in the area of Andrew Sq noticed a black Ford Explorer bearing MA registration XXXdriving in random directions while appearing to utilize a cellular phone. This vehicle resembled an unmarked law enforcement vehicle. Det Dodd observed the operator and recognized him from a previous drug investigation in the same general area. The operator would be later identified as XXX XXXparked the Explorer on a side street where officers then noticed a white male approach and get inside the front passengers seat. This individual was later determined to be XXX. XXXexited the front passengers seat of the Explorer in under three minutes and walked into a known address. Believing a street level drug transaction had taken place, Det Dodd and S/D Dineen decided to conduct a traffic stop and investigate XXXfurther. Officers stopped the Ford Explorer at the corner of Leeds St and Woodward St in South Boston. Upon approach XXXbegan yelling and asking for the officers badge numbers. Both Dodd and Dineen noticed folded money inside the front center cup holder area along with prescription Suboxone films on the rear seat. Based on these observations Det Dodd asked XXXto exit the vehicle. XXXrefused to exit the vehicle and began to grow even more angry and irate. Det Dodd could see a folded knife with a locking mechanism in the center storage area well within XXXimmediate reach. Det Dodd opened the drivers side door of the Explorer and removed XXXplacing him into handcuffs using minimal force. XXXcontinued to yell and shout at both Det Dodd and S/D Dineen. XXXrequested to speak with a supervisor at which time S/D Dineen informed him that he was in fact a supervisor and displayed his department issued badge outlining such. XXXcontinued to yell and demanded to see a higher supervisor. While this was going on Det Dodd could see that the Suboxones on the back seat of the Explorer were all in the name of XXX XXXbehavior seemed to change often times apologizing to S/D Dineen then immediately back in a rage. XXXwas subsequently released from the scene without further incident."
FC24000661,2024-02-12 18:45:00,,MATTAPAN,2126,Stopped,Intel,Drugs,Passenger Car/ Automobile,Male,Black,Not of Hispanic Origin,60.0,Heavy,,1,"Members of the B3 Drug Control Unit conducting a drug investigation, observed,XXXoperating XXXmeet with a known target of drug investigation and in less than 2 minutes time separate and XXXdrove from area in Ford Escape XXXOfficers stopped the vehicle to conduct drug invest. XXXuntruthful about whereabouts and pat frisk conducted with negative results. XXXreleased from the scene investigation ongoing."
FC24000662,2024-02-12 19:48:00,,DORCHESTER,2121,Stopped,Intel,,Passenger Car/ Automobile,Male,Black,Not of Hispanic Origin,53.0,Medium,,1,"Members of the B3 Drug Control Unit conducting a drug investigation, observed,XXX, operating XXXmeet with a known target of drug investigation and in less than 2 minutes time separate and XXXdrove from area in Black Prius (MA reg XXXOfficers stopped the vehicle to conduct drug invest. XXXwas untruthful about whereabouts and pat frisk conducted with negative results. XXXwas released from the scene, investigation ongoing."
FC24000718,2024-02-16 15:00:00,NEW SUDBURY ST,BOSTON,2114,Stopped,Probable Cause,,,Male,Black,Not of Hispanic Origin,55.0,Thin,,1,"Officers located the following subject at XXXBoylston Street (St. Francis house), DowntownXXX DOB XX/XX/XXXX- was placed under arrest for a straight warrant out of Suffolk Superior Court. Back at the station, District A-1 Detectives conducted an interview with XXXregarding two armed robbery incidents. XXXconfessed to the crimes and stated he needed money for his drug (crack) habit. XXXstated with the money that he stole (which was roughly $700.00 dollars) he used it all for crack cocaine. XXXstated that he buys all his drugs around Park Street. XXXstated specifically that the individual he predominantly buys from ""pitches his work"" on the steps of the St. Paul's church. XXXdescribed the individual as a black male, with a large heavy set build, and is roughly 6 feet tall. XXXstated the male is always wearing a two-toned winter jacket that is brown and white. XXXstated the male always keeps the drugs in his ass. FIOE'd for intel. McCullough/ Det. Kenneally (A113D)"
FC24000738,2024-02-17 22:27:00,,ROXBURY,2118,Stopped,Probable Cause,Body Worn Camera,,Male,Black,Not of Hispanic Origin,43.0,Medium,Medium Brown,1,"About 10:27pm on Saturday 02/17/24 officers observed multiple people in the outbound bus stop on Massachusetts Ave at Albany street. As officers neared the bus stop they observed a male in a white coat, black pants and a black backpack appear to be handing something to a other individuals in the bus stop. When the officers approached the officers observed the male later identified as XXX (dob XX/XX/XXXXsmoking from a glass crack pipe. While officers exited their vehicle to conduct the subject stop, XXXturned his body away from the officers and appeared to place an object in his mouth which the officers believed to be narcotics. Officers proceeded to search his person for any additional drugs which returned nothing. Officers ran a CJIS query on XXXyielding no active warrants. XXXhas 42 adult arraignments on his BOP in Massachusetts and an III (ME, KY, RI) to include rape, kidnapping, ABDW, and 94C violations. DK01F (Crowley/Gagnon)"
FC24000951,2024-03-01 20:39:00,FLAHERTY WAY,SOUTH BOSTON,2127,Stopped,Probable Cause,"Drugs, Body Worn Camera",Passenger Car/ Automobile,Male,Black,Not of Hispanic Origin,28.0,Medium,,1,"Traffic Stop for VALS (89/9) of MA REG: XXXin the area of XXXFlaherty Way. Operator identified asXXX (Active D Street, Prior Firearm). XXXabruptly jumped out of his vehicle and walked back towards officers insisting for officers to search the trunk. XXXhad USC in his front hooded pocket stashed in a manner that suggested drug distribution. Officers located a magnetic stash case containing 24g crack cocaine in the center console of the vehicle. It should be noted that an extremely similar stash case was utilized by XXX (D Street Projects) in a previous arrest where a trafficking amount of fentanyl and crack cocaine was located. FIOE for awareness specifically within D Street. FK01F (Fullam, Hamilton, Burke)"
FC24000982,2024-03-04 18:37:00,,BOSTON,2118,Stopped,Reasonable Suspicion ,Drugs,,Male,White,Not of Hispanic Origin,51.0,,,1,"On Monday, March 4th, 2024 Officers assigned to the Area D-4 DCU were monitoring the area of Mass Ave. for drug activity. Officers' attentions were drawn to 2 Unk individuals who were in the bus stop of Mass Ave/Albany St where there were numerous individuals openly ingesting drugs, although these 2 individuals were not. Officers monitored both individuals as they walked down Mass Ave. when they encountered another male (XXX stopped and had a brief conversation. All the men then walked towards Newmarket sq and mass Ave where they went behind the Victoria Diner and huddled close. After separating, XXXwalked back the opposite direction he was walking. Believing a drug transaction had occurred, Officers Vilvalex and O'Donnell stopped and identified ourselves as police officers. XXXwas provided with Miranda to which he stated he understood. Officers informed XXXof our observations and asked if he had any items on his person from his encounter with the Unk two individuals. XXXstated he did not and after a pat frisk and positively identifying XXXhe was released from the stop."
FC24000991,2024-03-05 01:08:00,W CEDAR ST & PINCKNEY ST,BOSTON,2114,Stopped,Reasonable Suspicion ,Body Worn Camera,,Male,White,Not of Hispanic Origin,34.0,Thin,,1,"About 1:08am on Monday 03/05/24 officer Entwistle and Rooney in the A103a observed a suspicious male walking in the area of Pickney Street and West Cedar Street, Beacon Hill. Officers have been plagued with breaking and entering and theft calls in the area. Officers exited the cruiser and asked if the male individual would like to speak with police. The male agreed. Officers made contact with XXX. After a cjis inquiry officers discovered a recent firearm charge on his BOP that XXXwas convicted of. There were numerous B&E and theft charges as well. XXXis a white male with scruffy black facial hair, black hair, and medium height. He was wearing a black winter jacket with a gray sweatshirt, blue jeans and black shoes. He was carrying a black fanny pack, gray back pack and a white CVS plastic bag. Officer Rooney observed a long cylinder object in XXXfront jacket pocket. The object appeared to be in the shape of a knife. Officers conducted a frisk for weapons. XXXwas carrying numerous drug paraphernalia, such as needles and crack pipes. Officers did not recover any weapons. XXXstated he was heading to MGH however stated he recently came from CVS which was closer to the hospital. Officers believed XXXwas lying. Warrant checks were negative. XXXwas released without incident. FIO'd for intel and to tie XXXin the area. BWC recorded. A103a (Entwistle and Rooney)"
FC24000992,2024-03-05 09:30:00,,BOSTON,2118,Stopped,Probable Cause,"Homeless, Drugs, Body Worn Camera",,Male,White,Not of Hispanic Origin,40.0,Heavy,,1,Officers on directed patrol in the area of Mass and Cass observedXXX manipulating what appeared to be a p/b of narcotics at the corner of the intersection. XXXobserved Officers and appeared to become nervous and began to walk away. Officers made contact with XXXand advised him of their observations. XXXclaimed the narcotics were fake and had discarded them. Officers searched XXXand the area he had been loitering and did not discover any narcotics. Negative for warrants. FIO'd and released. BWC activated. D203D (McDonough/Dowling)
FC24001000,2024-03-05 17:40:00,CENTRAL AVE,MILTON,0,Stopped,Reasonable Suspicion ,,Suv (sport Utility Vehicle),Female,White,Not of Hispanic Origin,31.0,,,1,"Under the direction of S/D. Champagnie, members of the Drug Control Unit detailed to District B3, were in the area of Fessenden St, Mattapan, mA, conducting a drug investigation. On Tuesday March 05, 2024 at about 05:40 PM, Officer Leon observed Mass Reg XXXarrive in the area and park. Within a few minutes the Officer an unknown Hispanic male arrive on foot from Norfolk St and enter the front passenger side of said M/V. Said M/V then proceeded to leave the area and turned onto Norfolk St towards Babson St. Said M/V was then observed pulling over on Norfolk St right before Babson St and said male exiting said M/V and begin to walk away. Officers believed a street level drug transaction had just occurred and maintained surveillance of said M/V. With the assistance of the CK01F unit (PO.'s Turner and Coyne), said M/V was stopped in the area of Central Av in Milton, MA. Officer Leon identified himself to the driver of said M/V and explained to her the reason for the stop and the Officers observations. The operator of said M/V identified herself as one,XXX (DOB XX/XX/XXXXXXX informed the Officers she had met with a male who worked for her boyfriend a few weeks back and owed him $800.00 dollars US currency. XXX informed the Officers she did not known why she picked him up and dropped him off around the corner. A pat frisk of XXX's M/V and her persons was conducted for any drugs or weapons to no avail. The B103F assisted with threshold and XXX's persons pat frisk was conducted by PO. Myers. XXX was released from the scene. This investigation is still on-going."
FC24001086,2024-03-07 20:57:00,GENEVA AVE,DORCHESTER,2122,Stopped,Reasonable Suspicion ,Drugs,,Male,Black,Not of Hispanic Origin,44.0,Obese,,1,"Officer's stopped XXX pursuant to an ongoing C11 DCU drug investigation. XXXimmediately put his hand in his jacket pocket when he observed officers approaching. Officer's pat frisked XXXwhich resulted in the discovery of Class A,B,D drugs packaged for sale. XXXwas also found to be in possession of 49 packs of Newport cigarettes. The suspect (XXX) is to be charged with the following crimes: Ch.94C/s.32 Drug, Possess to Distribute Class A Ch94C/s.32A Drug, Possess to Distribute Class B Ch.94C/s.32C Drug, Possess to Distribute Class D Ch.94C/s.32E Cocaine, Trafficking in 18 Grams or More, Less Than 36 Grams Ch.64C/s.10 Cigarettes, Sell Without License HK01F (Mulvey/Millane) V951 (Griffen)"
FC24001113,2024-03-11 00:00:00,,SOUTH BOSTON,2127,Stopped,Reasonable Suspicion ,Drugs,,Male,Black,,35.0,,,1,"On March 11, 2024, members of the C6/DCU, under the direct supervision of Sgt. Det. Charbonnier were conducting a drug investigation in the McCormick Housing Development. During this time, Sgt. Det. Charbonnier observed a blue Honda SUV partially pull over on Logan Way. Sgt. Det. Charbonnier then observed an unknown male walk and enter in the rear passenger seat of the Honda. Moments later, the male then exited the Honda and entered into a building as the Honda drove away. As the unknown male exited the Honda, Sgt. Det. Charbonnier could now observed a plastic bag protruding from the front of his pants. Officers did believe that a street level drug transaction had transpired at this time. Officers stopped the Honda for further investigation. Officers spoke with XXX, who stated he went to talk to his brother. Officers inquired what his brother's name was but was hesitant and did not initially know his name. Officers then asked what his brother looked like which he could not give a description at the time. Officers then asked him to exit the vehicle and conducted a search. Officers advised him that they would document the stop and he was allowed to vacate the area. He then began yelling at the Officers stating, ""You stopped me because I'm black"". He then demanded Officers to provide their Badge #'s, which they did. He then vacated the area."
FC24001149,2024-03-12 00:00:00,HARRISON AVE,BOSTON,2118,Stopped,Reasonable Suspicion ,Body Worn Camera,,Male,Black,Unknown,39.0,Medium,Medium,1,"Officers were traveling on Mass Ave approaching the red traffic light at the intersection of Harrison Ave. While stopped at the red traffic light, officers observed two males at the corner engage in what appeared to be a hand to hand transaction. The first male, later identified asXXX, handed an item to the second male who immediately upon seeing the officers placed the item in his mouth. The officers then observed XXXattempt to leave the area on an electric scooter. The officers caught up to XXXand attempted to stop him at which time XXXignored officers requests and began to flee. Officers then observed XXXto stop on the scooter, put an unknown item in his mouth and drink from a water bottle and then throw the water bottle on the ground. Officers were able to stop XXXin front of XXXHarrison Ave. XXXdenied swallowing anything and stated he fled because he thought he had a warrant. XXXhas open drug related offenses on his bop. XXXwas later released."
FC24001129,2024-03-12 10:29:00,ALBANY ST,BOSTON,2118,Stopped,Probable Cause,Drugs,,Male,Black,Not of Hispanic Origin,30.0,Muscular,Medium Brown,0,"Officers observed the suspect XXX openly smoking crack cocaine out of a pipe in front of XXXAlbany St. The suspect was stopped. Checked for wants/warrants met with negative results. It is believed XXXis one of the many crack dealers who hang out in front of XXXAlbany. XXXis constantly loitering in the area, not seeking any of the many services offered in the area. He is often seen huddled in corners throughout the area with known drug users. When officers informed XXXthey believed he was selling crack down in the area he stated, ""try to catch me."" DK01D Linnane/Mathewson"
FC24001132,2024-03-12 11:27:00,ALBANY ST,BOSTON,2118,Stopped,Probable Cause,Drugs,,Male,Black,Not of Hispanic Origin,30.0,Muscular,Medium Brown,1,Officers stopped XXX who was once again smoking crack in public in a crowded area. Officers searched XXXfor additionally narcotics met with negative results. XXXdid have several empty plastic bags consistent with the illegal drug trade. XXXwas once again told to not smoke crack in public. DK01D Linnane/Mathewson.
FC24001151,2024-03-13 21:15:00,FLAHERTY WAY,SOUTH BOSTON,2127,Stopped,Reasonable Suspicion ,"Juvenile, Body Worn Camera",,Male,Black,Unknown,17.0,,,1,"Officers stopped XXXoutside of XXXFlaherty Way, South Boston. Officers are aware of an ongoing investigation for several robberies in the D St Development area (I242017877, I242016856, I242015643). Officers are also aware of an ID wanted distributed on 03/04/2024 by Detective Delarosa (F807) depicting an outstanding light skin male suspect with medium length black dreads, black bubble vest, black sweatshirt, grey sweatpants, yellow and red sneakers. On today's date, Officers while on random patrol in the D St Development area observed a light skin black male with medium length dreads wearing a black cap, black bubble jacket, black sweatpants, black and white Nike sweatpants with a black fanny pack standing on the corner of Flaherty Way and Joyce Hayes Way. Officers observed this male appear to hand something to another unknown male and both parties part ways. Officers then observed the male, who would be identified as XXXproceed to XXXFlaherty Way and wait outside the main door. XXXthen made contact with an unknown female and appeared to hand her something in the doorway. At this point, officers believed XXXto be engaging in hand to hand drug transactions. Officers stopped XXXoutside of XXXFlaherty and observed him to be in possession of a scale and individually packaged bags of marijuana. Officers did not observe any currency on XXXperson. XXXwas returned to his home at XXXFlaherty Way, Apt XXXto his grandmother's care. C6 Detectives notified. FK01F (Burke/Fullam)"
FC24001201,2024-03-14 21:00:00,,DORCHESTER,2125,Stopped,Reasonable Suspicion ,"Gang, Gun",Suv (sport Utility Vehicle),Male,Black,Not of Hispanic Origin,24.0,Thin,Light Brown,1,"On 03/14/2024, TS MA REG XXXintersection of Bird St and Virginia St for speeding (90/17). Once officers arrived at the operators window to address the violation, operator took off at a high rate of speed. Vehicle was located abandoned on Baker St. Officers located the suspect,XXX (Active BBMG/GMZ - Prior guilty F/A, open 94C) shortly after. In addition, officers located a loaded firearm and several different types of packages narcotics in his flight path. XXXwas charged accordingly. Kovaleski/Kadey"
FC24001179,2024-03-15 00:00:00,MASSACHUSETTS AVE & ALBANY ST,BOSTON,2118,Stopped,Probable Cause,Drugs,,Female,White,Not of Hispanic Origin,36.0,,,0,Members of the Area D-4 DCU were conducting observations of drug activity around the Mass Ave/Albany st. area when Officers observed a female later identified as XXXconduct a hand-to-hand transaction with another Unk black male at XXXMass Ave. Officers observed XXXhand an individual money and then the individual placed an item in her hand. XXXleft the area and stopped around the corner on Albany St. Officers approached XXXand identified themselves as Boston Police Officers. XXXhad a crack pipe in her hand and freely admitted to officers she already smoked the drugs she bought off the other individual. Officers removed a glass crack pipe that was warm to the tough from her hand. Ms. XXXwas advised to leave the area and not return to the group that she was malingering with earlier.
FC24001313,2024-03-19 10:44:00,DUDLEY ST,ROXBURY,2119,Stopped,Probable Cause,"Body Worn Camera, Gang, Drugs, Gun",,Male,Black,Unknown,28.0,Medium,Medium Brown,1,"SS at XXXDudley Street, Roxbury XXX(DOB: XX/XX/XXXXActive Lenox, Open Trafficking, Prior F/A XXXwas detained regarding a BOLO produced by the MSP 30 mins prior for failing to stop on 93 South in MA REG: XXX MV was located in front of XXXDudley Street Medium sized p/b of narcotics were recovered from XXXright hand in plain view. 34 pills of prescription medication and 6 rounds of live ammunition was recovered from MV during an inventory search. XXXwas placed under arrest and charged accordingly. Kadey"
FC24001226,2024-03-19 19:03:00,MASSACHUSETTS AVE,BOSTON,2118,Stopped,Probable Cause,"Body Worn Camera, Drugs",,Male,White,Hispanic Origin,43.0,Medium,Medium Brown,0,"Officers conducted a Subject Stop of XXX under a no trespassing sign at XXXMassachusetts Ave. Officers are aware of community complaints regarding ongoing issues in the surrounding area. Officers observedXXX to be holding a needle and to be ingesting drugs. Officers conducted a CJIS Inquiry which was negative for warrants. BOP includes previous 94c, Armed Robbery, ABDW, VALs, B&E, Rec Stolen Prop.XXX stated he now lives in Cambridge and was advised to refrain from trespassing in the area. FIO'd and released. BWC activated DK01F (McDonough/Crowley) D205F (Mulrean/Williams)"
FC24001227,2024-03-19 19:20:00,TREMONT ST,BOSTON,2111,Stopped,Probable Cause,Body Worn Camera,,Male,Black,Not of Hispanic Origin,19.0,,,0,"About 7:20pm on 03/19/2024 while responding to a separate call at XXXTremont Street, Boston, Officers observed a SuspectXXX drinking a ""Fireball"" alcohol bottle. Officers stopped the Suspect and informed him that drinking alcohol in public was a violation of a City Ordinance. A CJIS inquiry revealed a juvenile record for Armed Robbery, ABDW, and conspiracy to violate drug laws. The Suspect stated he was in this area because he ""just smokes crack"""
FC24001423,2024-03-30 17:39:00,,BOSTON,2124,Stopped,Probable Cause,Body Worn Camera,Passenger Car/ Automobile,Male,Black,Not of Hispanic Origin,28.0,Thin,,1,T/S for VALS ( 90/7) of MA REG XXX(Silver 2010 Mercedes E-Class) at the intersection of Washington Street and Regina Road. Driver and sole occupant identified as XXX(Multiple Prior F/A offenses on BOP) Officers observed loose marijuana in the center console and a fanny pack on XXXlap. Frisk of vehicle and XXXperson yielded negative results for any items of evidentiary value. FIO to associate XXXto M/V H102F (Garvey/Clark)
FC24001446,2024-04-01 17:30:00,,MATTAPAN,2126,Stopped,Probable Cause,Drugs,,Male,Black,,62.0,,,1,"Under the direction of S/D. Champagnie, members of the Drug Control Unit detailed to District B3, were in the area of Blue Hill Av and Morton St, Mattapan, MA, conducting a drug investigation. As a result of this investigation, members of the B3 DCU, did stop one, XXXDOB XX/XX/XXXXknown to the Officers from prior drug investigations), after observing XXXmeeting with several people in and around the area. As a result of this threshold inquiry, XXXhanded over the Officers five medium clear plastic bags containing a green leafy substance believed to be marijuana from his persons. XXXwas also found to have a large amount of US currency on his persons. XXXwas given back the five P/B's of marijuana along with the large amount of US currency, back and released from the scene."
FC24001571,2024-04-09 00:00:00,,BOSTON,2124,Stopped,Encounter,Body Worn Camera,Passenger Car/ Automobile,Male,Black,,19.0,Thin,Dark Brown,0,Officers were investigating an illegally parked vehicle at Washington St and Torrey St. MA Reg XXXAs officers positioned their cruiser behind that vehicle four individuals exited and walked towards XXXWashington St. Officers immediately recognized the operator asXXX who became belligerent with officers and when asked to move his car from the middle of the street gave officers the middle finger and continued to walk into XXXWashington St. ignoring officers request. XXXwas observed actively smoking marijuana as he exited his vehicle. After several minutes XXXcame back outside and began berating officers then got back into his vehicle and sped off at a high rate of speed up Torrey St eventually coming to stop at Torrey St and Wentworth St. Officers issued XXXa citation for his offenses.
FC24001592,2024-04-10 19:15:00,,MATTAPAN,2126,Stopped,Probable Cause,,Passenger Car/ Automobile,Male,Black,Not of Hispanic Origin,23.0,,,1,"T stop of a 2011 Hyundai Sonata XXXin the area of Evelyn St andXXX for tints, should be noted the sides were heavily tinted while the back was not. Officers originally observed the vehicle idling in the area ofXXX and Babson St. Officers took note that the registered owner was XXX who they knew to be present for the F/A arrest of XXXassociate XXXand that the arrest took place in this car. Officers were also aware that the BRIC disseminated a BRIC Flair regarding XXXassociate XXX taunting XXX. XXX has been closely aligned with bothXXX andXXX who are enemies with XXX Officers now observed the vehicle to leave its place travel the opposite way of officers last direction and then immediately re pull over after officers began to travel back towards the vehicle. Officers conducted a traffic stop and upon reaching the drivers window officers observed the sole occupant to be the registered owner. XXXwas visibly sweating and his hands were shaking. XXXwas removed from the vehicle and frisked for weapons with negative results. Frisk did reveal a back pack with a small amount of marijuana and plastic bags. XXXwas released and given a verbal warning for the tints. XXXwas compliant throughout the stop and told officers he is childhood friends with XXXbut doesn't do the gang stuff. Coyne/Turner"
FC24001598,2024-04-11 13:46:00,GLENWAY ST,BOSTON,2121,Stopped,Reasonable Suspicion ,Body Worn Camera,,Male,Black,Hispanic Origin,22.0,Medium,,1,T/S for Vals at XXXGlenway St of MA REG XXXfor (90/9D). Operator/ Owner:XXX (no bop) Officers spoke with XXXand observed a backpack on the front seat with a large plastic bag of Marijuana tucked into the side pocket. XXXthen denied any weapons within the vehicle after officers observed a large folding knife and a large bulge along the front of his waistline. XXXand the vehicle frisked to no avail. Verbal warning given. Cox / Meaney
FC24001656,2024-04-16 08:15:00,W NEWTON ST,BOSTON,2116,Stopped,Probable Cause,"Warrant Arrest, Body Worn Camera",,Male,White,Not of Hispanic Origin,37.0,Thin,Light,1,"Officers observed the suspect XXX sitting on the steps of XXXWest Newton St. Officers are very familiar with this address as a known drug house on the district. Just speaking with the suspect officers observed several males walking out of the apartment. XXXwas identified and placed under arrest for 4 felony warrants. Upon speaking further with XXXhe stated he came by the address to sell suboxone so he could buy a train ticket home. XXXdid have suboxone with a prescriptions on his person. Officers asked how he found out about this particular address and he stated he met some one on Mass Ave, who then told him about the address. DK01D Linnane/Mathewson"
FC24001671,2024-04-17 09:20:00,,BOSTON,2118,Stopped,Reasonable Suspicion ,Body Worn Camera,,Male,White,Not of Hispanic Origin,36.0,Medium,,0,"Officers received a radio call for a male possibly doing drugs in the public alley XXX Officers are very familiar with this alley and the recent uptick of drug use in the alley. Officers observed XXX tucked in behind a electrical box trying to conceal himself from public view. Officers spoke with XXXwho stated he was just trying to relax and put on some weight, as he was drinking a gallon of milk. XXXstated he stays at Pine St Inn and wonders around during the day. XXXwas checked for wants/warrants met with negative results and told to stay out of the alley. DK01D Linnane/Mathewson."
FC24001687,2024-04-18 17:00:00,TREMONT ST,BOSTON,2111,Stopped,Probable Cause,"Juvenile, Drugs",,Male,Black,,17.0,Heavy,Light,1,"Officers stopped XXXDOB XX/XX/XXXX- ABDW BB Gun out of Middlesex Juvenile - trespassing inside the MBTA Park Street Station exit stairwell in front of XXXTremont St with a large group of known drug users. Officers stopped XXXlast week trespassing on the front steps to St. Paul's Church (XXXTremont Street), explained the Massachusetts trespassing law to him, and released him with a warning. Today, as Officers stopped the group trespassing inside the MBTA Park Street Station exit stairwell, XXXattempted to flee by running down the ""upward-moving"" escalator and into Park Street Station. Officers were able to stop him. XXXadmitted to having marijuana on his person. Officers did locate a plastic bag inside his fanny pack with crack cocaine residue inside. XXXstated the plastic bag was not his and did not know where it came from. When Officers asked if he was storing any additional drugs in-between his glutes, he immediately reached inside the rear of his pants and returned with a handful of feces. Officers assisted XXXin cleaning his hands, ensured he did not require EMS for a medical condition, and released him with another trespassing warning. XXXstated he would return immediately to his home in Sommerville. FIOE'd to associate XXXto Tremont St. Ostholthoff/McCullough (AK15F)"
FC24001720,2024-04-20 18:34:00,,BOSTON,2119,Stopped,Probable Cause,"Homeless, Drugs, Body Worn Camera",,Female,White,Unknown,40.0,Thin,Light,1,"While conducting patrol in the area of Mass Ave/Albany St, officers observed a female, identified asXXX (DOB XX/XX/XXXXsmoking crack cocaine at the Mass/Albany bus stop. Officers have had multiple interactions with XXXas she frequents the Mass/Cass area. XXXimmediately stated she was having a medical emergency and due to the circumstances, officers walked her to BMC ED."
FC24001772,2024-04-24 14:35:00,,ROXBURY,2118,Stopped,Probable Cause,Body Worn Camera,,Male,Black,Not of Hispanic Origin,40.0,Medium,Light Brown,0,"About 2:35pm on Wednesday, 04/24/24, Officers Williams and Mulrean in the D101D observed a male (XXX) on Trask St and Harrison Ave holding tools (needles) that are commonly used to ingest narcotics. Officers stopped XXXand conducted a CJIS inquiry yielding negative results for warrants. XXXstated he did not have any narcotics left on his person and willingly emptied his pockets. FIOd and released for intel."
FC24001857,2024-04-26 14:27:00,HARRISON AVE,BOSTON,2115,Stopped,Probable Cause,Drugs,,Male,Black,Not of Hispanic Origin,38.0,Thin,Medium,1,"On 4/26/2024 members of the Area D-4 DCU (O'Donnell/Vilvalex) under the supervision of S/D Browning conducted a stop/FIO on XXX DOB XX/XX/XXXXat Mass Ave/Huntington Ave (Symphony green line station) While on directed patrol for drug activity officers encountered XXXat the Mass Ave T station and subsequently stopped him at the Symphony green line station platform to conduct the FIO. After confirming XXXidentity, he was released. At the time of the stop, XXXwas wearing a Blue Boston Red Sox jacket with the logo on the left chest, grey hoodie underneath, green camouflage balaclava covering his face, Black pants and grey sneakers. Photos of XXXat the time of the stop were downloaded and attached to this report."
FC24001801,2024-04-27 12:39:00,MASSACHUSETTS AVE,BOSTON,2118,Stopped,Encounter,"Homeless, Body Worn Camera, Drugs",,Female,White,Unknown,26.0,,,0,"During the arrest of XXX, Officers attempted to identify the female party who was present with him trespassing on the steps of XXXMassachusetts Ave. After several attempts, Officers were able to identify XXX XX/XX/XXXXXX is currently homeless and appeared heavily intoxicated from an unknown substance. XXXprovided the alias of XXX XX/XX/XXXXXXXstated she has dealt with Boston DCU and there is a restricted report in Mark 43 for a similar named individual [different DOB] with an address of where XXXhas history. FIO for intel. Doolan (D435D)"
FC24001810,2024-04-27 18:24:00,SUMNER ST,EAST BOSTON,2128,Stopped,Reasonable Suspicion ,Body Worn Camera,,Male,White,Hispanic Origin,45.0,Medium,Light,1,"Saturday 04/27/2024 Officer assigned to GT55F on sited an unknown male party who appeared to be under the influence of narcotics in Maverick Square harassing passerby's. Officer exited marked cruiser to inquire with an unknown female what the male party was saying to her. She stated she couldn't hear because her headphones were in. A vehicle then stopped and a female front seat passenger pointed to the same male party stating that, ""he just was holding a knife in his hand."" Officer immediately approached and conducted a pat frisk of said male removing a metal pipe from his waistline. Officer detained male later identified as XX/XX/XXXXplacing him in handcuffs. Additionally an orange box cutter was removed from pants pocket of XXX No victims of a crime approached or called 911. CJIS check conducted revealing negative for warrants, party was released. XXXhas 86 adult arraignments on BOP to include A&B DW ""metal pipe"", Kidnapping, Indecent A&B, Armed robbery, Threats to murder, B&E's and various 94C charges"
FC24001814,2024-04-28 17:03:00,,ROXBURY,2118,Stopped,Probable Cause,Body Worn Camera,,Male,White,Hispanic Origin,36.0,Medium,Medium Brown,0,Officers conducted a suspect stop on a known individual who was trespassing on the Hilton Hotel property (at XXXMass AVE). Officers observed the individual standing with several different groups of addicts throughout the day. During the interaction the suspect remained conformation the whole time with officers. The suspect was ID as XXXis a known drug dealer and has been stopped officers for a robbery in the past. CJIS inquiry revealed XXX had no outstanding warrants at this time. XXX currently has (4) open case one being for Distribution of Class A out of Suffolk Superior Court. XXX was FIOed and released from the scene. D203F (Crowley & Mallers)
FC24001886,2024-05-02 11:00:00,MORSE ST,DORCHESTER,2121,Stopped,Probable Cause,Body Worn Camera,,Male,Black,Hispanic Origin,41.0,Thin,Medium,0,"Officer D. Kennedy (H64XXXD), while on Code 19 at Washington St and Erie St (P240216572), observed a male identified as XXX to be in the rear of XXX Morse St (P24021658XXX). XXXsaid he was homeless and did not live in the building. XXXhad a clear plastic bag with needles inside. Due to the community complaints of unwanted guests on the property, XXXwas verbally trespassed and escorted off the property. Warrants checked to no avail. BWC was activated. It should be noted that XXXcleaned the area and was respectful and complied."
FC24001920,2024-05-04 18:03:00,,DORCHESTER,2125,Stopped,Reasonable Suspicion ,,Passenger Car/ Automobile,Male,White,Not of Hispanic Origin,64.0,Medium,Light,1,"About 1803 hours on May 4th, 2024, Sgt. Det. DeVito stopped a gray Toyota Camry XXXin the area of Brook Ave/W Cottage St to conduct a drug investigation. Prior to the stop Sgt. Det. DeVito was parked on Blue Hill Avenue near Woodbine Street minutes and observed this vehicle driving in circles around the area. During one of his loops the driver, later identified as the owner, XXX (DOB: XX/XX/XXXXstopped and had a brief conversation with a tall, thin black male wearing a tan jacket and ripped jeans who had been walking back and forth in the area. The male leaned into the car and had a brief exchange with the driver, before he drove away and began circling the area again, failing to signal for turns and beeping his horn frequently. When the vehicle was stopped Sgt. Det. DeVito observed a needle in the middle console and pieces of cooper wire around the car. Officer G. Joseph assisted. XXXwas searched for drugs, but nothing was located. He said he was looking for a female friend's house but did not remember where it was. He said he used to work with the male he stopped to talk to, but then said he actually knew him from a program they were in together. XXXsaid he had twenty days left on Federal Probation for a bank robbery. He said he recently relapsed and uses cocaine and heroin. He had an unused pipe in his pocket and several blue latex tourniquets in the vehicle as well. FIO completed to document his presence in an area known for drug use and prostitution and his status on Probation. He has a lengthy BOP including prior firearms, home invasion, B&E, drug charges, and robberies."
FC24001952,2024-05-07 14:00:00,GENEVA AVE,DORCHESTER,2122,Stopped,Reasonable Suspicion ,,,Male,Black,Not of Hispanic Origin,16.0,,,1,"While conducting a drug investigation officers did encounterXXX. XXXwas uncooperative with the officer's request. Due to his behavior, a pat frisk was conducted, which yielded negative results. FIO was completed and XXXwas released from the scene."
FC24002020,2024-05-13 01:33:00,GENEVA AVE,BOSTON,2121,Stopped,Encounter,Body Worn Camera,Passenger Car/ Automobile,Male,Black,Not of Hispanic Origin,33.0,Medium,Medium Brown,0,"Officers did conduct a traffic stop of MA Reg; XXXfor vals at XXXGeneva. The operator of the motor vehicle was one XXX. Officers observed there to be small scales and other marijuana paraphernalia inside the vehicle. Officers did conduct a CJIS inquiry which indicated that XXXwas in fact suspended. Due to a HOT CALL, Officers instructed XXXto legally park the vehicle and have another driver who had a valid license come collect MA REG: XXX HK01A (Johnson/Vraibel/Depina)"
FC24002201,2024-05-23 21:29:00,,BOSTON,2110,Stopped,Probable Cause,Body Worn Camera,,Male,White,Not of Hispanic Origin,41.0,Medium,,1,Officers observedXXX walking on Summer Street at Hawley Street. XXXhad a knife visibly tucked into his right pant pocket protruding to the point it was visible to Officers as they drove by. Officers stopped XXXand conducted a pat frisk for additional weapons after a red Milwaukee knife was removed from his pocket. An additional knife was felt in XXXbackpack during a subsequent frisk. XXXwas also in the possession of multiple capped hypodermic needles which were empty and a clean unused crack pipe. XXXwas a self-described heroin and crack cocaine addict and stated he didn't know anyone in the area although he was previously observed on multiple occasions associating with known drugs dealers / users. XXXwas cordial with Officers and released. AK15F (Lukas/McCullough/Ostholhoff)
FC24002302,2024-05-31 13:45:00,DORCHESTER AVE,DORCHESTER,2122,Stopped,Intel,Body Worn Camera,,Male,Black,Not of Hispanic Origin,32.0,Heavy,,0,"SS ofXXX inside town field in relation to an on-going investigation. XXXBOP consists of prior assault to murder, discharging FA, multiple FA offenses. XXXwas wearing a white shirt, gray shorts and white air force one sneakers. XXXwas accompanied by several people who appeared to be suffering from drug/alcohol addiction. XXXwas issued a verbal warning for smoking marijuana in public. FIO'd for intel. HK01D (E. Foley/Keohan)"
FC24002364,2024-06-04 00:45:00,,ROXBURY,2119,Stopped,Reasonable Suspicion ,Body Worn Camera,Suv (sport Utility Vehicle),Male,Black,Not of Hispanic Origin,31.0,Heavy,Medium Brown,1,"12:45 Am T-Stop for suspicion of prostitution at Allerton St/Rusfield St of FL REG XXXWhite Chevy Blazer. Vehicle is a rental. Officers observed the vehicle driving up and down side streets along Massachusetts Ave, circling around the area multiple times. Officers observed people walking up to the car and engaging in conversation with the driver briefly before driving away. Officers aware that this behavior is indicative of prostitution and drug dealing. Officers are aware that this area has high rates of prostitution and drug use. It should be noted that the vehicle was heavily tinted, prohibiting officers from seeing inside of the vehicle. Officers spoke with the driver (XXXl DOB XX/XX/XXXXXXXhas open F/A, open 94C, and attempted murder on his BOP. XXXwas initially argumentative with Officers during the stop. XXXand vehicle were frisked for Officer Safety to no avail. FIO'd for intel and to associate XXXwith the M/V and released. F101A (Fawkes/Belanger)."
FC24002365,2024-06-04 02:00:00,BOSTON ST,DORCHESTER,2125,Stopped,Reasonable Suspicion ,,,Male,Black,,12.0,Thin,,1,"IVPER, 02:00, XXXBoston St. Officers observed 3 males making a hand-to-hand transaction in a parking lot at the intersection of Boston St/Massachusetts Avenue. Male party, XXX(DOB XX/XX/XXXXobserved officers and took off on foot down Boston St. Officers located in the rear of XXXBoston St. When asked why he ran, he stated that the other 2 males were asking him for ""crack"". Officers searched the surrounding area of XXXBoston St to no avail. XXXwas pat frisked yielding negative results. XXXwas given a ride home to XXXXXSt. F101A (Belanger/Fawkes)"
FC24002459,2024-06-09 18:04:00,LEWIS MALL,EAST BOSTON,2128,Stopped,Probable Cause,,,Male,White,Unknown,46.0,,,1,"Officers were monitoring the area of Maverick Square for illegal drug activity. Officers' attention was drawn to a male who was later identified as XXX (DOB: XX/XX/XXXXXXwas observed constantly checking his cell phone, pacing back and forth and appeared to be waiting for someone in the area of Lewis Mall. XXXwas approached two unknown Hispanic males. Officers observed an exchange of small items between the males and XXXXXXwas observed placing this small item into his mouth and immediately walk away from the two Hispanic males towards the Maverick T Station. Concealing drugs in the mouth is a common practice for drug users and drug dealers. Officers maintained constant surveillance on foot of XXXand stopped him inside of the Maverick T Station. Officers observed XXXto manipulate the item in his mouth and was asked to spit out the drugs. XXXhesitated and stated that he did not have drugs. He then made an exaggerated swallowing motion. XXXwas asked if he needed medical attention which refused. A CJIS query yielded negative results for active warrants. XXXwas and released from the scene."
FC24002506,2024-06-14 00:00:00,BRINSLEY ST,DORCHESTER,2121,Stopped,Probable Cause,Body Worn Camera,Passenger Car/ Automobile,Male,Black,Not of Hispanic Origin,25.0,Thin,Dark Brown,0,"T/S for VAL's (failure to use turn signal) of a black 2023 Dodge Charger XXXat XXXBrinsley st Dorchester DriverXXX (DOB: XX/XX/XXXXprior F/A and ABPOXXXwas initially aggravated but quickly became cordial with officers. Stated he always gets pulled over and that ""y'all are bored."" Officers observed many empty marijuana packages in the glove compartment of the vehicle. FIO to associate XXX with the vehicle and document behavior during encounter. HK01A (Zammito/D. Foley)"
FC24002522,2024-06-15 18:10:00,MOUNT VERNON ST,DORCHESTER,2125,Stopped,Reasonable Suspicion ,,Suv (sport Utility Vehicle),Male,Black,Unknown,23.0,,,1,"9TS VALS (SPEEDING/IMPROPER PASSING) AS THE VEHICLE CAME TO A STOP OFFICERS OBSERVED THE MALE OPERATOR (XXX) REACHING BEHIND THE FRONT PASSENGER SEAT OFFICERS OBSERVED A JAR OF MARIJUANA WITH MULTIPLE BAGS COMING OUT OF A SHOPPING BAG BEHIND THE SEAT BUT COULD NOT SEE WHAT OTHER ITEMS WERE IN IT MR. XXXWAS EXTREMELY NERVOUS, LIPS AND HANDS TREMBLING NONSTOP. BASED ON THE ACTIONS OFFICERS REMOVED XXXAND PERFORMED A PAT FRISK TO NO AVAIL. XXXWAS ARGUMENTATIVE THROUGHOUT AND AFTER ABOUT 10 MINS HE CALMED DOWN EXPLAINING HE WAS A MUSLIM AND HAD BEEN FASTING SINCE SUNRISE SO HE WAS IRRITABLE. VERBAL WARNING GIVEN FOR VALS AND OPEN CONTAINER VK10"
FC24002577,2024-06-20 16:04:00,,DORCHESTER,2121,Stopped,Probable Cause,Gang,Passenger Car/ Automobile,Male,White,Not of Hispanic Origin,32.0,Medium,Dark,1,"YVSF Intel - VK23 Observed MA reg: XXXon Bowdoin Street headed toward Washington Street, while the operator looked straight down at his phone, with a young child in the front passenger street. Officers conducted a traffic stop, and found the operator to be Wainwright associateXXX XXXlicense was found to be suspended. Given very recent information regarding Wainwright associates, coupled with XXXuncharacteristic compliance and his history, the vehicle was frisked. Approximately 30 bags of marijuana were located in a satchel on the front passenger floorboard. XXXwho can be quite confrontational, remained calm and respectful during the stop. He was advised he was subject to arrest for both his license status and the marijuana. He was warned against this, and further advised to drive with his focus on the road."
FC24002659,2024-06-26 18:32:00,WALDECK STREET,DORCHESTER,2124,Stopped,Probable Cause,Body Worn Camera,,Male,Black,Hispanic Origin,55.0,Thin,Light,0,"As part of Officer Neely's (VD52's) on-going drug investigation, officers stopped XXX) as he was attempting to enter his suspected home address of XXXWaldeck St. It should be noted that XXXbehavior was cordial during the interaction with the officers on scene. FIO for intel purposes Millane/Kalapinski (HK01F)"
FC24002682,2024-06-28 10:04:00,ALBANY ST,BOSTON,2118,Stopped,Probable Cause,,,Male,Black,Not of Hispanic Origin,42.0,Thin,Medium Brown,1,"Officers placed the suspect XXX under arrest at XXXAlbany St for a warrant. Officers were monitoring XXXin the area for several minutes, observed him walking up and down the steps of XXXAlbany St and smoking a cigarette. Officers approached XXXwho still had the cigarette in his mouth and attempted to place him under arrest. XXXtensed up and attempted to pull away but was ultimately placed in handcuffs with the assistance of the D207D Officer Henriquez and Jenner. XXXstated he swallowed drugs, which is a tactic he often uses when he his placed under arrest. Officers were monitoring him and never saw him swallow any drugs. When officers informed him they were watching him and never saw him swallow anything, XXXbecame very animated and upset. XXXbegan to call officers bitches, pussies and faggots and stated, ""I am going to do this every fucking time it is my word against yours."" Referring to lying about swallowing drugs. XXXwas transported to Nashua St Jail, where he was checked out by EMS. Due to the statements he made EMS transported XXXto the Hospital. It is to be noted on 6/14/24, Officer placed XXXunder arrest where he made the same statements (Reference #242048572 ). DK01D Linnane/Mathewson"
FC24002824,2024-07-09 09:48:00,,BOSTON,2118,Stopped,Probable Cause,Body Worn Camera,Passenger Car/ Automobile,Female,Black,Hispanic Origin,33.0,,,0,"On today's date, officers were conducting a CD19 in the area of XXXAlbany Street when officers observed a red color sedan pull up in front of the building roll down its window and began engaging with known drug users. Officers observed the vehicle in question quickly pull off and drove in bound Albany Street. When the vehicle passed the officers' position, and they could see that the vehicles windows were extremely tinted. Officers conducted a CJIS inquiry on the vehicle and it revealed that the vehicles inspection has been expired since 06/15/2021. The vehicle also had 52 MA Recent Inquiries. Officers then located the vehicle traveling inbound on Massachusetts Ave. Officers proceeded to conduct a traffic stop on the vehicle at the intersection of Harrison Ave and E Springfield Street. Officers made contact with driver (XXX. Officers informed XXXfor the reason for the stop. During the interaction XXXwas extremely nervous during the traffic stop. Officers did not see any narcotics or drug paraphernalia in plain view. Officers issued a verbal warning and FIOE the vehicle in the area. XXXhas 56 adult arraignments in Massachusetts which varied from 94c Violations, shoplifting, A&B DW and Armed Robbery. XXXis currently on Probation for a 94c Violation out of Rhode Island. D205D"
FC24002864,2024-07-11 18:00:00,,DORCHESTER,2124,Stopped,Reasonable Suspicion ,Drugs,,Male,Black,,44.0,Muscular,Dark,1,"About 6:00pm members of the B3 Drug Control Unit were conducting a drug investigation in the area of Callender St and Lyford St (address omitted due to ongoing investigation). Officers observed a male, later identified as XXX (DOB XX/XX/XXXXenter and exit the omitted address in less than five minutes. Based on information received from community complaints and prior interactions from individuals at the omitted address resulting in the recovery of drugs, XXXwas stopped in the area of Woodrow Ave and Boyden St. Pat frisk conducted which revealed paraphernalia of drug activity. XXXreleased and FIO completed. Investigation ongoing."
FC24002890,2024-07-13 22:40:00,HARRISON AVE,ROXBURY,2118,Stopped,Reasonable Suspicion ,Body Worn Camera,,Male,Black,Not of Hispanic Origin,43.0,Muscular,Brown,0,"Officers responded to a radio call for a person with a knife, once on scene witnesses pointed out the suspect identified asXXX (DOB XX/XX/XXXXwalking down Harrison Ave toward Mass Ave. Officers stopped XXXwho was holding one of his shoes in his right hand. Officers asked about the knife to which he declined ever having a knife. Assisting officers in the area were able to locate a metal pipe, a witness informed officers that the suspect was walking through the park holding the pole against the fence scaring the kids in the park. XXXwas acting very erratically and appeared to be under the influence of an unknown substance. The suspect was released. D205F (Robinson/Mallers)"
FC24002907,2024-07-16 17:45:00,ROXBURY ST,ROXBURY,2119,Stopped,Probable Cause,Body Worn Camera,,Male,Black,Not of Hispanic Origin,31.0,,,1,"While on a Code 19 at Roxbury St and Washington St officers observed a male later identified as XXXhuddled in the doorway of Kaba African Market. XXXwas observed holding a glassine baggy, after manipulating the baggy he tied the loose end around his finger before putting the bag back into his front left pocket. Officers believed they had seen a white substance inside the bag. XXXthen walked around the corner, came back, and began smoking marijuana in front of the officer's marked cruiser. Officers inquired as to what was in his front left pocket believing it to be narcotics. Officers removed the glassine baggy revealing a baseball sized bag of marijuana. The white portion of the bag was the knot on the oversized glassine bag. Officers advised XXXnot to consume marijuana in public. FIOE to document interaction. Recorded on BWC. B201F"
FC24002908,2024-07-16 18:06:00,,BOSTON,2121,Stopped,Probable Cause,Body Worn Camera,Passenger Car/ Automobile,Male,Black,,20.0,Thin,Light Brown,1,"T/S for VALS (89/4) of Maryland REG XXXat XXXGeneva Ave. Driver identified as XXXXXXBlock Associate, Open F/A and 94C charges) On todays date XXXwas wearing a white beater, dark gray sweatpants, and black slides. XXXno longer has braids and has long curly hair that was tied back. XXXwas observed to be visibly shaking and Officers observed a large bulge in the area of his right hip. XXXwas also unnaturally hunched and leaned forward although the seat was fully reclined. Frisk of XXXperson yielded negative results. XXXoffered Officers his consent to the search the vehicle which also yielded negative results. XXXwas cordial and talkative for the duration of the encounter. XXXprovided Officers with a copy of the rental agreement for the aforementioned vehicle. Furthermore, XXXstated ""If I had anything I'd kick the slides off and run"". Written warning for VALS issued. FIO to associate XXXto rental vehicle and document his demeanor. H102F (Clark/Garvey)"
FC24002928,2024-07-17 19:32:00,,DORCHESTER,2121,Stopped,Reasonable Suspicion ,Drugs,,Male,White,Not of Hispanic Origin,49.0,Thin,Light Brown,1,Officers conducted a traffic stop on a stolen moped resulting in the arrest of XXXXX/XX/XXXXfor trafficking cocaine at Washington Street and Norwell St. Officers have observed numerous times at Washington Street and Fenelon Street.
FC24002930,2024-07-18 00:37:00,,ROXBURY,2118,Stopped,Probable Cause,"Body Worn Camera, Drugs",Passenger Car/ Automobile,Male,Black,Not of Hispanic Origin,19.0,Thin,Dark Brown,1,"12:37 AM T-Stop MD REG XXXSilver Nissan Sentra. Cjis inquiry revealed the vehicle to be stolen. Officers placedXXXunder arrest. Officers also located 6 PB's Marijuana, Digital scale, and 5 Iphone's. XXXwas charged with PWI Class D and Receiving Stolen M/V. XXXhas been FIO'd in the past with XXX associates. F102A (Fawkes/Belanger)"
FC24003005,2024-07-23 17:07:00,,ROXBURY,2119,Stopped,Reasonable Suspicion ,"Body Worn Camera, Gang",,Male,Black,Hispanic Origin,19.0,Thin,Light Brown,1,"Officers while assigned to the NEST initiative observed XXX (Active XXX, open F/A) in the area of Kemble St and Reading St. Officers observed a large crowd gathered around XXXand multiple individuals briefly make contact with XXXbefore walking away. Officers observed XXXto be in possession of thousands of dollars in US currency but did not locate any drug paraphernalia. FIO'd and released."
FC24003047,2024-07-24 17:00:00,MASSACHUSETTS AVE & MELNEA CASS BLVD,BOSTON,2119,Stopped,Reasonable Suspicion ,"Body Worn Camera, Homeless, Encampment Response",,Male,White,Not of Hispanic Origin,51.0,Medium,Medium,1,Officers stopped XXX who was in possession of drug paraphernalia. Officers stopped and ran XXXon CJIS yielding negative results for outstanding warrants. XXXrefused all services.
FC24003080,2024-07-26 00:00:00,FOLLEN ST,BOSTON,2116,Stopped,Reasonable Suspicion ,Body Worn Camera,,Male,White,Not of Hispanic Origin,38.0,Thin,,1,"Officers received a radio call for a male attempting to break into a shed in the alley behind XXXFollen Street Officers stoppedXXX(prior 94c, B/Es, ADW) who matched the exact description given by the 9-1-1 caller. No damages or signs of forced entry to the shed. Officers observed XXXto be surrounded by drug paraphenlia. Officers escorted XXXto Mass Ave T station without incident"
FC24003081,2024-07-26 17:52:00,TIBBETT'S TOWN WAY,CHARLESTOWN,2129,Stopped,Probable Cause,"Homeless, Body Worn Camera",,Male,White,Not of Hispanic Origin,29.0,Thin,,1,"About 5:50pm on 07/26/24, Officers responded to XXX Tibbetts Town Way, CharlestownXXX(DOB XX/XX/XXXXwas arrested for domestic related charges and vandalism. Officers are aware of a recent armed robbery at the A-1 Convenience at XXXMain Street which has been a common target in the past, and have seen him frequent in front of the store and in front of the 7 Eleven at Thompson Sq. XXXhas been convicted of Armed Robbery while masked and his mother stated that he has been hanging out with anyone in Charlestown who has drugs. XXXalso stated to officers that he has no money to his name. A101F (Marchand/Herron)"
FC24003091,2024-07-27 11:00:00,,BOSTON,2116,Stopped,Encounter,"Body Worn Camera, Drugs",,Male,White,Not of Hispanic Origin,41.0,Thin,Medium,0,"Officers received a radio call for a white or Hispanic male wearing black tee shirt and white sweatpants using drugs in the rear of XXXColumbus Ave. Officers stopped a male exiting Private Alley XXXwearing a black tee shirt, white sweat pants and red Nike sneakers with white laces. The suspect identified himself as XXX XX/XX/XXXXA CJIS Query revealed no active warrants and he was released and advised to stay out of the area. D617D(Lerro) / D421D(Crowley)"
FC24003101,2024-07-28 02:15:00,MAGAZINE ST,BOSTON,2119,Stopped,Probable Cause,Body Worn Camera,Suv (sport Utility Vehicle),Male,Black,Not of Hispanic Origin,30.0,Medium,Medium,0,"2:15 AM T-Stop of MA REG XXXGray Ford Escape at XXXMagazine St, Roxbury for VALS (Headlight Out). OP/Owner identified as XXX (Prior F/As and Multiple 94C). Officers observed the vehicle driving down Allerton St toward Magazine St (High Drug Use Area). XXXwas unable to provide a hard copy of his registration. Officers observed Marijuana residue scattered throughout the front passenger floor area of the vehicle. XXXwas calm and cordial throughout the duration of the stop. Verbal Warning Issued. FIOd to associate with the area. F101A (Fawkes/Walsh)"
FC24003171,2024-08-02 08:30:00,TREMONT ST,BOSTON,2111,Stopped,Probable Cause,Body Worn Camera,,Male,White,Hispanic Origin,35.0,,,0,"On 8/2/24 @ 8:30 AM, Officers stopped XXX(DOB XX/XX/XXXXfor violating city ordinances (smoking marijuana) at the Brewer Fountain. XXXis on probation for domestic strangulation and indecent assault crimes out of Orange County, FL until 2026. He is supervised out of Brockton District. XXXhas multiple property, public order, and indecent assault convictions out of Dudley District. XXXstated he comes to the Brewer Fountain to ""smoke and hang with his people."" FIOE'd to associate XXX"
FC24003263,2024-08-09 20:30:00,HARRISON AVE,BOSTON,2118,Stopped,Reasonable Suspicion ,"Body Worn Camera, Drugs",,Male,White,Not of Hispanic Origin,40.0,,,0,"Investigate premise at XXXHarrison Ave, Boston APT XXX Officers' were advised to check the apartment XXXdue to it being occupied by homeless individuals using drugs. Upon entering the unit, Officers encountered XXX. XXXwas cooperative and a CJIS query revealed no active warrants. XXXwas told to vacate the unit and secure the door upon leaving. Hamilton/Viruez"
FC24003344,2024-08-16 20:21:00,,BOSTON,2121,Stopped,Reasonable Suspicion ,,,Male,White,Not of Hispanic Origin,39.0,Medium,,1,"About 8:21pm on 8/16/24, Members of the B3 DCU were conducting an investigation due to numerous complaints of drug activity at Erie St and Ellington Street. Officers observedXXXinteract with a group. Officers conducted a threshold inquiry withXXX. Due to Officers position, Officers were unable to confirm if a hand-to-hand transaction had occurred. A search resulted in negative findings. FIO and released."
FC24003387,2024-08-19 14:00:00,FENELON ST & WASHINGTON ST,BOSTON,2121,Stopped,Probable Cause,,,Male,Black,Not of Hispanic Origin,80.0,Unknown,,1,Subject stop of XXX for trespassing in the area of Washington/Fenelon Streets. XXXalso matched the description of a community complaint related to drug dealing and has been involved in a prior BPD drug investigation. No drugs were located on XXXperson on this date. He was advised against trespassing and drinking alcohol in public and released. Adams/Harrington
FC24003398,2024-08-20 22:27:00,WALFORD WAY,CHARLESTOWN,2129,Stopped,Reasonable Suspicion ,"Body Worn Camera, Drugs",Passenger Car/ Automobile,Male,White,,22.0,,,1,"About 10:27pm, on 08/20/24, Officers were on patrol and observed two males conduct what appeared to be a hand-to-hand drug transaction in front of XXXWalford Way. Officers observed a younger Black male wearing a black hooded sweatshirt and black pants then stuff his hands in his pockets and walk inside of XXXWalford. Officers observed the other male get in the driver's seat of a 2011 red Toyota Prius (MA REG# XXXthat was parked, obstructing traffic in the middle of the street. Upon seeing officers in their cruiser, the vehicle then proceeded to pull to Walford Way & Monument St. and park in a ""No Parking"" area. Officers then initiated a stop on the vehicle. Upon approaching the vehicle, officers observed 4 large boxes of marijuana/THC products, along with various tobacco products. Driver was identified as XXXDOB XX/XX/XXXXno criminal history. XXXstated that he was not from the area and that he was just visiting a friend, as he displayed visibly nervous behavior and shakiness. Officers stated that they were conducting a drug investigation and issued an exit order, to which XXXwas cordial and compliant. After a short investigation, Officers confirmed the vehicle to contain various store packaged marijuana products, vapes, and tobacco products. Officers advised XXXthat it is illegal to sell these products. XXXstated that his aunt owns a Hookah shop on Washington Street in Dorchester. Officers advised XXXof various incidents occurring in the area such as armed robberies and firearm violence that officers know to frequently involve the sale of drugs, as well as B&E's to motor vehicles in which high value items in plain view are often stolen. FIO'ed and released. Verbal warning issued for VALs. (Marchand/Hiltunen)"
FC24003445,2024-08-23 11:15:00,NEW CHARDON ST,BOSTON,2114,Stopped,Reasonable Suspicion ,"Drugs, Body Worn Camera",,Male,Black,Not of Hispanic Origin,44.0,Medium,Medium Brown,1,"About 11:15 AM on Friday, 08/23/2024, the A-1 day tour bike squad observed a large group of known drug users in the rear of Boston Municipal Court. Officers stopped and spoke with the group who had several syringes and crack pipes strewn throughout the immediate area. Officers attention was drawn to XXX who was seated with approximately $50 unorganized and crumpled in his hands. XXXhas an extensive criminal history including trafficking, poss with intent, and possession charges and is also on probation for possession to distribute class B. XXXdenied having drugs on his person and consented to a search. XXXwas searched to no avail. FIO'd for intel purposes."
FC24003482,2024-08-26 17:30:00,,BOSTON,2119,Stopped,Reasonable Suspicion ,,Passenger Car/ Automobile,Male,White,Hispanic Origin,48.0,,,0,"Officers, while on a Code 19 fixed post at XXXMass Ave (Sunoco), were approached by a female who wished to remain anonymous. She stated she was being followed and repeatedly propositioned by an unknown male, operating MA XXXa gray Honda Civic. The victim showed Officers a picture of the vehicle that she captured on her cell phone. She stated the male asked her ""Wanna go for a ride? I have crack"". She stated she refused but the suspect continued to follow her, at which time she approached the Officers. Officers conducted a traffic stop of the suspect vehicle at the corner of Pierson and Allerton Streets. It should be known that Pierson St and other side streets in the area off of Mass Ave are known to be frequented by sex workers and individuals suffering from substance use disorder. The suspect XXXdenied any attempts to proposition the victim. He could not offer a legitimate reason for being in the area. Officers advised him to leave the area and not return. FIO'd for Officer awareness F202F (McCarthy/Sullivan)"
FC24003622,2024-09-05 16:20:00,BROOKWAY RD,ROSLINDALE,2131,Stopped,Reasonable Suspicion ,,Passenger Car/ Automobile,Male,Black,Not of Hispanic Origin,25.0,Thin,,0,"On Thursday, 09/05/2024 at approximately 4:XXXPM, Officers Barbosa (Z433), Iverson (Z434), and Awad (Z429) of the Boston Housing Police were conducting a Code 19 in the Archdale development, in Roslindale, when their attention were drawn to MA REG XXXstopped in a ""no parking zone"" in front of XXXBrookway Rd with a singular male in the driver seat. A CJIS inquiry of MA REG XXXcame back ACTIVE, registered to a XXX, DOB XX/XX/XXXXout of XXXBrookway Rd XXXOfficers approached the vehicle and noticed the driver was in fact XXX and now, there was an unknown male sitting in the passenger seat. The passenger left and said he was going to come back out. Officers advised XXXto relocate his vehicle and also to refrain from smoking marijuana as he operates the vehicle; XXXcomplied and left the area. XXXmentioned, ""yo there was mad kids here the other night with guns, I heard they weren't even from over here."" Referring to the arrest of 1 male and 2 juveniles with 3 firearms recovered (I242075093). Approximately 15 minutes later, Officers observed XXXvehicle, parked in the area of XXXBrookway Ter, with XXXstanding across the street smoking."
FC24003643,2024-09-06 22:50:00,UNION PARK,BOSTON,2118,Stopped,Reasonable Suspicion ,Body Worn Camera,,Male,White,,23.0,,,0,"Officers responded to a radio call for, Investigate Person Suspicious Person, in the area of XXXUnion Park, Boston. The caller stated a male was trying car handles in the area. Officers stopped a male matching the suspect description, identified asXXX. XXXstated that he is a drug user and was just walking through the area. A CJIS inquiry revealed no active warrants. XXXhas 34 adult arraignments, for charges such as, larceny, shoplifting, vandalism and assault. FIOE for intel. D103F (J. McDonough/Margotto)"
FC24003723,2024-09-13 09:30:00,,BOSTON,2118,Stopped,Probable Cause,"Drugs, Body Worn Camera",,Male,White,Not of Hispanic Origin,38.0,Medium,,0,"While on a code 19 in the area of Massachusetts Avenue/Harrison Avenue/Albany Street, Officers observed a male, later identified asXXX, to be smoking out of a crack pipe. XXXhas a lengthy bop consisting of 94C and B/E crimes. CJIS inquiry revealed no active warrants. Officers advised XXXto not smoke crack on the public sidewalk to which he understood D205D (Lonergan/Milliken)"
FC24003731,2024-09-14 01:15:00,,BOSTON,2118,Stopped,Probable Cause,"Body Worn Camera, Homeless, Drugs",,Male,White,Not of Hispanic Origin,38.0,Medium,,0,Officer conducted a s/s on a white male who was actively using narcotics and trespassing on someone's doorway. Male was ID as XXX XX/XX/XXXXCJIS inquiry revealed that XXXhad no outstanding warrants and was issued a verbal warning. XXXhas an extensive history of Larcenies and B&Es. BWC activated to document XXXclothing and place him in the area. D441A (Crowley)
FC24003802,2024-09-19 00:15:00,MILK ST,BOSTON,2109,Stopped,Probable Cause,Body Worn Camera,,Male,Black,Not of Hispanic Origin,36.0,Heavy,,1,"Officers responded to a radio call for a Pknife at XXXMilk Street, Boston. Channel 2 dispatch notified responding officers a 3rd party security company monitoring cameras observed a black male wearing all black waving a knife around. On arrival officers stopped XXXDOB: XX/XX/XXXXand recovered a red knife from his persons. It was apparent XXXwas under the influence of drugs/narcotics. XXXstated he had just smoked cracked and currently on Fentanyl. Two witnesses were on scene who stated they did not observe XXXwith the knife as he was traveling down Milk Street. XXXdenied EMS."
FC24003801,2024-09-19 02:30:00,MASSACHUSETTS AVE,ROXBURY,2118,Stopped,Probable Cause,,Passenger Car/ Automobile,Male,Black,,36.0,,,1,"TS Mass Ave / Pierson GA Reg XXXGray Ford Fusion Officers assisted MSP on a Traffic stop. OP. XXX Officers observed several homeless individuals going in and out of the vehicle which was parked on the side of the road. As officers approached the vehicle, a crack pipe was visible in the middle cup holder. All parties were removed from the vehicle. Search conducted on vehicle resulted in no other findings. It should be noted the same vehicle was involved with a drug investigation out of B-3 06/28/24. (I242053190) F102A (Belanger/Fawkes)"
FC24003851,2024-09-22 22:06:00,CENTRAL SQ,EAST BOSTON,2128,Stopped,Intel,Body Worn Camera,,Female,White,Not of Hispanic Origin,36.0,Thin,,0,"At around 10:06 PM, Officers Sanchez and Delvillar were in XXXentral Square, near Walgreens. They observed a female suspect, XXX who is white and wearing a red hoodie and black leggings. She is approximately 5'5"" tall with straight black hair. She was carrying a faded white Target bag and talking to a male wearing a burgundy hoodie, black jeans, and a backpack who was about 5'11"" to 6' tall. The male told XXX""You go inside, and I'll wait for you out here,"" as she entered the store. While the officers were inside making a purchase, store clerks informed them that XXXhad placed items in her bag. The officers confronted XXXas she attempted to leave the store. Initially, she denied having taken anything. After repeated requests from the officers, XXXreturned the merchandise, which included men's care products worth approximately $50 to $60. During the investigation, she removed the merchandise from her bag. The officers also found needles in her bag, although she denied possessing narcotics. The officers warned XXXnot to return, stating that she would be subject to a summons or arrest if she did. Using CJIS, the officers discovered XXXcriminal history, which includes assault charges involving dangerous weapons, knives, and hypodermic needles, as well as assault on a police officer. She also has a previous charge for a Class B offense dating back to 2022. More recently, in the summer of 2024, she was charged with assault and battery with a dangerous weapon and shoplifting, and both cases are currently open. FIO for intel G101F/Sanchez and Del villar"
FC24003861,2024-09-24 16:45:00,,BOSTON,2119,Stopped,Probable Cause,Body Worn Camera,,Male,White,Not of Hispanic Origin,72.0,Medium,,1,"Officers where in the area monitoring the large groups of homeless and addicts in the area when they observed sitting in a ""No Trespassing"" area. While monitoring the male the officers observed several people coming and going from his location. Upon further observation the officers observed several people handing items back and forth to each other. At this time the officers exited their cruiser to conduct a threshold inquiry on the male. Due to the location, the groups behavior and the officer's training / experience they believed that the male was conducting a street level transaction. When the group was alerted to the officer's presence, they quickly grabbed their belongings and exited the area. The male was ID as XXX of Boston. Officers proceeded to search XXXpockets where they observed him putting things into. During the search no narcotics were located but XXXhad several items consistent with drug paraphernalia. Officers proceeded to issue XXXa verbal warning for trespassing and advised him to leave the area. XXXhad 59 on the BOP including Stalking, A&Bs and Larcenies D203F (Crowley & McDonough)"
FC24003884,2024-09-25 20:18:00,BOYLSTON ST,BOSTON,2116,Stopped,Intel,Body Worn Camera,,Male,White,Not of Hispanic Origin,39.0,Thin,Light,0,"About 8:21 pm on Wednesday 09/25/24, Officers responded to a r/c for a larceny in progress at XXXBoylston St. Officers observed the suspect (XXX) take various Lysol products passed all points of sale where he was subsequently stopped. Mr. XXXstated that he meets his dealer that he identified as, XXXat various locations on Mass Ave where he exchanges goods for drugs. Mr. XXXprovided a phone number for, XXXXXX. D201F (Moore/Gambon)"
FC24003906,2024-09-27 14:22:00,WASHINGTON ST,BOSTON,2118,Stopped,Probable Cause,Body Worn Camera,,Male,Black,,32.0,Medium,Dark Brown,0,"About 2:22 pm on Friday 09/27/24, Officers responded to a radio call at XXXWashington St for a group of people playing loud music and smoking marijuana at Peter's Park. Officers spoke to XXXand XXXstaff who stated this group of people (approximately 15) hanging out has been an ongoing issue. Officers observed one male (later identified asXXX) attempting to light a blunt. Officers subsequently asked the group to move along multiple times to which they refused. Officers then requested the suspect identify himself as he was smoking marijuana in a public park to which he refused. Officers explained that numerous children were playing in the park and this behavior would not be tolerated. Officers subsequently detained the suspect and requested an additional D4 unit to assist. Officers identified the suspect and instructed him to leave the area to which he obliged. It should be noted that numerous members of the community and patrons of XXXXXXwere upset with Officers for, ""Bothering,"" this group."
FC24004035,2024-10-06 17:00:00,EVERETT ST,EAST BOSTON,2128,Stopped,Reasonable Suspicion ,"Body Worn Camera, Homeless",,Male,White,Hispanic Origin,35.0,,,1,"Officers stopped XXXsleeping behind a home at XXXEverett Street in the Jeffries Point section of East Boston. Offices observed numerous partially full containers of alcohol scattered around him. Officers located a crack pipe in XXXs bag. It should be noted that XXXwas previously FIOE'd in 2022 as a possible suspect in several indecent A&B's (see FIOE #FC22001132) and was also previously FIOEd in 2022 while loitering in a playground and possibly watching the children (see FIOE #FC22002633). XXXwas arrested for trespassing inside of an abandoned property in January 2024 (see #I242003975). All of these incidents occurred in the Jeffries Point area. XXXwas negative for warrants per CJIS. Officers confiscated the alcohol and disposed of the crack pipe. Officers informed XXXthat he would be arrested if he was found sleeping behind XXXEverett Street again. FIOE to associate XXXwith quality of life issues and suspicious activity in the Jeffries Point area. -G201F (Byrnes, P./Hanton)"
FC24004058,2024-10-08 17:30:00,SUMMER ST,BOSTON,2110,Stopped,Probable Cause,"Body Worn Camera, Homeless",,Male,White,,37.0,Thin,,0,"On Tuesday 10/08/24 at approximately 5:38pm Officers observed a group of individuals blocking the door to the 7-Eleven next to XXXArch Street. Officers observed the subject, XXX XX/XX/XXXXwith a clear glass cylinder known to officers as a “crack pipe” in his hand. Officers also observed XXXlooked similar to the suspects in the shoplifting incidents at Target, XXXCambridge Street, and CVS, XXXStuart Street. XXXis described as a white male approximately 5’7-5’9 and 160-180lbs. He is balding with short hair and has a short beard that is dark blonde with gray coloring. He wore a gray colored zip-up sweatshirt with a yellow colored hooded sweatshirt underneath and had a black colored surgical facemask on. XXXalso wore gray colored sweatpants, all black colored sneakers and had a purple colored hiking style backpack with him. XXXhas a significant scar on the left side of his face that went across his cheek from his eye to his lip area. XXXstated it was from a machete incident several years ago. A photograph of XXXwas attached to the incident report. BWC activated (P240511038). Wyszynski/Kania (A103F)"
FC24004103,2024-10-11 14:00:00,TREMONT ST,BOSTON,2108,Stopped,Probable Cause,Body Worn Camera,,Male,Black,Not of Hispanic Origin,29.0,Thin,Medium Brown,0,Officers observed an unknown male sitting at the Brewer Fountain inside the Boston Common and were made aware that he had recently made a hand-to-hand drug transaction. Officers approached the male (later identified as XXX) and observed that he had was smoking inside the Common. Officers warned XXXof the city ordinance of no smoking inside the park. Officers were able to positively ID XXXthrough a CJIS inquiry. XXXwas cordial with officers. FIO for intel purposes
FC24004140,2024-10-16 01:30:00,,DORCHESTER,2125,Stopped,Probable Cause,Body Worn Camera,Suv (sport Utility Vehicle),Male,Black,,32.0,Thin,Light Brown,0,"1:30 AM T-Stop for VALS (Excessive Tint) of MA REG XXXTan Chevy Equinox at Columbia Rd/ Mass Ave. Officer observed the vehicle and OP XXX (Multiple 94C and F/A) earlier in the night circling the side streets along Mass Ave, stopping and conversing with multiple different groups in the area. Officer has stopped the vehicle and XXXin the past after acting in the same manner to which XXXstated that he was looking for his girlfriend. XXXand his vehicle are seen in the immediate area almost every night. Officer conducted the stop for window tint and did not make any further observations within the vehicle. Verbal warning issued. FIOE'd for intel. F431A (Fawkes)"
FC24004182,2024-10-18 13:04:00,,DORCHESTER,2124,Stopped,Reasonable Suspicion ,Drugs,,Male,Black,Hispanic Origin,28.0,Medium,,1,"While in the area of Park St and Washington St Dorchester, Detective Dodd along with Special Agent Henning assigned to the FBI Metro Boston Gang Task Force observed an apparent street level drug transaction take place inside the parking lot of CVS (XXXWashington St, Dorchester). A Ford Explorer (MA XXXoccupied by two individuals backed into a parking spot of the CVS parking lot. A white BMW (MA XXXthen backed into a parking spot directly to the right of the Explorer. The operator of the Explorer (later identified asXXXexited the drivers side and walked to the passengers side of the white BMW where he got inside the front passengers seat. After roughly two minutes, XXXwas observed exiting the white BMW now carrying a brown paper bag. XXXgot back inside the drivers seat of the Explorer and began traveling on Washington St toward Codman Sq. Det Dodd requested a marked unit to respond and conduct a traffic stop on the Explorer to investigate further. The explorer was subsequently stopped by the H103D PO's Nguyen and Kennedy at Washington St and Fuller St. Det Dodd spoke with XXXwho stated he did in fact purchase a quantity of marijuana from the individual in the white BMW. XXXalso stated he did not have an active license to operate a vehicle. The front seat passenger (identified as XXX informed officers she was approximately 6 months pregnant and XXXwas ""bringing her to the hospital to get checked out"". A search of the vehicle revealed the paper bag XXXwas observed carrying from the white BMW. Inisde the paper bag, Det Dodd noticed a clear plastic bag containing marijuana, consistent in size stated by XXXNo further contraband was recovered from within the vehicle. Both individuals were released from the scene without further incident."
FC24004306,2024-10-30 14:30:00,,DORCHESTER,2124,Stopped,Probable Cause,Gang,Passenger Car/ Automobile,Male,Black,Not of Hispanic Origin,31.0,Medium,,0,"While conducting a Code 19 at XXXSouthern Ave, Officers observed MA: XXX(2024 Buick Envision) pass by and to have excessive window tint. A CJIS query showed the vehicle to be a Hertz rental. Officers conducted a stop of the vehicle and identified the operator as XXX (Corbet/Thetford, prior FA). XXXstated he applied the roll-on tint because he doesn’t like people in his face. Warning issued for window tint and open container marijuana. Adams/Harrington"
FC24004353,2024-11-03 02:30:00,,BOSTON,2127,Stopped,Probable Cause,Body Worn Camera,Passenger Car/ Automobile,Male,Black,Hispanic Origin,19.0,,,0,"About 2:33 AM on Sunday, 11/03/24, Officers Barros and Greaves in the F201A conducted a traffic stop at Old Colony and Preble Street, South Boston. While parked on Preble Street, officers observed a black Acura (MA Reg XXXfail to stop for a stop sign on Old Colony Avenue. Officers activated the lights and siren of their Boston Police cruiser (4222) and conducted a traffic stop. Officers observed the driver/suspect of the vehicle to be XXX to be operating the vehicle. While talking to the suspect, officers smelled a strong odor of what they believe to be marijuana coming from inside of the vehicle. Previous FIOE's shows that the suspect is known to be hanging around active gang members. The suspect has no BOP. Suspect FIOE'd to link to the vehicle."
FC24004382,2024-11-05 17:55:00,,BOSTON,2110,Stopped,Probable Cause,"Body Worn Camera, Drugs",Suv (sport Utility Vehicle),Male,Black,Not of Hispanic Origin,57.0,Muscular,Dark,1,"About 5:55 pm on 11/05/24, Officers investigated a motor vehicle at the intersection of Arch street and Summer street downtown. As Officers were on patrolling they noticed an individual loading a crack pipe in the driver seat on of a brown 2005 Honda Pilot XXX At this time Officers made contact with the occupantXXX. Who was visibly manipulating a crack pipe. Officers issued an exit order and briefly detained XXXin handcuffs. Officers advised XXXthat they were conducting a drug investigation to which he was cooperative. Officers conducted a search of XXXperson and vehicle for addition drug evidence, with negative results. XXXstated he recently relapsed using crack cocaine and was scraping residue from the pipe. XXXstated that he does not buy from anyone specific in the area but anyone he can find that is holding drugs at the time. Officers explained the stop to which XXXunderstood. FIO'ed and released."
FC24004400,2024-11-06 22:50:00,MELNEA CASS BLVD,ROXBURY,2119,Stopped,Probable Cause,,,Male,White,Hispanic Origin,35.0,Medium,Light,0,While patrolling mass and Cass officers observed XXX in an area with multiple no trespassing signs with a full syringe about to shoot up. Officers approached XXXand made him discard the drugs and informed him that the area was private property. A CJIS query revealed negative results. XXXwas released without incident. D205F Robinson/Mallers
FC24004420,2024-11-07 20:55:00,,ROXBURY,2120,Stopped,Reasonable Suspicion ,,Passenger Car/ Automobile,Male,White,Hispanic Origin,27.0,Thin,,1,"On Thursday, 11/07/2024 at approximately 8:55PM, Housing PO stopped MA REG XXXat the intersection of Anunciacion rd and Parker st. The sole occupant was the registered owner,XXX Officers observed this vehicle loitering in the rear lot of XXXAnnunciation rd and conducted a CJIS inquiry that revealed it to be REVO/INSC. Before officers could approach and make contact, the vehicle took off, with no headlights on, out of the lot, around the development and towards Parker st. Officers safely stopped the vehicle and made contact with XXXwho was explained the status of his registration. XXXbegan to randomly scroll through his phone while providing irrelevant information, fidgeting with his hands uncontrollably, pinned his right elbow onto his center console without moving, and once asked if he has any weapons in the vehicle, avoided eye contact with the officer. Officers are aware of the rear lot of XXXAnnunciation rd to be plagued with gang activity, drug activity, as well as firearm activity. Also, there was confirmed shots fired (242094484) nearby XXXAnnunciation the night prior. Due to the location/area, coupled with observations and characteristics shown by XXXhe was removed from the vehicle and frisked for weapons, yielding negative results. The vehicle was also frisked, yielding negative results. XXXwas able to eventually produce proof of his insurance being in the process of being reinstated and was allowed to drive home as he lived nearby. FIO to associate vehicle/XXXto XXXAnnunciation Rd. Z433 (Barbosa) Z426 (Milaiko) Z428 (Resil) Z432 (Burke)"
FC24004428,2024-11-08 01:53:00,,ROXBURY,2119,Stopped,Probable Cause,Body Worn Camera,,Female,Black,Not of Hispanic Origin,32.0,Heavy,,0,"On Friday, November 8th, 2024, at approximately 1:53 Am officers observed a black Volkswagen (NE Registration: XXXfail to stop at the stop sign located at the intersection of Eustis Street and Dearborn Street. Officers immediately activated their emergency lights to initiate a traffic stop; however, the vehicle failed to yield and continued driving. In an attempt to prevent the vehicle from fleeing the scene, Officer Abel strategically positioned their patrol vehicle to block the black Volkswagen at the intersection of Eustis Street and Harrison Avenue. The vehicle was eventually brought to a stop. It is important to note that the black Volkswagen was a rental vehicle, and at the time of the stop, officers were unaware of the driver's identity. Officer Abdi approached the vehicle and requested the driver to produce her driver'sXXX license. It should be noted that officers recognized the driver due to ongoing drug case with XXXwhich is the driver's boyfriend. Despite multiple requests, the driver failed to comply, leading to a prolonged exchange before she finally provided her identification. During the interaction, Officer Abdi observed a noticeable bulge in the driver's bra, which appeared to be contraband. Officer Abdi questioned the driver about the nature of the bulge, to which she initially denied concealing anything. However, the driver was observed attempting to conceal the area further and hide potential contraband or illegal items. Due to the driver's failure to stop for officers, refusal to provide her license and registration, and the suspicious bulge observed, an order for the driver to exit the vehicle was issued. The driver exited the vehicle but appeared to attempt to distract the officers' attention by trying to open the trunk and then returning to the vehicle. At one point, Officer Abel observed the driver reaching into her bra multiple times, as though attempting to conceal something. Officer Abel followed the driver, and it was noted that she appeared to throw something from her bra toward the sewer area. This action raised further suspicion regarding the nature of the item and the driver's intentions. Patrol supervisor arrived on scene. The driver was issued a warning for failing to stop a stop sign. Uniform citation was issued XXX"
FC24004449,2024-11-09 00:50:00,,SOUTH BOSTON,2127,Stopped,Probable Cause,Body Worn Camera,Passenger Car/ Automobile,Male,Black,Hispanic Origin,28.0,,,1,"About 12:50 am on Saturday, 11/09/24, Officers Heredia and Greaves in the F112A conducted a traffic stop at Old Colony and McDonough Way, South Boston. Operator (XXX/ DOB XX/XX/XXXXwas stopped for 89/9 STOP/FAILURE TO YIELD. The Operator was cordial with officers. The Officers observed marijuana in plain view on the Operator's lap. The officers conducted an exit order and searched the vehicle for additional drugs/narcotics, to no avail. The officers also conducted a pat frisk on the Operator, to no avail. No BOP. FIOE conducted for intel purposes. Written warning issued. Body Worn Camera Activated."
FC24004603,2024-11-14 17:01:00,,EAST BOSTON,2128,Stopped,Reasonable Suspicion ,Drugs,,Male,Black,Not of Hispanic Origin,60.0,,,1,"Officers were monitoring the area of Maverick Square for illegal drug activity. Officers' attention was drawn to a vehicle (MA REG XXXwhich circled the same block multiple times and idled in the rear of XXXSumner Street as if he was awaiting someone’s arrival. Eventually the driver, later identified as XXX (DOB: XX/XX/XXXX- multiple 94c charges on BOP) exited his vehicle, entered Lo Presti Park and returned to his vehicle a few moments later. Officers maintained constant surveillance of the vehicle as it now started to leave the area and requested a marked unit to stop the vehicle. XXXwas found to be in possession of a small amount of marijuana in two individual plastic baggies. A CJIS query yielded negative results for active warrants. XXXwas released from the scene."
FC24004559,2024-11-15 00:45:00,WASHINGTON ST,BRIGHTON,2135,Stopped,Reasonable Suspicion ,Body Worn Camera,Suv (sport Utility Vehicle),Male,Black,Not of Hispanic Origin,26.0,,,0,"K498A, K422A, and K414A, responded to XXXWashington Street for a disturbance in which it was reported that 8 males were arguing and possibly about to engage in a fight at the location. It was reported that the males were involved with drug dealing. Officers responded and stopped MA registration XXXoperated by XXXwith three passengers that refused to identify themselves. XXXstated that an argument began in which he or his passengers were not involved in. BOP of XXXrevealed an open count of trafficking class B out of Middlesex Superior. Negative WMS. FIO'd and released. BWC activated. K498A (Giblin)"
FC24004619,2024-11-18 16:00:00,BOYLSTON ST,BOSTON,2108,Stopped,Probable Cause,Drugs,,Male,Black,Not of Hispanic Origin,23.0,,,1,"Officers of the A-1 DCU conducted an inquiry with XXXafter observing him remove an unknown substance from a deodorant stick and distribute it to an unknown party at the Brewer Fountain. Officers approached XXXissued his Miranda Warning, and searched his backpack, recovering no items of evidentiary value."
FC24004632,2024-11-19 19:30:00,CUMMINS HWY,MATTAPAN,2126,Stopped,Intel,Drugs,,Male,Black,Hispanic Origin,52.0,Medium,,1,"About 7:30pm on the above date members of the B3 Drug Control Unit were monitoring a party and motor vehicle related to an ongoing drug investigation (information omitted due to ongoing status). Officers observed XXX (DOB XX/XX/XXXXwho is known to officers from prior drug interactions where drugs were recovered from XXXmeet with the omitted party and after a brief period they separated. These parties met behind the building of XXXCummins Highway, in a dimly light parking area away from parked vehicles. Based on officers training and experience they believed a drug transaction had occurred. XXXwas stopped, pat frisk conducted with negative results and released from the scene."
FC24004709,2024-11-25 18:00:00,ALLSTATE ROAD,DORCHESTER,2125,Stopped,Encounter,,,Male,Black,Hispanic Origin,50.0,Medium,,1,Officers observedXXX engage in a street level drug deal in the MCCormick housing development. Upon being stopped by officers XXXadmitted to selling Marijuana. XXXwas cordial with officers during the encounter.
FC24004824,2024-12-03 18:00:00,TREMONT ST,BOSTON,2111,Stopped,Probable Cause,Body Worn Camera,,Male,White,Not of Hispanic Origin,59.0,Medium,Light,1,"About 6:00pm on 12/03/2024, Officer Jumpp in the A718F and other members assigned to the Community Interaction Team the A700's. While under the supervision of Sgt. King A915. While conducting a code 19 (walk and talk) in the Boston Common/Downtown Crossing area to address the quality of life complaints. Officers noticed XXX in the Boston Common area. XXXwas seen at the bottom of the stairs leading to the MBTA train station, outside of XXXTremont street, and was seen by officers with a glass pipe in his hand. XXXstated to officers that he was smoking K2. Officers conducted a search for more drugs but to no avail. Officers seized the glass pipe and discarded it appropriately. Officers offered resources to XXXand provided him information about the street outreach team."
FC24004853,2024-12-07 13:11:00,,BOSTON,2118,Stopped,Probable Cause,Drugs,,Male,White,Not of Hispanic Origin,50.0,Thin,Light Brown,1,"Under the direction of Sgt. Det. Champagnie, members of the Drug Control Unit, detailed to District B3, were in the area of Tremont St, Boston, MA, conducting a drug investigation. On Saturday December 07, 2024 at about 01:11 PM, Officers did conduct a threshold inquiry with one, XXX (DOB XX/XX/XXXXXXX was observed waiting outside of a location which will be omitted due to an on-going drug investigation. While making observations of XXX, Officers observed XXX knocking on the window and ringing the bell at the target location for over an hour. At the time XXX was observed waiting outside of said location with a large television during the time of these observations. Officers were unaware if the television was possibly stolen. At about 01:00 PM, XXX was finally allowed inside of the target location. Within a few minutes, XXX was observed leaving the target location at a fast pace. Officers maintained surveillance of XXX and requested a marked District 4 unit to assist with a threshold of XXX. XXX was stopped in the area of Tremont St and Aguadilla St. XXX informed the Officers he found the TV outside of a location on Tremont St in the trash and took it to the target location to give to a family member. Officers conducted a pat frisk of XXX for any weapons or drugs. XXX was in possession of a small burnt glass tube commonly used to ingest crack cocaine. XXX did not have any drugs on his persons. Officers conducted a pat frisk of a back pack XXX was in possession of and observed various tools inside of it along with a gold colored chain and gold colored earrings inside of small boxes. Also inside of the backpack Officers observed remnants of what appeared to be crack cocaine. These remnants were too little for the Officers to collect from inside of the back pack. XXX was FIO'ed and released from the scene. This investigation is still on-going."
FC24005000,2024-12-19 15:00:00,DORCHESTER AVE,DORCHESTER,2124,Stopped,Probable Cause,"Drugs, Body Worn Camera",,Female,Black,Not of Hispanic Origin,32.0,Medium,Medium Brown,0,"SS of XXX (DOB XX/XX/XXXXat XXXDorchester Ave. Subject was observed to be smoking marijuana in public & issued a MGL City Ordinance Notice XXX(Warning) Open F/A Charges, Open Distribution Class D FIO for intel purposes H707D (D.Greaves) H701D (J.Taylor) H706 (I.Alves) H708D (G.Polanco) H705D (M.Horan)"
FC24005010,2024-12-19 21:40:00,WILLIAM J DAY BLVD,SOUTH BOSTON,2127,Stopped,Reasonable Suspicion ,"Drugs, Body Worn Camera",Unknown heavy truck,Male,Black,Not of Hispanic Origin,31.0,Muscular,,1,"Officers observed a grey 2022 Kia Seltos (GA REG XXXexiting the Columbia Road rotary without using a turn signal from the inside lane, disrupting the flow of traffic, causing an unsafe environment. Officers conducted a traffic stop on the vehicle (GA REG XXXand identified the driver as XXX. Officers observed in plain view 94C paraphenila, a bag of marijuana, a digital scale, and small plastic bags. Officers conducted an exit order and searched the vehicle. Officers educated XXXon the marijuana laws and released him on his own recognizance. Officers gave XXXa verbal warning for the traffic violation. FIOE completed. F102F Ganss/Burke"
FC24005087,2024-12-28 12:02:00,WINTER ST,BOSTON,2108,Stopped,Encounter,Body Worn Camera,,Male,White,Hispanic Origin,30.0,Thin,,1,"About 12:00pm on Saturday, December 28, 2024, Officer Eaton assigned to the A422D stopped a male subject at XXXWinter Street. It should be noted Officers are routinely assigned to directed patrols in this area due to large number of quality-of-life crimes that occur. As part of directed patrols officers seek to decrease certain quality of life crimes like open air drug distribution, public drinking and drug use. While on foot patrol, Officer Eaton observed a group of unknown male subjects standing in doorway XXXwinter Street. While walking towards the group the Officer observed unknown male subject hand an unknown amount of currency toXXX gave that male subject an item wrapped in plastic. That male subject clinched his fist. Believing this was a street level drug transaction, Officer Eaton approached XXXand the unknown male. XXXwas cordial but the unknown male subject continued to walk away from the Officer while still clinching his fist. Due to being unable to determine what the unknown male subject received. XXXwas FIO'ed for intel and associate him in the area. A CJIS inquiry revealed that XXXhad an open case for Assault with Dangerous weapon, also has possession of class C on his BOP. XXXwas informed that he couldn't block the doorway at the aforementioned location."
FC25000036,2025-01-02 17:19:00,BLUE HILL AVE,MATTAPAN,2126,Stopped,Reasonable Suspicion ," Drugs, Body Worn Camera",,Male,Black,Hispanic Origin,46.0,Stocky,,1,"Officers while in the area for a Disturbance at Mattapan House of Pizza XXXBlue Hill Ave), observed XXX DOB XX/XX/XXXX(prior 94c including Federal Charges on BOP) initially inside Dunkin Donuts XXXBlue Hill Ave). Officers observed XXXinitially to be wearing a black winter coat while inside of Dunkin Donuts. Officers are familiar with XXXfrom previous interactions within the area including XXXFremont St and Mattapan Square. Officers then observed XXXremove the jacket, hang it up within Dunkin Donuts and then exit the store. Due to this behavior, Officers believed that XXXmay have been attempting to distance himself from the jacket and potentially any illegal substances or other objects within. Officers entered the store and asked if anyone within owned the jacket to which one of the employees stated that the owner had just walked in. Officers pat frisked the jacket which yielded negative results. XXXre-entered the store and spoke with Officers and almost immediately stated that he wasn't selling drugs without being asked any questions about his business in Mattapan Square. Officers explained their concerns about the jacket being left to XXXwho was then FIO'd and Released. C426F (Kennedy) / C660F (O'Halloran)"
FC25000047,2025-01-03 18:30:00,,BOSTON,2127,Stopped,Reasonable Suspicion ," Drugs, Body Worn Camera",Passenger Car/ Automobile,Male,Black,Hispanic Origin,41.0,Medium,,1,"XXX stopped in the area of Old Colony / Devine way in regards to 94c invest. Exit order issued due to surveillance observations, observations during the stop, and untruthfulness. Officers have previously arrested XXXfor PWI B. Large amount of USC in multiple denominations located on XXXperson. Officers did not recover any 94c product from XXX XXXmoney was returned and he was FIOE's and released. V822 (Dodd) FK01F (Kelly, Burke)"
FC25000074,2025-01-05 19:30:00,ANNUNCIATION RD,ROXBURY,2120,Stopped,Reasonable Suspicion ,,Passenger Car/ Automobile,Male,Black,Unknown,21.0,,,1,"On Sunday, 01/05/2025 at approximately 7:30PM, Housing POs were patrolling the Alice Taylor development when they observed MA REG XXXidling with the driver being the sole occupant, illegally parked in the Fire Lane in front of XXXAnunciation rd. A CJIS inquiry of XXXrevealed it active, registered to a XXXout of Bridgewater, MA. CJIS displayed XXXto have an expired LTC and 3 registered firearms. Officers made contact with the Operator,XXX, who was immediately visibly nervous and hypervigilant of officers. XXXvoice was cracking and shaky and hands trembling when he provided Officers with his ID. A CJIS inquiry of XXXrevealed ""No Status Found on Record."" Due to his nervous behavior, Officers asked XXXif there are any weapons or anything illegal in the vehicle and he said, ""Why"" in a panic manner. XXXwas removed as he and the vehicle were frisked for weapons, yielding negative results. Officers observed 2 small marijuana bags in the vehicle and a few empty ""designer"" marijuana packaging bags; XXXstated it was for his personal use. XXXstated the car was his friend, ""XXXhowever could not further identify his friend. He stated they rent cars 3rd party, and this vehicle was a rental. At this point arriving on scene was XXXfriend and his friend's family who live at XXXAnnunciation rd. The Friend's dad, who had an active license, parked the vehicle in a parking spot and Officers advised XXXto arrange to have the vehicle picked up by XXXXXXcomplied and went into XXXAnnunciation rd, unknown apartment. FIO to associate subject/vehicle with location. Z433 (Barbosa) Z429 (Awad) Z434 (Iverson)"
FC25000075,2025-01-05 19:55:00,TALBOT AVE,DORCHESTER,2124,Stopped,Reasonable Suspicion , Drugs,,Male,Black,Not of Hispanic Origin,46.0,,,1,"Under the direction of S/D. Champagnie, members of the Drug Control Unit, detailed to District B3, were in the area of Codman Sq, Dorchester, MA, conducting a drug investigation. On Sunday, January 05, 2025, at about 07:45 PM, while in the area mentioned above, Officers did observe an unknown male ingesting drugs in the area. Officers waited till said male left the area to safety conduct a threshold inquiry with said male. Officers were able to safely conduct a threshold inquiry with said male in the area of XXXTalbot Av. Said male was the identified as one, XXX (DOB XX/XX/XXXXXXXdenied ingesting any drugs while in the area of Codman Sq. During a pat down of XXXpersons, Officers were able to locate a broken glass tube and foil (commonly used to ingest crack cocaine) on XXXpersons. Officers did not recover any drugs off of XXXpersons. XXXwas FIO'ed and released from the scene."
FC25000150,2025-01-10 17:00:00,TREMONT ST,BOSTON,2108,Stopped,Probable Cause, Body Worn Camera,,Male,Black,Not of Hispanic Origin,31.0,Thin,Medium Brown,1,"About 5:00pm on Friday, 01/10/25, Officers Ledesma and Hodge in the A714F and A713F respectively observed a person standing in the doorway of an apartment building at XXXTremont Street, Boston. While on patrol in the Community Interaction Team (CIT) Officers frequent areas of the Boston Commons and Downtown Crossing that are known to be plagued with quality of life issues and substance abuse. The Suspect (XXX was seen by Officers lighting some sort of glass pipe. Officers advised the individual that he was trespassing and smoking something out of a glass pipe. He was further told that these activities could not continue. Officers then performed a search for other glass pipes and/or other substances. The Suspect was released and the glass pipe was safely disposed of by Officers. BWC Activated."
FC25000159,2025-01-10 22:30:00,,DORCHESTER,2124,Stopped,Probable Cause, Gang,Passenger Car/ Automobile,Male,Black,Not of Hispanic Origin,20.0,,,1,"T stop of a black 2008 Honda Accord (MAREG# XXXin the area of Franklin Hill Ave and Shandon Rd for speeding and a red light violation. Officers originally observed the vehicle driving in tandem with another Honda CR-V. Vehicles split apart after officers positioned their unmarked cruiser behind the two vehicles, at which point the Honda Accord ran a red light at Blue Hill Ave and Talbot and took a right down Harvard while the second vehicle continued straight on Blue Hill Ave. Officers stopped the Honda Accord in the area of Franklin Hill Ave and Shandon Rd but the vehicle did not stop until the area of American Legion Highway. OP and Registered owner was XXX (DOB: XX/XX/XXXXwho was argumentative throughout the stop and stated he didn't stop right away because he was in ""XXXkept saying he didn't have the ""pipe"" and officers were wasting their time. Exit order issued due to XXXerratic behavior, past interactions, and fear of being in Franklin Hill Area. Vehicle and XXXfrisked with negative results. XXXwas given a verbal warning and released. XXXis aXXX, FIOED for documentation. Coyne/Turner"
FC25000202,2025-01-13 00:00:00,WASHINGTON ST,WEST ROXBURY,2132,Stopped,Encounter, Body Worn Camera,,Male,Black,Hispanic Origin,30.0,Medium,,1,"About 12:00 P.M. on Monday January 13, 2025, Officer Coyne and Taylor were on random patrol in the area of Washington Street, West Roxbury. Officers observed MA REG: XXX2009 Acura run the red light at Washington Street and West Roxbury Parkway. Officers then observed the vehicle pull over at the block of XXXWashington Street, an unknown male came outside and sat in the vehicle for approximately 45 seconds and then exited. MA REG: XXXthen drove past Officers, in the opposite direction. Officers activated their blue lights and administered a traffic stop. The driver of the vehicle was identified as XXX A CJIS inquiry stated that Mr. XXXwas driving on an expired license. Mr. XXXstated he was working with the DMV to have it current but was having financial issues. Officers had Mr. XXXpark the vehicle legally. CJIS also indicated that Mr. XXXhas an extended Criminal History, for Trafficking, Firearms, Armed Robbery. Officers issued an exited order to Mr. XXXto which he complied. Due to the interaction XXXhad with the other subject, which is synonymous with drug dealing activity, Officers conducted a search of the vehicle yielding negative results."
FC25000240,2025-01-16 13:29:00,,ROXBURY,2119,Stopped,Probable Cause, Drugs,,Male,White,Unknown,32.0,Medium,Light,1,"At approximately 1:30 PM members of the BPD Drug Unit/FBI MBGTF were in the area of Harrison Ave and Lennox St where they observed a drug transaction take place. Det Dodd approached one of the participants in this transaction XXX) on Fellows St identifying who he was while displaying his badge. XXXimmediately began walking away while appearing to reach for something in his front waist area. Det Dodd gave commands to show his hands, XXXignored and continued to walk away. To avoid him reaching for a weapon, Det Dodd got close enough to XXXand took him to the ground without incident. It became apparent XXXwas in possession of drug paraphernalia (crack pipe/aluminum/ripped clear plastic bags). XXXwas void of any drugs but admitted he was suffering from an extensive drug addiction. Det Dodd offered several resources for XXXto get help however he stated ""he wasn't ready"". XXXwas released from the scene without further incident."
FC25000239,2025-01-16 17:35:00,BLUE HILL AVE,MATTAPAN,2126,Stopped,Probable Cause," Body Worn Camera, Drugs",,Male,Black,Not of Hispanic Origin,35.0,Medium,Dark,0,"Officers while on directed patrol in the area of Mattapan Square, initially observed a group of individuals congregating in front of Mattapan House of Pizza XXXBlue Hill Ave) that Officers observed one of the individuals to have an open of alcohol in his hand. Officers parked lopped the block and parked on Fairway St. At this point the majority of the group had dispersed except one individual who Officers observed to be smoking marijuana while on the public sidewalk (MGL Ch 94G s13). Officers stopped and spoke with the individual who identified themselves as XXX DOB XX/XX/XXXX(open Armed Robbery and prior F/A and 94c on BOP).XXX was advised of the potential penalties for smoking marijuana in public to which he properly disposed of it.XXX has also been observed congregating in front of the Mattapan House of Pizza on a nightly basis and is usually wearing a gray / black jacket with a Boston Celtics logo on the back. FIO'd for Intel CK02F (Kennedy / R. Adams)"
FC25000271,2025-01-19 00:19:00,,ROXBURY,2118,Stopped,Probable Cause, Body Worn Camera,Suv (sport Utility Vehicle),Male,Black,Not of Hispanic Origin,34.0,Medium,,1,"12:19AM T-Stop for VALS (Speeding 90/17 & Excessive Tint 90/9) of MA REG XXXBlack Jeep Grand Cherokee at Theodore Glynn Way and Newmarket Square. Op:XXX(Prior F/A's, Assault to murder, 9XXXOfficers observed open container of marijuana in the cupholder as well asa strong odor of marijuana and smoke emanating from of the vehicle on approach. Officers observed a knife in XXXwaistband, frisked for other weapons to no avail. Verbal warning issued for VALS. FIO'd to associate with the vehicle and the area. FK01A (Walsh/Hill)"
FC25000280,2025-01-19 19:23:00,SUMMER ST,BOSTON,2110,Stopped,Intel," Body Worn Camera, Drugs",,Male,Black,Not of Hispanic Origin,35.0,Thin,Medium Brown,0,"About 7:43 PM on Sunday, 01/19/25, Officers Walsh (A716), Stylien (A717), and Nunes (A71XXX) responded to a radio call for Investigate Drug Use at XXX Summer St, Boston (Roche Bros). Officers on scene were assigned to the Community Interaction Team (CIT) and were under the supervision Sgt. Delisle (A971). Upon arrival Officers were met by the store manager/witness (XXX) who stated that he observed suspicious activity via store cameras at the Market Street Entrance which is connected to Downtown Crossing Train Station. The witness XXXstated he observed the three suspects smoking what appeared to be crack at the entrance by the store elevator. The witness stated there was 2 male suspects and 1 female suspect. The witness stated the male suspects appeared to have swapped clothing several times. Attached are photographs of the suspects. Suspect #1 was later identified as XXXOfficers surveyed the area identifying suspect #1 XXXwalking down Summer street. Officers stopped suspect XXXSummer St. Suspect #1 stated he was struggling with addiction and was seeking recovery. Officers conversed with suspect #1 and offered assistance by referring him to the Gavin House Detox Facility in Quincy to which he declined. Suspect #2 was a medium built, light skinned black male. Suspect #2 was wearing a black sweatshirt, black pants, black sneakers, and a green hat. Suspect #3 was a medium built white/hispanic female with dark hair. Suspect #3 was wearing a black jacket, tan pants, black sneakers, holding a black purse. Street Outreach Unit Notified via email for follow up."
FC25000343,2025-01-24 09:00:00,ALBANY ST,BOSTON,2118,Stopped,Reasonable Suspicion , Drugs,,Male,White,Not of Hispanic Origin,30.0,Thin,Light,1,"The suspectXXXwas observed by the Drug Control Unit loitering in the area with no real purpose, associating with known drug users. The drug unit observed him make numerous possible hand to hand drug transactions. Officers stopped the suspect in front of the BMC Emergency room, checked for wants/warrants met with negative results. A search of the suspect revealed several ripped plastic bags with knotted corners consistent with drug using/dealing. Suspect also had several needles and other drug paraphernalia on his person. Suspect was told to leave the area. DK01D Linnane/Mathewson"
FC25000416,2025-01-29 22:44:00,HARRISON AVE,ROXBURY,2118,Stopped,Reasonable Suspicion ," Homeless, Body Worn Camera, Drugs, Bicycle",,Male,Black,Hispanic Origin,43.0,Medium,Light Brown,0,"R/C for suspicious person XXXHarrison Ave. Upon arrival, Officers observed the address to have a gate with a keypad lock on it blocking off the front door of the building. Officers observed an individual seated on the ground behind this gate with what appeared to be drug paraphernalia surrounding him. Officers asked the individual for his name and date of birth which he provided without issue. Officers identified the individual asXXX XX/XX/XXXXNegative for warrants, 81 adult arraignments to include previous 94c, Rec. Stolen Prop, B&E, Armed Assault, Discharging F/A. XXX stated he was recently released from South Bay, hangs in the area and usually stays at XXXSouthampton. XXX had with him a dark colored ""isinwheel"" bike which he stated he was borrowing from a friend. XXX was wearing a very distinctive pair of red sneakers. XXX was advised to make his way to the shelter for the evening. DK01F (McDonough/Dauber)"
FC25000441,2025-01-30 22:00:00,WINTER ST,BOSTON,2108,Stopped,Reasonable Suspicion , Homeless,,Male to Female Transgender,White,Hispanic Origin,37.0,Thin,Light,0,"CIT Response Van officers of A-1 stopped a suspect XXX) who was trespassing in the doorway of a commercial building. XXXappeared to be rolling what appeared to be marijuana to smoke. Upon stopping the suspect officers observed the item to be cigarettes.Officers conducted a CJIS query for warrants, which produced negative results. Suspect's BOP revealed he did have prior closed cases for trespassing out of West Roxbury District Court. Officers advised XXXto leave the area and not to trespass at the above address again. XXXstated he was returning to his home in Brookline and left without incident."
FC25000517,2025-02-05 14:00:00,MASSACHUSETTS AVE,ROXBURY,2118,Stopped,Reasonable Suspicion ," Body Worn Camera, Drugs",Passenger Car/ Automobile,Male,White,Not of Hispanic Origin,31.0,Medium,,1,"On Wednesday, February 05, 2025, at about 02:00 PM, Officer Leon (a member of the Drug Control Unit detailed to District B3), while assigned to the B651D unit, did conduct a threshold inquiry with one, XXX(DOB XX/XX/XXXXAlso assisting was the H905 (Sgt. Harris). On said date, at about 01:54 PM, while in the area of Mass Av and Gerald St, Boston, MA, Officer Leon did observe a black motor vehicle bearing Mass Reg #XXX(a black 4DR Mercedes Benz) arrive at the Sunoco Gas Station and park by the gas pumps. The Officer further observed said M/V to be occupied by two unknown males. Within a few minutes the Officer further observed Mass Reg XXX(a grey colored Toyota 4DR sedan) arrive in at the gas station and a male who was later identified as one, XXX(DOB XX/XX/XXXXexit the front driver's side of said M/V and enter the rear driver's side passenger door of Mass Reg XXXWithin a few minutes XXXwas observed exiting said M/V and returning to the front driver's side of Mass Reg XXXBoth M/V's were observed leaving the area at the same time. Officer Leon maintained surveillance of Mass Reg XXXwhich was observed pulling into the parking lot located at XXXMass Av, Boston, MA (LMA Shuttle Service). The Officer followed said M/V as it proceeded to park into a parking spot located at location. The Officer's Dept Cruiser lights were activated at this time. While the Officer was behind said M/V, the Officer could see XXXbending forward in his M/V and then proceeding to exit said M/V. Officer Leon then exited his Dept M/V and approached XXXas he was exiting his M/V. The Officer explained the reason for the threshold inquiry to XXXseveral times and explained to XXXthe Officers observations prior to the threshold inquiry. A pat frisk of XXXpersons resulted in negative results for any drugs or weapons. A pat frisk of XXXM/V revealed numerous different packaged bags of marijuana inside of the middle armrest area and numerous empty baggies around the car. XXXwas explained again the reason for the threshold inquiry and was FIO'ed and released from the scene."
FC25000539,2025-02-05 19:00:00,MASSACHUSETTS AVE,ROXBURY,2119,Stopped,Encounter, Body Worn Camera,,Male,Black,,33.0,Medium,Medium Brown,1,"XXX stopped for trespassing at XXXMassachusetts Avenue. Known drug user / dealer in the area. Officers have arrested on numerous occasions. Crack pipe observed in plain view. No further 94c recovered. XXXwas in possession of USC in multiple denominations that was consistent with distribution. FIOE and released FK01F (Fullam, Burke)"
FC25000596,2025-02-11 10:08:00,,ROXBURY,2118,Stopped,Probable Cause, Body Worn Camera,,Male,White,Not of Hispanic Origin,41.0,,,1,For FIOE purposes only About 10:08 Officers of the City-Wide Drug Control Unit (Neely) and Officers Mellor and Russell (FK01D) observed the suspect XXXconduct a hand-to-hand drug transaction with an unknown male where money was presented in exchange for what was believed to be narcotics. Officers then stopped the suspect and performed a search but were unable to locate any narcotics. A CJIS inquiry was ran on the suspect coming back to no active warrants
FC25000597,2025-02-11 10:35:00,,ROXBURY,2118,Stopped,Reasonable Suspicion , Body Worn Camera,,Male,White,Hispanic Origin,55.0,,,1,Officers assigned to the FK01D in conjunction with City Wide Drug Unit conducted a subject stop of Mr.XXXXX/XX/XXXXafter observing him load and smoke from a crack pipe in the area of Topeka St & Southampton Officers conducted a search yielding negative results. CJIS Inquiry negative for warrants. XXXwas FIO'd & released. FK01D (Russell/Mellor)
FC25000626,2025-02-13 21:54:00,,BOSTON,2121,Stopped,Probable Cause, Body Worn Camera,Passenger Car/ Automobile,Male,Black,,22.0,Medium,Medium Brown,1,"T/S of MA REG XXXyellow Nissan Altima for number plate violation (90/6) at Blue Hill Ave and Glenway St. OpXXX (O trafficking controlled substance, O dist. class A x4). Multiple notable hides in the vehicle: Driver side and passenger side door window panel. Rear back seat. Operator placed under arrest for unlicensed operation. FIO to associate op with vehicle and hides. C113F (Williams/Mulrean)"
FC25000629,2025-02-14 03:00:00,,DORCHESTER,2121,Stopped,Probable Cause," Body Worn Camera, Gang",Passenger Car/ Automobile,Male,Black,Unknown,33.0,,,1,"3:00 AM T-Stop for VALS (improper lane change, failure to signal, speeding) at Blue Hill Ave/Geneva Ave of MA REG XXX Gray Altima. Officers observed the vehicle moving at a high rate of speed traveling down Blue Hill Ave in the area of Blue/Columbia, vehicle also failed to use turn signals when making multiple lane changes. Vehicle registered to XXXXX/XX/XXXX. OP identified as XXX ( XXXMultiple Open F/A and 94C). When asked who the car belonged to, XXXstated that it was a Turo rental and began to act hostile toward Officers. XXXmade multiple eye movements toward the driver side door panel during the interaction. Due to his actions, time of day, and multiple open firearm charges, Officers removed XXXand conducted a pat frisk to no avail. It should be noted that XXXwas carrying two cell phones, Officers are aware that multiple phones are often a component to the sale of drugs, when asked why he stated ""in case one dies"". FIOE to associate with M/V. Verbal warning issued. C112A (Fawkes/Belanger)"
FC25000637,2025-02-14 12:53:00,,DORCHESTER,2124,Stopped,Probable Cause, Body Worn Camera,Passenger Car/ Automobile,Male,Black,Not of Hispanic Origin,38.0,Heavy,Dark,1,TS on TN Reg: XXXfor (90/17) in the area of XXXDarlington St Operator Identified as XXX(Prior F/A) XXXoriginally pulled over for officers in the area of XXXDarlington St and then proceeded to take off from Officers. XXXcontinued to travel down Darlington Street and sped through the intersection of Darlington Street and Norfolk Street without slowing down or using any caution. XXXthen traveled down the wrong way on Wentworth Street which is a one-way street. XXXthen quickly took a right hand turn onto Richard Terrace which is a dead-end street where officers were than able to remove XXXfrom the vehicle. XXXwas placed into cuffs and transported back to B3 for booking. Due to XXXmaking statements of him ingesting drugs and to be profusley sweating while in the holding cell it was decided by B3 Supervisor to Summons XXXto Dorchester District Court. XXXReceived Ma Uniform Citation XXX FIO to associate w/ MV C113D (Bailey/Mulrean)
FC25000641,2025-02-14 17:41:00,,EAST BOSTON,2128,Stopped,Reasonable Suspicion , Body Worn Camera,,Male,White,Hispanic Origin,22.0,,,1,Officer Guichard and Maldonado in the GK01 observed XXX enter a black pickup truck and exit a short moment after on Nay Street. Officers observed XXX notice Officers and quickly ran to MAREGXXX passenger and took off at a high rate of speed. Officers stopped the vehicle removed XXX and conducted a pat frisk to no avail. It should be noted XXX a very large sum of cash on him. Officers believed XXX to have just conducted a narcotic sale.
FC25000661,2025-02-16 09:26:00,WASHINGTON ST,BOSTON,2118,Stopped,Encounter," Homeless, Drugs",,Male,Black,Unknown,57.0,Heavy,Light Brown,1,"On Sunday, January 16, 2025, Housing officers encountered aXXX (DOB: XX/XX/XXXXwho was sleeping on the third-floor stairwell of XXXWashington Street South End. It is to be noted that this property is owned and managed by Boston Housing Authority. Officers have been instructed by management to increase foot patrols inside the building due to an increase in homeless and drug activity within the building. Officers spoke with XXXwho was very cordial with officers and a CJIS inquiry yielded negative results for warrants. Due to recent threats made by the homeless to the residents in the building officers conducted a pat frisk on XXXwhich he obliged, yielding negative results. XXXwas advised that he was going to be trespassed from the property but could visit specific apartments if he was invited. Officers escorted XXXoff the property. It is to be noted, that the Maintenace worker had previously told officers that there is suspected drug activity in apartment XXXon 4th floor and XXXon 7th floor. Z428/436 (Resil/Sotunbo)"
FC25000662,2025-02-17 11:15:00,,ROXBURY,2118,Stopped,Reasonable Suspicion ," Body Worn Camera, Drugs",,Female,White,Not of Hispanic Origin,35.0,Thin,Light,0,FIOE purposes. While working alongside the citywide Drug Control Unit Officers Mellor and Russell (FK01D) observed the suspect (XXX load what appeared to be crack into a pipe and smoke it. Officers questioned the suspect as to if she had anymore drugs on her in which she denied.
FC25000810,2025-02-27 08:57:00,ALBANY ST,BOSTON,2118,Stopped,Probable Cause, Drugs,,Male,White,Not of Hispanic Origin,45.0,Thin,Light,1,Officers observedXXXparticipating in drug related activity on the stairs of XXXAlbany St.XXXtook what looked like numerous pills from his clinched hand and swallow them while walking down the stairs. XXXwas stopped and stated he bought 3 Klonopin from an unknown male for 3 dollars a piece. He stated he did not have any other drugs on him. A search of XXXrevealed no more drugs. He went onto to say he is a South Boston resident and he has not been in trouble in years. Checked for Wants/warrants met with negative results. Denied any services in the area and stated he was going home for the day. DK01D Linnane/Mathewson
FC25000878,2025-03-04 12:00:00,,BOSTON,2111,Stopped,Reasonable Suspicion , Body Worn Camera,,Male,Black,Not of Hispanic Origin,46.0,Medium,,1,"Officers observed two unknown males huddled together on Music Hall Place (Private Way) and conduct a hand to hand drug transaction. As Officers approached the males, both parties fled towards the Food Court and one male was able to get away from Officers. Officers stopped and identified one of the males asXXX XX/XX/XXXXOfficers observed XXXplace an unknown item into his mouth and swallow it. Officers located a glass cylinder pipe with white residue in his left pants pocket. No other drugs were found on Legore. XXXdenied EMS for evaluation. XXXwas given a verbal warning for trespassing and released. The male who was not detained was a black male, mid 20's wearing a black sheisty, black puffer jacket, blue jeans, dark sneakers and goes by the XXX A103D (Kalinski/Leighton)."
FC25000886,2025-03-04 17:10:00,BLUE HILL AVE,MATTAPAN,2126,Stopped,Probable Cause, Body Worn Camera,,Male,Black,Not of Hispanic Origin,43.0,Thin,,0,"Officer while on directed patrol in the Mattapan Square area observed an individual smoking marijuana in public which is a violation of a City Ordinance (MGL Ch 94G s13, specifically Item C). Officer stopped this individual and ultimately identified them as:XXX (DOB XX/XX/XXXX- 61 adult arraignments on BOP including numerous larceny related offenses. XXXwas advised of the city ordinance violation with XXXproviding his name and date of birth to the Officer. Officer was able to verify XXXidentity via a MARK43 inquiry, but was unable to run XXXthrough CJIS as it had been down at the time. XXXwas ultimately FIO'd and released at this point. Upon CJIS coming back online, an inquiry of XXXshowed an Open Felony Warrant out of Wrentham District Court for Larceny Related offenses. FIO for intel purposes. C660F (Kennedy)"
FC25000904,2025-03-06 10:10:00,SOUTHAMPTON ST,ROXBURY,2118,Stopped,Reasonable Suspicion ,,Passenger Car/ Automobile,Male,Black,Not of Hispanic Origin,57.0,Medium,,1,"While on a CDIV, a hand-to-hand transaction was observed between a male and a passenger of a 2007 Infiniti G35 (MA XXXat XXXSouthampton St. MA XXXwas stopped on Southampton St and XXX walked up to the passenger window. Shortly after seeing an unmarked cruiser, both passengers in the vehicle looked back at the cruiser and XXX then reached into the window of XXXtook out two cigarettes and handed them to the passenger. The passenger of the vehicle then handed XXXa few dollars and the vehicle drove away. XXXsaid that he gave his friend (whom he would not identify other than ""T"") cigarettes. XXXdid not have any drugs on his person. FIO for drug intel."
FC25000918,2025-03-07 11:45:00,,MATTAPAN,2126,Stopped,Reasonable Suspicion ,,,Male,White,,52.0,Medium,Light,1,"Under the direction of S/D. Champagnie, members of the Drug Control Unit detailed to District B3, were in the area of Mattapan Square conducting a drug investigation. On friday March 07, 2025 at about 11:45 AM, Officer Leon along with the C431D unit (PO. Woods), did conduct an a threshold inquiry with a male who was identified as one, XXX (DOB XX/XX/XXXXthis threshold inquiry was conducted after Officer Leon observed XXXwalking in and out of a location with will be omitted due to an on-going drug investigation. XXXwas FIO'ed and released after said interaction."
FC25000925,2025-03-07 17:42:00,,DORCHESTER,2126,Stopped,Reasonable Suspicion ," Body Worn Camera, Drugs",Suv (sport Utility Vehicle),Female,Black,Not of Hispanic Origin,46.0,,,1,"About 5:30pm members of the B3 drug control unit conducting surveillance in area of River Street and Mary Moore Beatty Circle had their attention drawn to a vehicle, black Nissan Rogue, which appeared to be idling and occupied along the side of the road. This drew attention to officers as they had conducting drug investigations in the past where vehicles had been parked in the same location and officers had observed drug transactions and recovered drugs. The Rogue then proceeded to drive within the immediate area circling as if attempting to locate someone. The vehicle then stopped and officers observed an unknown male enter and exit the vehicle within two minutes. Officers conducted a traffic stop of the Rogue and spoke with the lone occupant/driver, XXX, who appeared to hesitate answering the questions asked by officers regarding drug possession. Officers conducted a pat frisk of the vehicle and with assistance of the H908 (Sgt. Walsh) a pat frisk of XXXwas conducted. Both yielded no items of evidentiary value. XXXreleased from the scene."
FC25000954,2025-03-10 02:11:00,,BOSTON,2111,Stopped,Probable Cause, Body Worn Camera,Passenger Car/ Automobile,Male,White,Hispanic Origin,37.0,Thin,,1,"T Stop of MA REG: XXXfor VALs at Kneeland and Washington st downtown Boston. Driver: XXX(DOB XX/XX/XXXXBOP: ABDW, Disorderly Conduct and Resisting Arrest Vehicle owner: XXX (DOB: XX/XX/XXXXBOP: Multiple F/A Offenses, Multiple 94C Offenses (Trafficking class A/B) and kidnapping. Based on observations an Exit order was issued. Pat frisk of XXXand vehicle yield negative results for weapons. Officers observed multiple plastic baggies in the vehicle along with a small ledger. XXXalso had a larger stack of monetary US currency. Verbal warning issued for VALs. FIO'd to associate XXXwith M/V. A436A (Tu) and R5067 (Nedio)"
FC25001017,2025-03-12 12:00:00,,BOSTON,2111,Stopped,Probable Cause, Body Worn Camera,,Male,Black,Not of Hispanic Origin,33.0,Medium,Medium Brown,0,"Officers on Patrol in the area of DTX observed XXX loitering and smoking marijuana outside of Macys on Washington Street. XXXshouted at Officers saying, ""To give him a ticket"" and became irate and aggressive during the interaction. Officers informed XXXthat smoking marijuana in public is illegal, and this would be a verbal warning. It should be noted that the Subject frequents the DTX area daily and has been involved in multiple prior disturbances and is often with groups known for 94C activity. XXXBOP (94c offenses, ABDW, threats and malicious destruction of property) FIO'D for intel A704 Ganss, A705 Goodwin, A706 Adams, A707 Flaherty"
FC25001053,2025-03-14 01:00:00,SUMMER ST,BOSTON,2110,Stopped,Reasonable Suspicion , Body Worn Camera,,Female,Black,Not of Hispanic Origin,26.0,Medium,,1,"About 1:00am, Officers initiated a Suspect Stop in front of the 7-11 located at XXXSummer Street. Officers pay particularly close attention to this area due to the high volume of calls and quality of life issues that happen in this area. Officers were on random patrol when they approached the intersection of Summer Street and Arch Street. Officers observed the suspect huddled in the corner facing the wall with her back towards the street, the suspect appeared to bring something up to her mouth and attempt to light it. The suspect turned her head to to look towards the street and observed the officers. The suspect immediately spun around and attempted to conceal what looked like a glass cylindrical object up her right hand sleeve. The officers, believing the suspect was attempting to ingest drugs initiated a stop. Officers did locate a glass cylindrical object commonly referred to as a crack pipe. The suspect stated she was trying to smoke the residue from the pipe. A pat frisk yielded negative results. a CJIS inquiry was performed yielding negative results. Officers advisedXXX to stay away from the area."
FC25001057,2025-03-14 08:31:00,WASHINGTON ST,BOSTON,2108,Stopped,Reasonable Suspicion ," Encampment Response, Homeless, Body Worn Camera",,Male,White,Not of Hispanic Origin,56.0,,,1,Officers observed an encampment at XXXWashington St in front of the Lids Storefront doorway. Officers observed needle caps and needles around the encampment. Only one male was present and was identified asXXX XX/XX/XXXXXXX was advised he was in violation of City Ordinance 16-65 and the encampment would be removed. XXX stated that he was working with Street Outreach through the Pine Street Inn and was aware of additional resources through Boston Police Street Outreach. The encampment was removed by the Downtown Boston Alliance.
FC25001080,2025-03-15 00:34:00,OLD COLONY AVE,SOUTH BOSTON,2127,Stopped,Probable Cause, Body Worn Camera,Passenger Car/ Automobile,Male,Black,Not of Hispanic Origin,23.0,Thin,Medium Brown,1,"About 12:34 AM on Saturday, 03/15/2025, Officer Benoit assigned to the F421A, conducted a Traffic Stop at XXXOld Colony Ave, South Boston. Officer Benoit observed a 2008 Gray Chevrolet Malibu (MA REG: XXX(Fail to Stop/ Stop Sign). Officer activated the cruiser lights and sirens and pulled over the motor vehicle. Officer made contact with the subject XXX (DOB: XX/XX/XXXX(Open F/A Case) and requested license and registration to which he complied. Officers smelled weed and observed weed in the middle console of the motor vehicle. An exit order was issued and the operator was pat frisked for weapons. A search of the motor vehicle was conducted for additional drugs yielded negative result. This FIOE is for intel purposes."
FC25001102,2025-03-16 19:56:00,,MATTAPAN,2126,Stopped,Probable Cause," Drugs, Body Worn Camera",Other,Male,Black,Not of Hispanic Origin,60.0,,,1,"Officer while on directed patrol in the Mattapan Square area observed a group gathered in front of the Mattapan House of Pizza XXXBlue Hill). Within the group an individual appeared to be waiting for someone and after several minutes went around the corner onto Fairway with an unidentified adult male. These 2 individuals went behind MA REG XXX(2011 White Ford Econoline) where the Officer lost sight of them for a short period of time. The following individual was able to be stopped still behind MA REGXXX)XXX (DOB XX/XX/XXXX- 78 Adult Arraignments on BOP including Murder Attempt, Kidnapping and 94c on BOP. XXXwas observed to have an open can of alcohol that he had spilled in his pocket when trying to conceal it. XXXstated that he was in possession of 2 ""crack pipes"" as well to which he removed them from his pocket and disposed of them properly. XXXwas pat frisked for any additional narcotic related paraphernalia which yielded negative results. XXXwas FIO'd and Released FIO'd for Intel C660F (Kennedy)"
FC25001142,2025-03-19 09:15:00,,BOSTON,2118,Stopped,Probable Cause," Warrant Arrest, Drugs",,Female,White,Not of Hispanic Origin,44.0,Medium,Medium,1,Officers were made aware of numerous citizen complaints in the Worcester Square area regarding drug related activity amongst other quality of life issues. Officers observed known drug dealerXXX walking on Harrison Ave in the area of Worcester Square. Officers were aware XXXis a drug dealer but also had numerous warrants for her arrest. Officers placed XXXunder arrest for the warrants and recovered crack cocaine and fentanyl from a fanny pack she was wearing. It was later discovered XXXhad a large amount of additional drugs secreted inside of her body. Numerous bags of fentanyl and crack cocaine was discovered on her. All of the drugs were recovered. She will be charged with possession with intent to Distribute Class A and B. DK01D Linnane/Mathewson
FC25001165,2025-03-20 18:00:00,TEMPLE ST,BOSTON,2114,Stopped,Encounter," Homeless, Body Worn Camera",,Female,White,Hispanic Origin,27.0,Thin,Light Brown,0,"Officers made a subject stop in relation to a drug investigation at XXXTemple Place Downtown Boston. Officers spoke with XXX (DOB: XX/XX/XXXX- Possession Class B, ABPO, Trespassing, Larcenies on BOP XXXwas observed with an unidentified male in front of the Burger King at XXXTremont St which is a high drug use/distribution area that has generated numerous 911 calls and community complaints. XXXwas observed on FLIR cameras by Sgt Gero engaging in drug activity prior to stop. XXXwas uncooperative and refused to identify the male and stated she had smoked earlier but had nothing on her."
FC25001235,2025-03-24 13:27:00,BOWDOIN ST,BOSTON,2114,Stopped,Probable Cause," Drugs, Body Worn Camera",,Female,White,,42.0,,,1,"Officers encountered XXXduring the arrest of XXX at XXXBowdoin Street. XXXhad just been present for a deal involving crack cocaine. XXXwas said to be the individual who purchased the drugs but no evidence of that could be found. XXXfrequents the Bowdoin Street area for narcotics, typically purchasing inside in the basement. FIO for relationship and intel. AK02D (Lukas/Scott)."
FC25001311,2025-03-27 16:33:00,,BOSTON,2114,Stopped,Reasonable Suspicion , Drugs,,Female,White,Not of Hispanic Origin,42.0,,,1,"Over the course of an ongoing drug investigation, Officers did observe as Ms. XXX traveled up Ridgeway Ln towards Derne St. meet with a known party before returning down Ridgeway Ln. to Cambridge St. and ultimately parting ways with the known party and traveling down Staniford St.. Officers observed Ms. XXX's left hand to be clenched throughout the duration of her travels away from Beacon Hill. Believing that a drug transaction had just occurred, officers did stop Ms. XXX on Staniford St.. Ms. XXX was visibly agitated, annoyed and less than forthcoming with officers. Officers were additionally provided with an illogical claim of facts by Ms. XXX to justify her apparent meaningless walk of which she did acknowledge the observations of officers. Officers did attempt to locate illegal narcotics to no avail."
FC25001352,2025-03-30 13:15:00,,BOSTON,2110,Stopped,Probable Cause, Body Worn Camera,,Male,Black,Not of Hispanic Origin,27.0,Thin,Medium Brown,1,"Subject Stop: XXX XX/XX/XXXXwanted on probable cause for ABDW-Knife by Transit Police BRIC flyer 03/28/24 (Internal Incident number 25-1268) Officers observed at intersection of Summer and Arch Street, Officers placed the Subject into custody and transferred custody to Transit Police. Search yielded 4 loose white rocks believed to be crack cocaine, a pipe and other paraphernalia. A704 Ganss, A705 Goodwin, A706 Adams"
FC25001399,2025-04-02 21:40:00,TEMPLE PL,BOSTON,2111,Stopped,Intel, Body Worn Camera,,Female,White,Not of Hispanic Origin,23.0,Medium,Light,1,"About 9:40 PM on Wednesday 04/02/25 Officer Peralta Rodriguez (A711) Stylien (A703), and Nunes (A707) in the CIT van stopped XXX (DOB XX/XX/XXXXbased on a description from Sgt. Crossen that was shared over the radio. Sgt. Crossen observed XXXhaving contact with a known drug dealer before the stop. XXXgave officers consent to a search yielding negative results."
FC25001416,2025-04-03 11:00:00,,BOSTON,2119,Stopped,Reasonable Suspicion , Drugs,,Male,Black,Not of Hispanic Origin,60.0,Medium,,0,Members of the Area D4 DCU were monitoring the area of Mass ave for drug related issues. Officer O'Donnell observed XXXwalking at a hurried pace on Albany st towards Northampton st when he met with an Unk individual on a power scooter. these individuals exchanged quick pleasantries and made a hand to hand exchange The unknown person on the scooter drove off on Northampton st towards Harrison whereas XXXchanged his direction and walked towards the back of the Hampton inn hotel. Officer O'Donnell believed a common drug transaction had occurred and stopped XXXoutside the Hampton inn on Mass Ave. After speaking with XXX(who agreed to talk to Officer) it was determined that XXXreceived a cigarette from the unk male. XXXwho was waiting for a bus was thanked for his time and Officer cleared the scene...
FC25001504,2025-04-08 02:25:00,,BOSTON,2111,Stopped,Probable Cause, Body Worn Camera,,Male,Black,Hispanic Origin,37.0,,,1,Officers stopped the subject (XXX DOB XX/XX/XXXXfollowing a street level drug transaction (hand to hand) which was observed live on camera by A1 TOC officers. Officers XXX to which he stated he understood. XXXstated that he purchased crack cocaine from a black male wearing a black mask for $8.00. XXXstated he already had already smoked the product inside the Park St train station vestibule. Officers searched XXXfor more drugs to no avail. FIO for intel (AK01D Pires/Kozub).
FC25001508,2025-04-08 19:00:00,,BOSTON,2127,Stopped,Reasonable Suspicion , Body Worn Camera,Passenger Car/ Automobile,Male,White,Hispanic Origin,37.0,Medium,,1,"TSTOP for VALS (No Front Plate) of MA XXXat Preble and old Colony. Vehicle had 107 Inquires for shots fired BOLO Tonawanda Street C11. Operator identified asXXX. Vehicle frisked due to prior knowledge and observations on scene. 94C paraphernalia on person and vehicle. No weapons recovered. Detective Sullivan notified of the stop and is further investigating. FK01F (Fullam, Burke)"
FC25001591,2025-04-12 12:20:00,MASSACHUSETTS AVE,BOSTON,2118,Stopped,Reasonable Suspicion , Body Worn Camera,,Male,White,Hispanic Origin,28.0,,,1,"Radio call, XXX Melnea Cass Blvd (Dunkins) hispanic male, tattoos, black jacket, gray hooded sweatshirt ""keeps selling drugs/ harassing people inside"". On arrival, individual had just left the area and walked towards Mass Ave. An unknown observant patron informed officer that this male made at least 4 drug sales to numerous individuals. Described the drugs/narcotics as ""crack"" in small plastic bags that he removed from his waistband area. This patron also stated, he had an unknown amount of cash inside of his jacket pocket. This individual was located/stopped at XXXMassachusetts Ave and tentatively identified as; XXXXX/XX/XXXX(an apparent Connecticut driver's license was texted to his cell phone while officer was attempting to ID) No drugs were located on his person, did have an unknown amount of us currency in his jacket pocket. A lengthy NCIC/CJIS Inquiry onXXXwas conducted, showing negative for warrant/s. Advised if the allegations were accurate to refrain from such activity in the area and send on his way without incident."
FC25001669,2025-04-15 01:10:00,SNOW PL,BOSTON,2110,Stopped,Reasonable Suspicion ," Drugs, Homeless",,Male,White,Hispanic Origin,34.0,,,1,"Observed n rear alley XX/XX/XXXXon a bike, red/blk backpack was shooting heroin and has history of XXX"
FC25001657,2025-04-15 11:35:00,,BOSTON,2111,Stopped,Reasonable Suspicion ," Drugs, Body Worn Camera",,Male,White,Not of Hispanic Origin,47.0,Thin,,1,"Officers observed a known drug user XXX in the area of the Chinatown MBTA station. XXXwas approached by an unknown light skinned black or Hispanic male on a bicycle, wearing a grey hooded sweatshirt, black facemask ""sheisty"" mask, and black pants. The two parties began talking while constantly surveilling the area. It appeared that the unknown male was going to walk downstairs into the MBTA station before observed the officers and made XXXaware. The parties began walking in the direction of Kneeland St before separating, with XXXreturning in the direction of the officers. While watching the parties, Officers exited their vehicle and Officer Simas observed them exchange something before XXXwas stopped to further investigate. XXXwas confrontational and was searched to no avail. XXXadmitted to observing the officers and leaving their view but denied purchasing or exchanging any contraband. It should be noted that XXXhad orange fingertips which officers are aware is common amongst ""K2"" users. BWC activated"
FC25001782,2025-04-22 11:16:00,,HYDE PARK,2136,Stopped,Intel," Body Worn Camera, Drugs",Passenger Car/ Automobile,Male,Black,Not of Hispanic Origin,45.0,Medium,,0,"On 04/22/25 Officers Conducted T/S for Vals 89/9 (Stop Sign Violation) at Wood Ave/Safford St Ma Reg: XXXWhite Toyota Camry Operator:XXX DOB: XX/XX/XXXX(ACTIVE LICENSE) A child under the age of 10 was seated in the back seat of the vehicle, properly restrained with a seatbelt. XXX BOP revealed numerous prior 94C Drug Violations Upon approach of the vehicle, Officers observed in plain view, a black bag on the front passenger seat containing what appeared to be marijuana packaging materials. Officers also observed an ashtray in the cup holder. Mr. XXXwas issued Citation XXXfor (89/9 Stop Violation) Via MACCS. FIO for intel/place in vehicle Mirville/Rosa L101D"
FC25001872,2025-04-24 15:30:00,,MATTAPAN,2126,Stopped,Reasonable Suspicion , Drugs,,Male,White,Hispanic Origin,64.0,Medium,,1,"As part of an ongoing investigation, members of the B3 and E18 drug control units conducted a subject stop of XXXafter observing him enter and exit a location omitted due to ongoing investigation which is subject of drug activity. XXXwas pat frisked and no items of evidentiary value recovered. XXXwas released without incident and investigation ongoing."
FC25001871,2025-04-24 16:33:00,MORTON ST & RHOADES ST,BOSTON,2124,Stopped,Reasonable Suspicion ,,,Male,Black,Not of Hispanic Origin,63.0,Heavy,Medium Brown,1,"Under the direction of S/D. Champagnie, members of the Drug COntrol Unit detailed to District B3, were conducting a drug investigation in the area of Baird St and Morton St, Mattapan, MA. On Thursday April 24, 2025, at about about 04:33 PM, Officers did stop one, XXX(DOB XX/XX/XXXXafter observing him enter and quickly exit XXXBaird St. As the Officers approached XXXin the area of Morton St and Rhodes, Officers observed XXXquickly placing an unknown item in his mouth and appeared to swallow it. A pat frisk of XXXperson for any weapons or drugs, resulted in negative results. XXXdid inform the Officers he did swallow drugs. XXXwas FIO'ed and released."
FC25001848,2025-04-24 20:25:00,SARATOGA ST,EAST BOSTON,2128,Stopped,Probable Cause, Drugs,Passenger Car/ Automobile,Male,White,Not of Hispanic Origin,20.0,,,1,Officers observed an unknown male enter MA REG XXX(silver Mercedes E430) at Maverick Square and the male was let out of the vehicle after a few seconds after a meaningless ride around the block. The unknown male entered Maverick train station and quickly got onto the train. Officers were unable to stop the male. Officers called for a traffic stop of the Mercedes which made its way over to Saratoga Street. A traffic stop was conducted by a marked unit at XXXSaratoga Street. Occupant (XXX) was advised of his rights and was informed of officers' observations. XXXgave several evasive answers before being truthful and stated that he purchased a gram of marijuana for $20 from the male that exited the vehicle. XXXwas given a verbal warning and released from the scene.
FC25001891,2025-04-25 20:00:00,SOUTHAMPTON ST,SOUTH BOSTON,2127,Stopped,Probable Cause, Body Worn Camera,,Male,White,Unknown,19.0,,,0,XXX stopped for open drug use in the area of XXXSouthampton. XXXwas not found to be in possession of any drugs other than loaded needle. XXXshowed clear signs of addiction and was advised to seek treatment. XXXhas no prior BPD interactions. FIOE to associate with area.
FC25001934,2025-04-29 08:10:00,HARRISON AVE,BOSTON,2118,Stopped,Probable Cause," Homeless, Drugs, Body Worn Camera",,Male,White,Hispanic Origin,34.0,,,0,"About 8:10 AM on Tuesday, 04/29/25, Officers Deane and Peinkofer while assigned to the Mass and Cass walking beats officers responded to a call for a removal of a homeless male using IV drugs at XXXHarrison Ave. Officers were directed by a mother with her child to the suspect XXX downstairs on the lower landing of the apartment building. The suspect had uncapped needles and appeared to officers to just have injected in drugs. The suspect was told he was trespassing. He stated he had court on the 05/06/25 and was going to enter a treatment program."
FC25002008,2025-05-01 14:00:00,REED ST,BOSTON,2118,Stopped,Intel," Drugs, Body Worn Camera, Homeless",,Male,Black,Not of Hispanic Origin,34.0,Medium,Medium Brown,0,"About 2:00pm on Thursday, 05/01/25, Officer Campot in the D411D responded to a radio call for a suspicious person, located at XXX Reed St, Roxbury. Boston Public school bus drivers and employees were attempting to exit the parking lot at the above but were having difficulty due to a male in the street. Upon arrival, officer observed a black male with his pants down to his knees, rolling around and yelling on the side of the road. The male, later identified as XXX appeared to be under the influence of drugs. Officer asked the male if he needed an ambulance to which Mr. XXXdenied EMS services. Officer checked Mr. XXXfor any active warrants to which yielded negative results. Officer interacted with Mr. XXXback on 01/12/25 where he was arrested at XXXNorthampton St for warrants. (cc#252003128) Body worn camera activated D411D (CAMPOT)"
FC25002027,2025-05-02 12:22:00,WORCESTER SQUARE,BOSTON,2118,Stopped,Reasonable Suspicion ," Homeless, Drugs, Body Worn Camera",,Male,Black,Not of Hispanic Origin,52.0,Thin,,0,"Officers Peinkofer and Palmer (D203D) with Officers Murphy (D693D) and Jean (D691D) responded to a call for people using drugs on the stoop of XXX Worchester Sq, Boston. Officers informed the suspect (XXX that the stoop of the property is considered trespassing and is an arrestable offense. The suspect appeared to be under the influence of narcotics due to his dilated pupils, sweaty body, and nervous demeanor. The officers did a query of CJIS which showed no active warrants or restraining orders. The suspect stated he would not sit on stoops in the future."
FC25002049,2025-05-03 09:10:00,MASSACHUSETTS AVE,ROXBURY,2119,Stopped,Reasonable Suspicion ," Drugs, Homeless",,Male,White,Hispanic Origin,33.0,Medium,Light Brown,0,"Officers assigned to the Mass and Cass walking beat observed the suspect XXX) sleeping face up on the stairs at the intersection of Mass Ave and Melnea Cass Blvd at about 9:00 AM on 05/03/25. Officers approached and woke the suspect up, who was startled at the officers. We informed him that he could not sleep there as the stairs are private property. The suspect was holding a small stick that is often used to push crackpipe nets into crackpipes. The suspect had a hospital band on from Boston Medical Center, and he stated that he was released from the hospital on Thursday. He had visible signs of drug use with scars on his arms. Officers advised him that he needed to go inside the shelters to get services and off the streets."
FC25002066,2025-05-04 10:00:00,,BOSTON,2118,Stopped,Probable Cause," Drugs, Homeless, Body Worn Camera",,Female,Black,Not of Hispanic Origin,30.0,Thin,Dark Brown,0,"Officers observed the suspect (XXX on Sunday, 05/04/25, with her pants around her ankles, no shoes and in a squat position urinating on the flower bed located on BMC property at the intersection of Mass Ave and Albany St. The suspect also removed her used sanitary product that was left on the flower bed. She stated that there are no bathrooms for her to use. It should be noted this area is in close proximity to the employee entrance of BMC and in a highly visible area to both pedestrians and motorists. She appeared to be under the influence of drugs to officers due to her confused demeanor and dilated pupils. Body worn cameras activated."
FC25002125,2025-05-05 18:28:00,COLUMBIA RD,DORCHESTER,2125,Stopped,Probable Cause, Body Worn Camera,Passenger Car/ Automobile,Male,Black,Not of Hispanic Origin,21.0,Medium,Light,0,"T/S for VALs at on Monday, 05/06/25, at XXXColumbia Road, Dorchester of MA registration XXXa black 2015 Honda Accord. Subject/Operator: XXX(DOB: XX/XX/XXXX Officers observed the vehicle’s front right headlight to be out, rear windows to have a tint so dark that it was extremely difficult to see into the car, and the rear window to be shattered/taped together. The rear window was in such a condition that it made the vehicle unsafe to operate. While interacting with the subject, XXXOfficers observed him to be nervous, as his hands were shaking and he continuously stared at Officers in the rear view/side mirrors throughout the encounter. Due to the vehicle being unsafe to operator on a public way, Officers provided the operator with the opportunity to park the vehicle in a lawful parking spot to await the proper repairs. During the inventory of the vehicle, Officers observed small amounts of marijuana/several bags containing marijuana residue, and two small portable scales. The operator stated that he has the scales to weigh marijuana that he purchases at the dispensary. The operator has an open Possess to Distribute Class D out of Dorchester District Court (Docket XXX Operator issued MA Uniform Citation XXX(in hand). Healey/Bautista (F685F/F684F)"
FC25002112,2025-05-06 10:11:00,,ROXBURY,2118,Stopped,Reasonable Suspicion ,,,Male,Black,Not of Hispanic Origin,52.0,Thin,,1,"About 10:11am, Tuesday, May 6, 2025, Officer Jackson (T616), Officer, Darosa (T614), and Officer Lacroix (T610), assigned to the Citywide Bike Unit while on patrol in the area of Topeka St observed a black male crouched behind a motor vehicle. Officers approached the male later identified as XXX(D.O.B. XX/XX/XXXXwho stated he was looking for his crack pipe. A warrant check revealed no warrants. BWC activated."
FC25002120,2025-05-06 17:10:00,MASSACHUSETTS AVE,BOSTON,2118,Stopped,Reasonable Suspicion ," Homeless, Drugs, Body Worn Camera",,Male,White,Not of Hispanic Origin,42.0,Medium,Light,1,"About 5:10pm 05/06/25 Officers responded to a radio call at XXXMassachusetts Ave for an Ivprem-Drug Use. Caller reported a white male on the front steps shooting up. Upon arrival, Officers observed a male sitting on the steps of the residence appearing to have just utilized a needle to inject drugs. Officers asked the individual his name to which he provided XXX Officers checked XXXfor any additional drugs with negative results. Officers did discover a crack pipe and observed other drug paraphernalia. A CJIS inquiry of XXXwas negative for warrants. Officers did not observe any ""No Trespassing"" signage on the steps of the address listed above therefore XXXwas advised to collect his belongings and leave the area. XXXhas 23 adult arraignments and has various entries in Mark43 on both D-4 as well as A-1. A City Ordinance Violation XXXfor Possession of a Crack Pipe was mailed to XXXat XXXBoylston St. DK01F (McDonough/Tucker) D905 (Sgt. Hardy)"
FC25002122,2025-05-06 19:25:00,E SPRINGFIELD STREET,BOSTON,2118,Stopped,Probable Cause, Drugs,,Male,Black,Not of Hispanic Origin,45.0,Thin,,1,"R/C for party using drugs on front steps of XXXEast Springfield Street. Officers encounteredXXX and observed him to be holding a crack pipe while on front steps of property. Contents of crack pipe had already been ingested. XXXsearched, no further drugs located. No visible 'No Trespassing' signs on the property. XXXtrespassed from address. XXXto be issued City Ordinance Violation for Possession of Crack Pipe (1141302). D905/D203F"
FC25002123,2025-05-06 21:44:00,,MATTAPAN,2126,Stopped,Reasonable Suspicion , Drugs,,Male,Black,Not of Hispanic Origin,67.0,Medium,,1,"Members of the B3 DCU were conducting a drug investigation in the Mattapan Square area when they had their attention drawn to a known individual from prior drug investigations, omitted due to ongoing investigation, appear to engage in a hand to hand interaction with a male, later identified as XXX. Members of the B3 DCU approached XXXannounced their agency and inquired with XXXabout his whereabouts. XXXwas untruthful and a pat frisk was conducted which yielded no items of evidentiary value. XXXwas released from the scene, investigation ongoing."
FC25002140,2025-05-07 09:00:00,MASSACHUSETTS AVE,BOSTON,2118,Stopped,Probable Cause," Homeless, Body Worn Camera, Drugs",,Female,Black,Not of Hispanic Origin,34.0,Thin,Dark Brown,0,"About 09:06am on Wednesday, 07/07/25, Officer Campot in the D411D and the D415D (Coppinger) received a radio call for a person attempting to light an object on fire, located at XXXMassachusetts Ave, Boston. Upon arrival at the above location, officers observed and stoppedXXXon the front steps of the above. XXXstated that she was ""looking for crack"" on the steps. In her hand was a butane torch lighter and she appeared to be under the influence of drugs. Officers informed her that she was trespassing and checked for any active warrants which were negative. XXXstated that she lives in Jamaica Plain and was released. Body worn cameras activated (CAMPOT/COPPINGER)"
FC25002166,2025-05-07 16:50:00,MASSACHUSETTS AVENUE,BOSTON,2118,Stopped,Encounter, Body Worn Camera,,Male,Black,Not of Hispanic Origin,31.0,Medium,Medium,0,SS at XXXMass Ave XXX (DOB XX/XX/XXXXwas sitting on the stairs of the above. XXXwas in possession of a crack pipe and will be mailed a Boston Ordinance Violation. Citation XXXfor possession of a crack pipe. CJIS inquiry revealed no active warrants. Body worn cameras activated. D203F (Wong/Castor) D905 (Sgt. Hardy)
FC25002170,2025-05-07 19:05:00,,BOSTON,2119,Stopped,Probable Cause, Body Worn Camera,,Female,White,Hispanic Origin,61.0,Thin,Light,1,"SS at Hampden St/Melnea Cass BlvdXXX (DOB XX/XX/XXXXwas seated on the sidewalk of the above with clearly posted signage that read ""NO TRESPASSING."" Officers observed XXXusing a crack pipe and inhale and then exhale a cloud of smoke. XXXstated she was in the area and purchased “crack” then smoked it in the above area because she was told it was “okay to do so.” A CJIS inquiry revealed active outstanding warrants and was placed under arrest. XXXwas issued a Boston Ordinance Violation which was placed in her property. Citation XXXfor possession of a crack pipe. FIO for intel. Body worn cameras activated. D203F (Wong/Castor)"
FC25002177,2025-05-08 00:10:00,MASSACHUSETTS AVE,BOSTON,2118,Stopped,Encounter, Body Worn Camera,,Male,Black,Not of Hispanic Origin,63.0,Thin,,0,"SS at XXXMass AveXXX (D.O.B. XX/XX/XXXXstanding under a clearly posted ""no loitering"" sign. XXXwas observed holding a crack pipe and leaning against the wall. XXXwas instructed to discard the crack pipe. XXXwas issued a Boston Ordinance Violation which will be mailed to XXXSouthampton St., Boston XXXfor possession of a crack pipe. FIO for intel purposes. BWC activated. D203A (Castor/Wong)"
FC25002224,2025-05-09 20:30:00,WASHINGTON ST,ROXBURY,2118,Stopped,Encounter," Body Worn Camera, Drugs, Homeless",,Male,Black,Not of Hispanic Origin,34.0,Medium,Medium Brown,0,"About 8:00 PM, on Friday, 05/09/25, Officer Guzman encountered (XXX XX/XX/XXXXinside a vestibule at XXXWashington Street. XXXwas observed with his pants down past his ankles, wailing around and unable to maintain his balance. Officer engaged XXXin conversation and observed that he was foaming at the mouth. During the interaction, XXXdisclosed that he has been using Fentanyl for approximately one year. When offered assistance and connection to services, XXXstated he would like to seek help at some point but declined any services at this time. XXXadvised to clean up his belongings and leave the location. CJIS inquiry negative for warrants. FIOE for intel. (YD04)"
FC25002229,2025-05-10 12:20:00,,BOSTON,2118,Stopped,Probable Cause," Drugs, Body Worn Camera, Homeless",,Male,White,Not of Hispanic Origin,39.0,,,0,"Officers assigned to the Mass and Cass walking beats observed the suspect (XXX) holding a crack pipe and to have a large bulge in the front of his hoodie. Officers stopped the suspect and he stated he had several bottles of prescription medication which he showed the officers. All the medication bottles had his name and date of birth correctly labeled. He made several religious statements, claimed he was a 2000 year old werewolf, and said he was the “angel of death.” The suspect appeared to be homeless and very dirty. A CJIS query yielded no active warrants and the pipe was disposed of."
FC25002298,2025-05-13 18:00:00,REED ST,ROXBURY,2118,Stopped,Encounter," Body Worn Camera, Homeless",,Male,White,,36.0,Thin,Light,1,About 6:00 PM on Tuesday 05/13/2025 Officers Arango-Restrepo and Salley in the D621F and D623F were patrolling the area of Reed Street and Northampton in a Boston Police Marked Cruiser when Officers observed the suspect XXX XX/XX/XXXXwith a cylindrical glass tube in hand. Officers stopped and advised XXXthat they were conducting a drug investigation to which he was cooperative. Officers explained why he was stopped to which XXXunderstood. Officers ran him for warrants through CJIS Inquiry to negative results. Officers conducted a search of the suspect and his belongings for any possible contraband to negative results. FIO and released
FC25002303,2025-05-13 19:30:00,TALBOT AVE,DORCHESTER,2124,Stopped,Reasonable Suspicion ," Body Worn Camera, Gang",,Male,Black,,,,,1,"About 7:30 p.m. officers observedXXX and another unknown male walk up the stairs to XXXTalbot Ave and enter the common hall area of the building and lock the door. Officers observed the unknown male adjust his waistband. As officers approached there were 2 unknown males out front with one of them guarding his waistband, was pat frisked for a weapon to no avail. Officers observed the original unknown male exit the building, enter the front passenger seat of Ma reg XXXwhile keeping his left arm pinned to his left side and lean down. Officers pat frisked the front passenger seat area which revealed marijuana, officers pat frisked the unknown male to no avail."
FC25002405,2025-05-16 00:00:00,,ROXBURY,2118,Stopped,Encounter," Homeless, Drugs, Body Worn Camera",,Male,Black,Not of Hispanic Origin,47.0,Medium,,0,Officers Lerro/Keenan along with Sergeant Stoddard were in the Community Response Van patrolling the area of Massachusetts Ave and Melnea Cass Boulevard. Officers observed a large group group gathered at the corner using drugs. Officers advised all parties to disperse and as they dispersed officers spoke with one XX/XX/XXXXCJIS query yielded negative results for warrants. XXXFIO'd and released.
FC25002408,2025-05-16 18:41:00,WASHINGTON ST,JAMAICA PLAIN,2130,Stopped,Reasonable Suspicion ," Drugs, Body Worn Camera",,Male,White,Unknown,29.0,Thin,Light,0,"About 6:41pm on 05/16/25 Officers responded to the above location for a radio call for a group of individuals ""doing drugs"". Upon making contact with the group they began voluntarily leaving the area. Officers observed one member of the group XXX (DOB XX/XX/XXXXto have a syringe containing an unknown liquid behind one of his ears. Officers instructed XXXto drop the syringe which he complied. Officers conducted a CJIS inquiry of XXXwhich revealed no active warrants. Officers advised XXXto vacate the area and disposed of the syringe containing an unknown liquid. JK01F Walsh/Ramos"
FC25002501,2025-05-20 08:43:00,ALBANY ST,BOSTON,2118,Stopped,Probable Cause, Body Worn Camera,,Female,White,Unknown,40.0,Medium,Light,0,"About 8:40 Am on Tuesday 05/20/25, Officer Jean in the D691D conducted a subject stop at XXXAlbany Street, Boston. While patrolling the area of the aforementioned address, the Officer observed a female, later identified asXXX(DOB: XX/XX/XXXXpositioned next to a telephone junction box with her back turned away from the sidewalk, smoking an unknown substance from a glass pipe believed to be crack cocaine. The Officer activated his cruiser lights and approached Ms. XXXto conduct a threshold inquiry. During the interaction, Ms. XXXstated, “I didn’t know that smoking crack in public was illegal since everybody down at Mass and Cass is openly doing it.” The Officer confiscated the glass pipe. A CJIS inquiry was conducted on Ms. XXXyielding negative results for any outstanding warrants. The Officer offered Ms. XXXtreatment options for detox centers; however, she declined, stating, “I’ve tried it before. My addiction is a disease that can’t be cured.” Ms. XXXwas released with a warning and instructed that if she was caught using drugs in public again, she would be arrested. Body worn camera activated."
FC25002566,2025-05-24 04:26:00,SUMMER ST,BOSTON,2110,Stopped,Encounter," Body Worn Camera, Homeless",,Male,Black,Unknown,26.0,,,1,"About 4:26am on Saturday, May 24th, 2025, Officers O'Connor and Li in the A102A conducted a subject stop at XXXSummer Street, Boston. Officers exited their marked cruisers and made contact with a man, known to Officers, XXXXX/XX/XXXXwho was standing in the doorway of XXXSummer Street. Officers informed Mr. XXXthat he cannot stand in front of that business and made notice of the multiple signs posted throughout the area. Officers informed Mr. XXXthat he was trespassed and if he was to return, he would be subject to arrest. Mr. XXXthen asked Officers for a ride to his group home located in South Boston. Prior to getting in the cruiser, Officers asked Mr. XXXif he had anything on him that he shouldn't and he stated that he had a crackpipe on his person. Officers warned him that it was illegal to have a crackpipe. Crackpipe was discarded in the trash. Officers dropped Mr. XXXoff at his group home located at XXXWest 3rd Street, South Boston. Body Worn Cameras Activated"
FC25002603,2025-05-26 12:00:00,,BOSTON,2124,Stopped,Reasonable Suspicion , Drugs,,Male,White,Not of Hispanic Origin,36.0,Heavy,,1,"Members of the CWDCU, acting on information known to the commonwealth, were conducting a drug investigation in the area of Norfolk St. On this date, officers observed XXXconduct what appeared to be a hand to hand transaction with an individual known to officers. XXXwas followed, then stopped when safe to do so. XXXwas initially cooperative, when Officer Neely advised him that if he did not have any warrants, they would summons him into court, if he handed over any contraband. As the C111D arrived, XXXstarted shaking noticeably and stated he was fearful of the police. XXXappeared to have something in his mouth, and after Officer Neely asked him about it, he made a swallowing gesture, making the officers on scene believe he swallowed narcotics. Officer Neely advised him that the BPD would provide Boston EMS if he did in fact swallow drugs. XXXwas uncooperative stating he did not buy any drugs. As officer Neely began looking for drugs on his person, he started saying that officer Neely was ""touching his dick"". The C111D BWC was activated. XXXwas released without incident."
FC25002683,2025-05-29 09:00:00,NEW CHARDON ST,BOSTON,2114,Stopped,Probable Cause,,,Female,White,Not of Hispanic Origin,66.0,,,0,"Officers observed multiple people in the rear of XXXNew Chardon street, with multiple no trespassing signs in the area, Officers stopped and identified XXXDOB XX/XX/XXXXXXXfrequents the area, and was observed in contact with multiple others with past drug history. AK01D (Simas/McCullough)"
FC25002680,2025-05-29 13:20:00,,BOSTON,2118,Stopped,Probable Cause, Body Worn Camera,,Male,White,Unknown,59.0,,,1,"Subject stop for male on bicycle, appeared to be manipulating what appeared to be a crack pipe. Officers attempted to move the male along however male blatantly disregarded officers and attempted to smoke. Officers stopped and identified male to be XXX(DOB XX/XX/XXXX CJIS inquiry revealed no active warrants. FIO and released. Pasquantonio/Jacobs/Dowling/Stoddard"
FC25002699,2025-05-29 20:10:00,NEW CHARDON ST,BOSTON,2114,Stopped,Reasonable Suspicion , Body Worn Camera,,Male,White,Not of Hispanic Origin,28.0,,,1,"Officers observedXXX loitering behind XXXNew Chardon Street with multiple known drug users. XXXwas observed sitting next to a female with a crack pipe in her hand. Upon approach, XXXdug his left hand into his pant pocket and attempted to avoid Officers initial commands. XXXwas a self-admitted alcoholic but denied using drugs. Other individuals in the area stated that XXXroutinely asks for small amounts of crack cocaine. Officers searched XXXpockets for drugs to no avail. FIO for ID and intel. AK02F (Lukas/Rooney)"
FC25002850,2025-06-04 10:30:00,,BOSTON,2118,Stopped,Probable Cause, Drugs,,Female,White,Hispanic Origin,56.0,,,0,Officers assigned to the Mass and Cass walking beats observed the suspect (XXX) hunched over lighting a crackpipe. The officers observed there to be no drugs inside of the pipe at that time and confiscated it. A CJIS query revealed active warrants for the suspect. The suspect was informed that possession of paraphernalia is an arrestable offense and that officers would write a report stating that she was informed.
FC25002893,2025-06-05 02:01:00,,JAMAICA PLAIN,2130,Stopped,Reasonable Suspicion ,,Suv (sport Utility Vehicle),Male,Black,,28.0,,,1,"TS Vals (NO inspection sticker) As officers approached they observed the driver XXX shoving something into the center console. Officers asked for the registration of the vehicle and the male would not open the center console or glove box and claimed the motion was him looking for registration and that it was at his house. The front passenger was later identified as XXX(No bop) Officers removed the occupants of the vehicle and observed there to be a black shopping bag with marijuana in the center console. Ms. XXXacknowledged XXXactions and stated ""It's just 14 grams I'm not sure why he did that."" Mr. XXXcontinually stated to officers that black males do not shoot the police and that officers shoot and kill black males every day. Officers continued to explain their observations which XXXdid not listen to but just kept interrupting them. Verbal Warning issued."
FC25003020,2025-06-11 20:37:00,BAIRD ST,DORCHESTER,2124,Stopped,Probable Cause, Body Worn Camera,Passenger Car/ Automobile,Male,Black,,25.0,,,1,"YVSF - 8:37PM XXXBaird St TS XXXfor window tints The vehicle was driven by XXX who stated the car was his father's. XXXhas multiple documented associations with known XXX Numerous on-scene observations by officers were captured and explained on BWC, leading to an exit order and pat frisk of the person and vehicle, yielding negative results. Officers issued a verbal warning for the window tint and an open container of marijuana. XXXreports he has applied for his LTC out of Brockton and works security at Dimock Hospital."
FC25003137,2025-06-18 00:58:00,BLUE HILL AVENUE,DORCHESTER,2124,Stopped,Probable Cause, Body Worn Camera,Suv (sport Utility Vehicle),Male,Black,Not of Hispanic Origin,26.0,Thin,Light Brown,1,"T/S for VAL (Speeding) on a 2024 White Buick Envision MA REG: XXXat XXXBlue Hill Ave. Operator: XXX (DOB: XX/XX/XXXXPrior F/As, Distribution Class A, Class B. Due to multiple observations on scene an exit order was issued. MV/Occupant frisked to no avail. While speaking with XXXhe stated that he was shot months prior in Stoughton and stated that if he had something on him, he would have made officers work for it. Verbal Warning issued. FIO'd to associate XXXto MV. CK01A (McPherson, Calabrese)"
FC25003344,2025-06-28 12:30:00,MASSACHUSETTS AVE & MELNEA CASS BLVD,BOSTON,2119,Stopped,Reasonable Suspicion , Body Worn Camera,,Male,Black,Not of Hispanic Origin,25.0,Thin,Medium Brown,1,"Members of the B-3 Drug Control Unit under the direction of Sgt Det. Champagnie were conducting a drug investigation in the area of 112 South Hampton Street. Officers observed XXXconduct what appeared to be several hand-to-hand drug transactions. After each transaction, XXXwas observed placing a plastic bag down his pants. Officers requested the assistance of a marked patrol unit to conduct a threshold inquiry. As Officers approached XXXXXXattempted to flee by running on Mass Ave. Officers were able to stop XXXand place him into handcuffs. A frisk was conducted which yielded negative results. Based on Officers observation, location of the stop and XXXbehavior along with him wearing two layers of pants. XXXwas brought back to District 4 to conduct a more thorough interview and search. XXXadmitted to Officers that he no longer had narcotics on his person. A further search was conducted which yielded negative findings."
FC25003489,2025-07-05 10:00:00,,BOSTON,2118,Stopped,Intel, Homeless,,Male,White,Unknown,50.0,Medium,,0,Officers observed a known B&E offender in the area of E Springfield Street & Harrison Ave. Individual is aXXXand on today's date he was wearing a long white tee shirt and grey (dark color) shorts. XXXappeared to be back on narcotics and has been out of the area for several months. XXXhas 188 Adult arraignments on the BOP FIO for intel D691&D613 (Crowley & Byrnes)
FC25003508,2025-07-06 03:28:00,COLUMBIA RD,SOUTH BOSTON,2127,Stopped,Probable Cause, Body Worn Camera,Suv (sport Utility Vehicle),Male,Black,Not of Hispanic Origin,43.0,Muscular,Medium Brown,1,"3:28AM T/Stop of MA Reg XXX(Expire Inspection Sticker 90/20) at Day Boulevard/M St. Op: XXX (Prior F/A, 94C) Mr. XXXbecame confrontational with officers over the use of a flashlight and looking into his vehicle during the traffic stop. Mr. XXXmade multiple excited utterances about firearms and drugs in the vehicle. Exit order given. Frisk of the driver and vehicle for weapons to no avail. Officers are aware Mr. XXXis on Pre Trial Probation with a condition of staying away from XXXOld Colony Ave and the Mary Ellen McCormack Projects. Mr. XXXwas not observed in that vicinity but did drop off an unidentified female in the vicinity of the Old Harbor Projects. Verbal Warning for VALS. FK01A (Walsh/Hill)"
FC25003710,2025-07-08 09:25:00,ALBANY ST,BOSTON,2118,Stopped,Probable Cause," Homeless, Drugs",,Male,Black,Not of Hispanic Origin,28.0,Medium,,1,"Officers assigned to Mass and Cass walking beat observed the suspect (XXX holding what appeared to be a crack pipe outside of XXXAlbany Street, Boston. Officers stopped the suspect and noticed a knife on the window ledge of the building in front of the suspect. Officers confiscated a kitchen knife with a black handle and silver blade about 8 inches in total length. The blade was wrapped inside of a blue colored rag. The suspect stated that was his ""protection."" Officers informed the suspect that he could not carry knives openly within city limits and crack pipes are a prohibited item. A CJIS query yielded no active warrants. The pipe and knife were disposed of in the proper manner at district 4."
FC25003602,2025-07-10 16:50:00,SOUTHAMPTON ST,ROXBURY,2118,Stopped,Probable Cause," Encampment Response, Drugs, Homeless, Body Worn Camera",,Male,White,Not of Hispanic Origin,57.0,,,0,"Officers observedXXX XX/XX/XXXXtrespassing by the loading docks across the street from XXXSouthampton. Approached and ID'd, confirmed 3 warrants (poss. Class B x2, receiving stolen prop.). Also in poss. pf drug paraphernalia. Officers did not arrest due to coloscopy bag. Advised to clear warrants and leave property. Pressley/Lopez F685F/F684F"
FC25003604,2025-07-10 18:55:00,,BOSTON,2119,Stopped,Reasonable Suspicion ," Drugs, Body Worn Camera",Passenger Car/ Automobile,Female,White,Not of Hispanic Origin,54.0,Medium,,0,"Officer observed a white female quickly park MA REG XXXin a 'No Parking"" area on Gerard Street, next to the entrance to the Sunoco Gas Station. Officer queried the plate and observed the female to be the owner, XXX Officer drove past the vehicle and Ms. XXXand an unknown black male separated, with the black male (red sweatshirt, white lettering on the front, khaki pants). Officer called the female by her name and she walked to the Officer. Officer asked the female if she had purchased drugs from the male which she stated 'No' and informed the Officer she was about too, and showed the Officer a $20 bill. Ms. XXXstated she recently relapsed. services were offered to Ms. XXXbut she declined stating she was already in services. Ms. XXXwas advised to leave the area and return home to where she can receive services. Male was not ID'd."
FC25003643,2025-07-12 13:45:00,WARD ST & DORCHESTER ST,SOUTH BOSTON,2127,Stopped,Reasonable Suspicion , Body Worn Camera,,Male,White,Not of Hispanic Origin,42.0,Thin,,0,"R/C for larceny in progress at Ward St. and Dorchester St. Officers stopped (XXX D.O.B. XX/XX/XXXXlarceny on BOP, multiple prior B&E on BOP, and prior F/A on BOP). Officers observed XXXriding a City Blue Bike while in possession of golf clubs. Officers observed XXXto be disheveled and unkempt in appearance, with multiple visible abrasions on his arms and legs, wearing a hospital identification bracelet on his wrist. Additionally, officers observed XXXpupils to be markedly constricted (pinpoint), which officers know to be a common psychological indicator consistent with opioid/heroin use. Officers observed this individual to be in possession of a set of high-end Titleist golf clubs, which appeared to be inconsistent with his current physical condition and overall presentation. Although officers could not identify an owner of the golf clubs, officers confiscated the golf clubs and logged them as property at the C6 District Station. A CJIS query of XXXrevealed no active warrants. FIO to associate XXXwith the area. Millane/Swanson (F102D)"
FC25003655,2025-07-13 02:26:00,,DORCHESTER,2121,Stopped,Probable Cause, Body Worn Camera,Passenger Car/ Automobile,Male,Black,Not of Hispanic Origin,25.0,,,1,"About 2:26 AM on Sunday, 07/13/2025, Officers assigned to District B-3 conducted a traffic stop for tints (MGL 90/9D) and expired inspection sticker (MGL 90/20) in the area of Blue Hill Ave and Devon Street. Operator identified as XXX (DOB XX/XX/XXXXprior f/a). XXXwas cordial throughout the stop, however he repeatedly pointed out other vehicles that he believed were committing moving violations. Officers observed what appeared to be a wrapper protruding from the panel beneath the center console. Officers are aware that illicit substances and weapons, particularly firearms, are sometimes hidden within panels and an exit order was issued. Frisk of XXXand his vehicle yielded negative results, the wrapper was determined to be an empty package of marijuana. Written warning issued for tints, inspection sticker, and plate cover. C112A (Ashe/Parlon)"
FC25003688,2025-07-14 12:30:00,MASSACHUSETTS AVE & WASHINGTON ST,BOSTON,2118,Stopped,Probable Cause," Body Worn Camera, Drugs",,Male,Black,Not of Hispanic Origin,38.0,Muscular,Medium,1,"Officers conducted a subject stop onXXX XX/XX/XXXXstemming from information regarding a drug investigation. Officers conducted a search of a black Nike backpack that was in Mr. XXXpossession, as well as his persons. Officers also conducted a CJIS inquiry of Mr. XXXwhich was negative for warrants. Officers did not recover any contraband from this search Officers did observe Mr. XXXto be in possession of numerous clothing items with ""TJ Maxx"" tags on them. His BOP includes: Poss F/As. robberies, ABDW, BEs, Indecent A/B, shoplifting D-4 CIT Van (Lonergan/Lerro/Dahill/Penella) and the D913 (Sgt. Stoddard)"
FC25003687,2025-07-14 14:15:00,WALDECK ST,DORCHESTER,2124,Stopped,Probable Cause, Body Worn Camera,,Female,White,Hispanic Origin,47.0,Thin,Light,0,"SS ofXXX (ADW/94c) at XXXWaldeck St. Officers have made numerous drug arrests at and around XXXWaldeck St and are aware there has been an uptick in community complaints of trespassing. Officers asked Ms. XXXif she lives at XXXWaldeck to which she stated she does not. Officers advised her she was trespassing (numerous signs posted). A CJIS query yielded negative warrants. Over the last several months, XXXhas appeared to frequent the Fields Corner area specifically areas known for the use and sale of drugs. XXXwas wearing red pants, a red tank top and a red hat with small white designs on it. XXXwas given a verbal warning and released. HK01D (E. Foley/Taylor)"
FC25003729,2025-07-15 00:00:00,SOUTHAMPTON ST,ROXBURY,2118,Stopped,Probable Cause," Encampment Response, Homeless, Drugs, Body Worn Camera",,Male,Black,Not of Hispanic Origin,50.0,,,1,"Officers observed suspect XXX with glass pipe (w/ brown residue) in his hand. Suspect (XXX, upon noticing officers, turned his body and fled in opposite direction and dropped pipe. Stopped, ID'd, and searched based on PC (plain view of pipe). Officers found small amount of brown, powder-like substance in folded dollar bill located in suspect's sock (suspected to be heroin). No active warrants. Previous drug charges on the BOP. Officers seized and destroyed the substance. FIOE for intel. Pressley/Adams (F685F/F684F)"
FC25003909,2025-07-22 16:20:00,NORTHAMPTON ST,ROXBURY,2118,Stopped,Probable Cause," Drugs, Body Worn Camera",,Male,Black,Not of Hispanic Origin,55.0,,,0,Officers observed a group of people sitting on the ground in front of XXXNorthampton Street. Officers approached the group and observed multiple glass pipes used to smoke crack cocaine. Officers spoke with XXX who they recognized from a prior arrest on 07/09/25 (I252055361). XXXwas holding a glass pipe and foil. Officers spoke with him and advised him to seek treatment at various locations for substance abuse. Street outreach (Y914 and YD53) responded on scene and gave out paper reference guides for XXXand others in the group for specific treatment information. Aragones/Dowling
FC25003920,2025-07-22 16:27:00,,BOSTON,2118,Stopped,Reasonable Suspicion ," Drugs, Body Worn Camera",,Female,White,Hispanic Origin,36.0,Thin,Medium,0,Officers were dispatched to a radio call for individuals using drugs in the area of Washington and W Springfield. This address has been subject of a tremendous number of calls for service regarding these issues. Officers encountered two females seated on the ground next to parked motor vehicles. One of the females appeared to be significantly more impaired than the other. This individual identified herself as XXX XX/XX/XXXXMs. XXXappeared to have bandages around her legs and small sores under these bandages. Ms. XXXhad a hospital wristband on and stated she had just gotten out and did not have interest in returning. Ms. XXXinformed Officers she utilizes crack cocaine as well as heroin. Ms. XXXand the other female gathered their belongings and left the area. FIO conducted of Ms. XXXin order to possibly petition for a Section XXXon her behalf. D203F (McDonough/Feeney)
FC25004061,2025-07-27 10:00:00,SUMMER ST,BOSTON,2111,Stopped,Probable Cause, Body Worn Camera,,Male,White,Unknown,31.0,Thin,Light,1,"Officers stopped the following subject at XXXSummer Street, Downtown XXXDOB XX/XX/XXXX- open trespassing case out of Boston District Court, 94C, B&E, on BOP. XXXwas walking down the sidewalk manipulating what appeared to be a crack pipe in his hands. Officers approached XXXwho quickly placed the glass pipe into his pocket once he realized the presence of the officers. XXXthen confirmed it was a crack pipe and handed it to officers and stated "" this is all I have left"". The glass pipe still had a light coating of white residue inside. Search of XXXyielded negative result. XXXstated to Officers that he just got out of Barnstable District Court and took a bus into the city. Officers observed XXXhanging around in the Downtown Crossing area with known drug users during the beginning of their shift. This is the first interaction officers have had with XXXinside the district. McCullough/Lukas/ Scott (AK01D)"
FC25004123,2025-07-29 00:00:00,,ROXBURY,2119,Stopped,Probable Cause," Drugs, Homeless",,Female,White,Unknown,37.0,Thin,Light,0,"Encountered Ms.XXX sitting on the sidewalk of Howard and Gerard St. attempting to inject a needle in her arm. Ms.XXX had white powder on her nose consistent with drug resiude. Ms.XXX tried hiding the needle upon her seeing the police cruiser. Ms.XXX denied medical assistance and further treatment. Ms.XXX stated she has a bed at Wood's Mullen and left the area. Ms.XXX has been observed recently wandering this area around Gerard, Howard, Norfolk, Hampden, Melnea Cass. B911"
FC25004127,2025-07-30 10:09:00,,BOSTON,2118,Stopped,Probable Cause, Drugs,,Female,White,Not of Hispanic Origin,37.0,Thin,Light,0,"At about 10:00 AM on Wednesday, July 30, 2025, Officer Lajara (YD56) encountered XXX at Reed and East Lenox Street. Ms. XXXwas in possession of a loaded syringe and appeared to be preparing to inject, indicating active IV drug use. She was alert and able to speak with officers, and ultimately agreed to accept voluntary treatment services. At about 4:00 PM, SOU officers were notified that Ms. XXXhad left PAATHS, located at XXXAlbany Street, without completing the intake process. Given her continued drug use and inability to remain engaged in treatment, SOU officers will be moving forward with a Section 35 petition."
FC25004167,2025-08-01 16:40:00,,BOSTON,2118,Stopped,Reasonable Suspicion ," Drugs, Elderly, Homeless",,Female,White,Not of Hispanic Origin,55.0,Thin,,0,"Officers in the D101D observed a large gathering of people impeding the foot traffic on the public sidewalk near the intersection of Mass Ave and Albany St. Officers observed the suspect XXX) who had been holding a crack pipe and a lighter while sitting on the concrete. Officers conducted a subject stop and confiscated two crack pipes from her and noticed agitated behavior, enlarged pupils, and she appeared unbathed. Officers advised her to leave the area and not to impede foot traffic."
FC25004223,2025-08-04 16:45:00,W CONCORD ST,BOSTON,2118,Stopped,Probable Cause," Warrant Arrest, Body Worn Camera, Homeless",,Male,Black,Not of Hispanic Origin,29.0,Thin,Light Brown,1,Officers made an onsite warrant arrest ofXXXon the front steps of XXXW Concord Street. This address has been a recent area of community complaints. Officers observed XXXto be holding a used crack pipe and a few sores along his arms. XXXalso informed the officers that he is currently suffering from short term memory loss. XXXinformed the officers that he would like the officer to refer him to the BPD Street outreach Unit. DK01F (Crowley & Tucker)
FC25004245,2025-08-05 19:36:00,HYDE PARK AVENUE,BOSTON,2131,Stopped,Reasonable Suspicion , Drugs,Passenger Car/ Automobile,Male,Black,Hispanic Origin,29.0,,,1,"Under the direction of S/D. Champagnie, members of the Drug Control Unit, detailed to District B3, were in the area of Cummins Hwy and Fairway St, Mattapan, MA, conducting a drug investigation. On Tuesday August 05, 2025 at about 07:30 PM, Officer Leon, while in the area mentioned above, did observe an unknown male described as a 18-20 year old brown skinned male with curly twisted hair, enter the front passenger seat of Mass Reg XXXwhich had been waiting in the Burger King parking lot located at XXXCummins Hwy for a few minutes prior to the unknown male entering said M/V. Said M/V then pulled out of the parking lot, parked on on cummins Hwy facing River St and proceeded to allow the unknown male to exit. Said M/V then conducted a U-turn and proceeded to drive up Cummins Hwy towards Harvard St. Officer Leon then requested assistance via BPD Channel #3, with assistance in conducting a threshold inquiry with the driver of said M/V. With the assistance of marked Boston Police units, said M/V was stopped in the area of XXXHyde Park Av. Officer Leon proceeded to speak to the operator of said M/V, who was then identified as one,XXX (DOB XX/XX/XXXXThe Officer informed XXXof his observations and asked if XXXwas in possession of any drugs or weapons to which XXXreplied ""no"". XXXwas asked to step out of said M/V, Officer Leon conducted a pat frisk of XXXpersons for any weapons or drugs to no avail. During a pat frisk of XXXM/V, Officer Leon was able to locate one clear plastic bag containing a green leafy substance believed to be marijuana in the middle arm rest of said M/V. XXXwas FIO'ed and released from the scene. It should be noted that the unknown male that was observed entering and exiting XXXM/V, was seen prior to this incident entering and exiting another M/V (Mass Reg XXXthat was also waiting in the Burger King parking lot at about 06:52 PM on today's date."
FC25004272,2025-08-06 17:45:00,MASSACHUSETTS AVE,BOSTON,2118,Stopped,Probable Cause," Homeless, Drugs, Body Worn Camera",,Female,White,Not of Hispanic Origin,29.0,Thin,,0,"Officers in the CIT response van observed XXX trespassing, sitting on the steps at XXXMassachusetts Ave in an altered state. Officers observed XXX to have a crack pipe on the steps with her that officers confiscated. XXX appeared to be suffering from drug usage with multiple sores. XXX refused medical attention. XXX vacated the area."
FC25004271,2025-08-06 18:00:00,MELNEA CASS BLVD,ROXBURY,2119,Stopped,Probable Cause," Body Worn Camera, Drugs, Homeless",,Female,White,Not of Hispanic Origin,45.0,Thin,Light,0,"Officers in the CIT response van encountered XXX (DOB XX/XX/XXXXa known drug user slumped over in a wheelchair outside of XXXMelnea Cass Blvd. Officers attempted to wake XXXon multiple occasions to no avail. Officers then patted XXXon the shoulder who eventually came to and appeared extremely disoriented. Officers observed several sores on her face, hands and arms. Officers also observed a crack pipe and lighter on the wheelchair next to her. XXXinformed the officers that she was homeless but would leave the area. FIO will be referred to the BEST Team."
FC25004285,2025-08-06 22:45:00,,BOSTON,2119,Stopped,Reasonable Suspicion ," Drugs, Body Worn Camera",,Male,Black,Not of Hispanic Origin,27.0,Thin,Medium Brown,1,"On Wednesday, 08/06/2025, at about 10:50pm, T/s for no tail lights illuminated at the intersection of Malcom X Blvd / Dudley St of NJ Reg XXX Operator identified as XXX (DOB: XX/XX/XXXXBOP includes open case out of Rox Dist Court for Poss w/I Class B. Officers on scene observed large p/b of marijuana in the rear seat of vehicle. Numerous observations on scene lead to an exit order and subsequent search of XXXvehicle. During this search, officers located approximately 92G of crack cocaine and 1,145G (40.3 Ounces) of marijuana. XXXcontested the exit order and resisted officers attempts to place him in handcuffs. XXXwas charged accordingly. BK02F (Kovaleski / Gilmore / L. Ryan)"
FC25004295,2025-08-07 09:00:00,,ROXBURY,2119,Stopped,Reasonable Suspicion ," Drugs, Encampment Response",,Male,Black,Unknown,50.0,,,1,Officers encountered this individual in the area of Albany Street and Northampton Street after observing hi appear to be passing unknown drugs to other individuals.XXX became very aggressive with officers after officers attempted to retrieve suspected drugs from his hand.XXX was able to destroy the drugs.XXX made statement to resist during any future encounter with officers
FC25004349,2025-08-09 14:35:00,COLUMBUS AVE,BOSTON,2116,Stopped,Probable Cause," Homeless, Drugs, Body Worn Camera",,Male,White,Not of Hispanic Origin,55.0,,,1,Subject stop for drug possession.XXX XX/XX/XXXXwas observed cutting up crack cocaine on the sidewalk in front of XXXColumbus Avenue. Several pieces recovered during search. XXXwas confrontational throughout the interaction. Currently sheltering at XXXSouthampton. Summoned for possession and advised to depart area. Lengthy BOP outside of Boston. Updated photo attached. FIO for intel. Doolan/Kearney [D101D]
FC25004375,2025-08-12 04:06:00,,ROXBURY,2119,Stopped,Reasonable Suspicion ,,Suv (sport Utility Vehicle),Male,White,Not of Hispanic Origin,33.0,,,0,"On Tuesday 08/12/2025 about 04:06 AM Sergeant Colby was assigned on overtime to the New Market Area and while on patrol observed a 2025 white Jeep Wrangler Massachusetts registration XXXcircling the area for approximately 2 hours. The area known as ""methadone mile"" is plagues with drugs and prostitution. Sergeant Colby conducted a traffic stop / threshold inquiry of the motor vehicle and identified the driver as XXXfrom XXXBrainard Avenue, Medford. XXXspoke very little English but through a translate ""app""; Sergeant Colby was able communicate withXXXXXXstated that he just liked to drive around at night for no particular reason. XXXalso stated that he worked for Dubai Customs. Sergeant Colby informed XXXthat the only thing in the area at that time of the morning were drugs and prostitutes so he should choose somewhere else to drive around."
FC25004409,2025-08-13 00:00:00,,BOSTON,2111,Stopped,Intel," Body Worn Camera, Drugs",,Male,White,Not of Hispanic Origin,29.0,Thin,Light,1,"Officers assigned to the Community Interaction Team (CIT) were made aware from the A-1 Tactical Operations Center of active drug usage in the area of Avery/Wash. Upon arrival Officers observed XXX appearing to be under the influence of an unknown substance. Officers asked what his drug of choice was and XXXstated ""Meth"" , Officers then requested Boston EMS for an eval. Officers observed XXXtalking to himself as well as not being able to control his body motions. Officers observed XXXkeep attempting to put his hands into the pocket of his pants, at which point Officers conducted a pat frisk which yielded negative for weapons. A CJIS inquiry of XXXyielded 2 active warrants out of the Boston University Police Department. Due to XXX severely altered mental state due to drug usage Officers sent XXXto Tufts Medical Center for a further medical eval. advised XXXto clear warrant upon release. Whalen/Travers (703/715)"
FC25004414,2025-08-13 16:25:00,MELNEA CASS BOULEVARD,BOSTON,2119,Stopped,Probable Cause," Body Worn Camera, Homeless, Drugs",,Male,White,Not of Hispanic Origin,48.0,Thin,,0,Officers in the CIT response van encountered XXX(DOB XX/XX/XXXXat XXXMelnea Cass Blvd with multiple uncapped needles surrounding him. XXXinformed officers that he had a severe leg infection which officers did observe on both legs. XXXstated he was on his way to the hospital to seek treatment. FIO will be referred to the BEST Team. (D701/702/703/704F)
FC25004444,2025-08-14 22:12:00,,BOSTON,2114,Stopped,Reasonable Suspicion ," Homeless, Body Worn Camera, Drugs",,Male,White,Not of Hispanic Origin,38.0,Thin,Light,1,"Officers were in the West End in the area of Portland St and Valenti Way looking for a suspect of a crime which occurred on Causeway when they were waived down by employees at the Penny Weight Hotel stating a guy had just ran through the back door of the building and said he was being chased. Officers observed a male running down Portland St towards Valenti Way and stopped him. Officers identified the male asXXX (DOB XX/XX/XXXXXXXstated he saw the lights and started running because he thought he was being arrested for a warrant. XXXhad a crack pipe on his person and stated he had smoked about 2 hours ago. XXXBOP is extensive consisting of indecent, resisting, ABDW, receiving stolen prop, 94c offenses, and B&Es. FIOE completed to associate to area. A421F Ganss"
FC25004448,2025-08-15 00:10:00,,DORCHESTER,2125,Stopped,Intel, Body Worn Camera,,Male,Black,Hispanic Origin,36.0,Medium,,1,"About 12:10 AM on Friday 08/15/2025 Officers Polanco and Bennett responded to a radio call for an investigate person at E Cottage and Columbia Road. Upon arrival the Officer encountered and stopped the subject (XXX at the aforementioned address due to him matching the description given to officers prior to their arrival ""Black male, black hoodie and white mountain bike"". Officers spoke to Mr. XXXwhich stated that he was hanging around there waiting to score some drugs for the night. A CJIS query revealed no active warrants."
FC25004502,2025-08-18 09:00:00,DARTMOUTH ST,BOSTON,2116,Stopped,Intel," Drugs, Homeless",,Male,Black,Not of Hispanic Origin,38.0,Muscular,Medium,0,"About 9 am on 8/18/25, Officers Feeney and Jefferson (D103D) responded for a removal at the Dartmouth St Parking garage, Officers encountered 3 individuals who appeared to be using drugs in the garage and were asked to leave. Another individual, Officer Feeney recognized from a prior stop, took off running and fled the garage. Officers were able to speak with him outside and confirmed it to beXXXwas wearing a brownish T shirt with the sleeves cut off and his hair was in a large ponytail."
FC25004513,2025-08-19 07:15:00,,ROXBURY,2118,Stopped,Probable Cause," Encampment Response, Homeless, Drugs",,Male,Black,Hispanic Origin,44.0,Medium,Light Brown,0,"At about 7:15 am, on Tuesday, 8/19/25, Officer Lajara, while on patrol in the area of Washington Street & Thorndike Street, stopped Mass & Cass affiliate XXXOfficer Lajara observed XXXstanding on the sidewalk holding a used glass pipe, commonly used to smoke crack cocaine, and a syringe. Mr. XXXwas informed that he and his partner,XXX, had received a couple’s shelter placement at the Envision Hotel. They were also provided storage bins through the city’s storage program and advised to pack their belongings and be ready for transport at 11:30 am."
FC25004534,2025-08-20 08:00:00,MASSACHUSETTS AVE & MELNEA CASS BLVD,BOSTON,2119,Stopped,Probable Cause," Drugs, Homeless, Elderly",,Female,White,Unknown,56.0,,,0,"About 08:00AM, on Wednesday, August 20, 2025, Officers assigned to the D691D and the D693D in the area of Mass Ave and Melnea Cass Blvd observed XXXin a hunched position leaning against the fence holding a crackpipe and loading a metal filter into it. Officers observed several uncapped needles at her feet. Officers confiscated the illegal crackpipe and observed Ms. XXXto have pinpoint pupils. She stated that she had been in on and off treatment for most of the year. She stated that she has been homeless in the Mass and Cass area for the last 1.5 months and did not want to live like this any longer. She stated that she had a new grandchild and wanted to clean up for her family. Officers contacted XXX Boston Mayor's Officer Coordinated Response Team, and XXX Street Outreach. Officers walked Ms. XXXPATHS who stated they would assist with detox programs."
FC25004540,2025-08-20 14:30:00,,BOSTON,2118,Stopped,Reasonable Suspicion ," Homeless, Body Worn Camera, Drugs",,Female,White,Not of Hispanic Origin,30.0,Thin,,1,"Officers assigned to Mass and Cass responded to a radio call for a woman in and out of traffic who appeared under the influence of drugs. Officers made contact with Ms. XXX who stated that she had been tired and needed to rest. She stated that she would like EMS because she felt like she had diabetes, had a sore arm and leg, but stated she was in good mental heath. Officers observed her to close her eyes and mumble unintelligible things at a low volume. Squad80 arrived on scene and evaluated her who stated that she did not need medical attention and refused hospital transportation. She stated that she needed a ride to Pine Street Inn. Officers provided a courtesy ride to the shelter due to concern for her ability to observe vehicle traffic. Duty supervisor notified. A Pat frisk of her clothing provided negative results for weapons. During transportation she continuously spoke to herself stating “nobody ever thinks I am pretty, they all have it so good, I always get the hard shit.” Officers observed her to start crying and her eyes roll. She avidly refused medical attention several times. Upon arrival at the Women’s Pine Street Inn, officers walked Ms. XXXinto the shelter and observed the staff to conduct an initial intake. Body worn cameras activated."
FC25004557,2025-08-21 10:50:00,MASSACHUSETTS AVE & MELNEA CASS BLVD,BOSTON,2119,Stopped,Probable Cause," Drugs, Homeless, Body Worn Camera",,Male,White,Hispanic Origin,35.0,Medium,Medium,0,"The officer assigned to Mass and Cass observed Mr. XXX at the intersection standing with a group of about 4-5 unknown persons. The officer observed Mr. XXX turn his back to the officer and stick out his right arm to toward the group, upon turning back he had a closed right hand with his arm extended. The officer approached and the group separated. Mr. XXX opened his right fist and white residue fell onto the ground. The officer observed Mr. XXX to have a white foamlike substance on both corners of his mouth, dilated pupils, shaky hands, while unsteady on his feet. Mr. XXX avidly refused voluntary treatment and medical services."
FC25004563,2025-08-21 13:20:00,,DORCHESTER,2125,Stopped,Probable Cause, Drugs,,Male,White,Not of Hispanic Origin,55.0,,Light,0,"On todays date, Officers were in the area of Annabel and Columbia Rd on a sperate investigation when Officer Neely observed XXXapproach a black male wearing all black, with a shiesty covering his face, and a fanny pack across his chest. Officer Neely observed a hand to hand transaction, believing a drug deal just took place. XXXwalked towards KFC with a cupped fist, consistent with holding drugs. XXXwas stopped and threw small crumbs of crack cocaine into the corner of the KFC parking lot, closest to the 7/11. XXXstated the kid gave him a sample and threw it when he was stopped by the officer. FIO and release. Officer Neely was unable to retrieve the drugs as it was thrown in a dirt pile, in the corner of this lot, that the homeless use as a restroom. Invest on going."
FC25004601,2025-08-23 20:30:00,BELLFLOWER STREET,BOSTON,2125,Stopped,Encounter," Gang, Body Worn Camera",Suv (sport Utility Vehicle),Male,Black,Not of Hispanic Origin,23.0,Medium,Dark,0,"Officers made observations of MA REG: XXXin the area of XXXGavin Way. Registered owner XXX (Multiple F/A; ActiveXXX, suspended license. Officers observed the vehicle leave XXXGavin Way and travel to XXXBellflower. Both areas are known to officers for drug distribution from recent arrests. Officers observed the vehicle to have excessive tint. A CJIS inquiry also revealed a BOLO for erratic operation (MSP Milton 08/17). Officers approached the vehicle in the parking lot at XXXBellflower and observed the operator to be XXX / Several F/A arrests specifically in C6). Officers observed bags consistent with street level drug distribution in the vehicle. Officers also observed open Marijuana in the vehicle. XXXwas removed from the vehicle. Officers located a large amount of USC in the vehicle which was returned to XXXat the conclusion of the stop. XXXwas issued verbal warning for tints, open container marijuana. FK01F (Kelly, Burke) V822 (Det Dodd)"
FC25004618,2025-08-24 17:48:00,,ROXBURY,2118,Stopped,Reasonable Suspicion ," Body Worn Camera, Drugs",,Male,White,Not of Hispanic Origin,41.0,Heavy,Light,0,"Officers Jean and Deane, in the D103F observedXXX (DOB: XX/XX/XXXXwalking along Harrison Avenue with a group. Mr. XXXleft the group and continued walking with an unidentified Black female. They made a right turn onto East Lenox Street, where they stopped. During this time, Mr. XXXwas seen reaching into his right pocket and then handed the female an unknown item with a closed fist. In exchange, she appeared to give him cash. The officers approached Mr. XXXto conduct a threshold inquiry regarding the item exchanged. When questioned about the nature of the item he handed to the female, Mr. XXXstated that he had only given her a lighter. A check with the Criminal Justice Information System (CJIS) revealed no active warrants for Mr. XXXSubsequently, he was released without further incident."
FC25004631,2025-08-25 12:40:00,,BOSTON,2118,Stopped,Probable Cause, Drugs,,Male,Black,Hispanic Origin,42.0,,,1,"Area D-4 DCU officers under the direction of Sgt. Stoddard were monitoring the area of mass Ave/Melnea Cass Blvd for drug activity. Officers observed XXXmeet with an individual at the corner of mass Ave/Gerard St. Officers observed a hand to hand exchange of items from XXXMoney) to an unknown individual, who in turn handed XXXa small item XXXinspected this item and walked around the corner to Gerard St. Officer O'Donnell observed XXXholding a crack pipe with a small stick and seemed ready to ingest the drugs. Officer O'Donnell approached XXXand identified himself as a BPD officer showing XXXhis badge. At that point XXXmade a swallowing motion and backed away from Officer O'Donnell. XXXstated he didn't purchase any drugs nor meet with anyone. XXXalso denied having drugs or swallowing drugs. XXXallowed Officer O'Donnell to search his pockets and ""fanny pack"" he was carrying. No drugs were found. Once again XXXwas asked if he had drugs or swallowed any items to which he emphatically stated No. XXXwas identified and released from the scene XXXstated he was currently homeless, Sgt Stoddard who was also on scene stated to XXXthere are services in the district if he needs assistance. XXXstated he knows where to go for help. XXXwas released from the scene"
FC25004634,2025-08-26 02:20:00,,BOSTON,2111,Stopped,Reasonable Suspicion , Body Worn Camera,Passenger Car/ Automobile,Male,Black,Unknown,25.0,Medium,,0,"About 2:20am on August 26, 2025 Officers conducted a Traffic Stop at Washington and Avery Streets for a blatant red light violation. Officers stopped a 2015 Maserati Ghibli XXXOperator was identified as XXXstated he was coming from Centerfolds strip club to see his girlfriend. Officers smelled a strong scent of burnt marijuana and the driver admitted to smoking two hours prior. Due to the statements and observations, Officers conducted SFST's and found XXXto pass. while investigating XXXofficers discovered XXXto have ties to Cameron St, and prior charges for possession of a Taser. Uniform Citation issued. FIOE for association to the vehicle."
FC25004698,2025-08-30 02:45:00,WASHINGTON ST,DORCHESTER,2124,Stopped,Probable Cause," Warrant Arrest, Body Worn Camera",Suv (sport Utility Vehicle),Male,White,Hispanic Origin,38.0,Medium,Medium Brown,1,"T/S of 2021 black Jeep Grand Cherokee (MA REG XXXfor 90/16 (improper operation of a M/V) at XXXWashington St, Dorchester. Operator: XXX (Prior F/A, 94C Trafficking charges, Armed Robbery, and multiple A&B related offenses). XXXwas extremely nervous and attempted to exit M/V during officer's approach. XXXstated to officers on multiple occasions ""don't worry you got nothing to worry about and everything's clean."" Officers observed multiple loose baggies containing marijuana in plain view. A search of M/V yielded nothing of evidentiary value. M/V was later determined to be used without registered owners permission. CJIS inquiry yielded active default felony warrant out of Brockton District court and XXXwas taken into custody for the warrant and VALS. During transport XXXkept requesting officers turn off their body worn camera's stating he could get officers, ""bricks of coke in 24 hours"", and further stated he had information to give to officers but refused to elaborate. XXXalso stated he now resides at XXXCoffey St, Dorchester. FIOE for Intel/to associate XXXwith Address as well as documenting behavior. H102A (D.Foley/Zammito)"
FC25004701,2025-08-30 10:44:00,,BOSTON,2118,Stopped,Probable Cause, Body Worn Camera,,Male,White,Unknown,34.0,Medium,Light,1,"While on directed patrol in the area of Worcester Sq, officers observed a male engaged in drug activity on the wall outside the lawn to Boston Medical Center. The suspect was identified asXXX (DOB: XX/XX/XXXXA CJIS inquiry revealed two active warrants. However, due to medical concerns he was denied at Nashua St. Advised to clear warrants when courts are open. It should be noted the suspect originally gave the name of his brotherXXX(DOB: XX/XX/XXXX"
FC25004736,2025-09-02 00:30:00,BORDER ST,EAST BOSTON,2128,Stopped,Probable Cause, Body Worn Camera,,Male,White,Hispanic Origin,26.0,,,1,"On Tuesday, 09/02/25 at 00""30 hrs., Officer Marando while on patrol of the Umana School at XXXBorder Street on site subject stop for trespassing. While entering the Umana School primary parking area, Officer Marando observed subject later identified as XXX seated on a bench with a black backpack on the bench. The subject then arose from the bench and immediately started to walk away from the officer. As the school is posted with No Loitering and No Trespassing signs throughout the property and being the time of night, the officer attempted to speak with the subject, but the subject continued to distance himself from the officer as he walked away. With black backpack and red bicycle now abandoned, this was the experience of the officer of a subject to be in the possession of either drugs or a firearm. The officer then requested assistance due to possibility of either item and continued to maintain his flashlight on the subject With the arrival of the G411A Unit, Officer Sullivan-Venezia, Officer Marando directed the subject to approach the officer and remove his hands from his black puffy / down type jacket. The subject approached the officer, removed his hands then quickly reached back into his right front jacket pocket, forcing the officer to withdraw his firearm anticipating the subject to also withdraw a firearm. Officer Sullivan-Venezia then jumped the chain link fence and secured the right arm and hand of the subject while officer Marando secured the subjects left hand. The subject resisted the officer's attempts to secure him, requiring the additional assistance of responding Officer Pels in the GT55A Unit. The combined efforts of all three officers were required to safely restrain and handcuff the subject pending a thorough frisk fro weapons to no avail. Officer Marando then performed a search of the path the subject took for discarded drugs or weapons to no avail. A CJIS query was performed by the officer also for criminal history information and outstanding warrants to no avail. The subject was informed he was trespassing and further informed why he was treated in the manner he was and he apologized and departed the property. A photo is attached to this report for a full physical description of the subject.XXX"
FC25004804,2025-09-03 18:30:00,,BOSTON,2118,Stopped,Encounter," Homeless, Drugs, Body Worn Camera",,Male,Black,Not of Hispanic Origin,36.0,Thin,Medium Brown,0,"Officers responded to a radio call to investigate drug usage at the Newland Street Park. Upon arrival, Officers encountered XXX XX/XX/XXXXon a park bench. XXX was observed to be under the influence of an unknown substance and drug paraphernalia was present in his immediate area. He was dressed in dirty, unkept clothing and appeared disheveled. All services were declined. XXX has 26 on the BOP to include several firearm violations. FIOE for ID purposes. YD04(Guzman) D621/623 (Martinez/Jean)"
FC25004852,2025-09-08 11:40:00,MELNEA CASS BLVD,ROXBURY,2119,Stopped,Probable Cause," Body Worn Camera, Drugs, Homeless",,Female,White,Not of Hispanic Origin,37.0,Thin,Light,0,Officers assigned to Mass and Cass observed several people who had been sat on the public sidewalk and had been impeding the path of foot traffic at XXXMelnea Cass Blvd. It should be noted that officers observed Ms. XXX who is known to frequent the Mass and Cass area and use narcotics. Officers observed several large suitcases and carts containing various clothing items that Ms. XXXusually has with her. Officers observed Ms. XXXto start collect some of the strewn items into her carts. She stated that she still was staying on the streets and did not like the shelters. Officers observed her hands to be swollen with several small cuts and bruises to her body. She stated that at this time she still was refusing officer services or detox treatment programs. Officers observed her to be unbathed and in soiled clothing. It should be noted that officers also observed several needles amongst the items inside of her carts.
FC25004864,2025-09-08 18:00:00,ROXBURY ST,ROXBURY,2119,Stopped,Probable Cause," Drugs, Homeless",,Male,White,Unknown,41.0,Heavy,,1,"Officers assigned to Mass and Cass observed Mr. XXX standing in the parking lot of XXX Roxbury St which has several no posted/no trespassing signs. Officers approached and observed Mr. XXXto be holding a burnt crackpipe and was instructed to drop it onto the ground. Officers observed him to have shaking hands, dilated pupils, and rapid speech. Officers are familiar with Mr. XXXfrom several drug related interactions around the Mass and Cass area. Officers inquired if he was interested in doing a treatment program or entering into detox for his substance use. Mr. XXXstated that he had been thinking about entering into treatment and wished to no longer use substances. He avidly stated to officers that he did not want to go at this time but that he wanted to go at 8:00 AM on Monday morning, 09/15/25, and that he would be available to meet with officers at XXXSouthampton Men's Shelter. He stated that he was eager to attend treatment then."
FC25004865,2025-09-08 19:10:00,MARVIN ST,BOSTON,2119,Stopped,Probable Cause, Drugs,,Male,Black,Unknown,59.0,Medium,Dark Brown,1,"Officers assigned to Mass and Cass observed Mr. XXX in a seated position along the fence of the public sidewalk at XXX Marvin St. Officers approached and observed Mr. XXXto be holding a burnt crackpipe in his hand which he had placed onto the floor when officers approached. He stated that he often does not use crack cocaine but that he did enjoy it from time to time. Officers observed him to have dilated pupils with hurried and repetitive speech. Officers stated that they could assist with immediate transportation to a treatment facility, he stated because he is not a frequent user that he is absolutely not willing to enter into treatment at this time."
FC25004882,2025-09-09 09:50:00,,ROXBURY,2118,Stopped,Probable Cause," Homeless, Drugs",,Male,White,Not of Hispanic Origin,41.0,Thin,Light,0,"Officers assigned to NEST observed Mr. XXX sat in the middle of the sidewalk near the intersection of Southampton St & Topeka St. Officers approached and observed a crackpipe, wooden stick , and metal stick inside extending from his open bag. Mr. XXXappeared to be unbathed and in soiled clothing. He stated that he is currently unhoused and is not staying at any shelter. He stated that he is not currently willing to seek treatment for his crack cocaine use at this time. The crackpipe was confiscated and informed that he could not impede the flow of foot traffic."
FC25004888,2025-09-09 10:00:00,MELNEA CASS BLVD,ROXBURY,2119,Stopped,Probable Cause," Homeless, Body Worn Camera, Drugs",,Male,White,Hispanic Origin,40.0,Thin,Light Brown,0,Officers assigned to NEST observed Mr. XXX in a hunched over position on the footpath of XXX Melnea Cass Blvd which is privately maintained by the business owners with posted no trespassing signs. Officers approached and observed various items strewn from the bag onto the path and greenspace. Officers observed a crackpipe in the vicinity of Mr. XXXthat appeared to be burnt. Officers observed him to be unsteady on his feet with widened dilated pupils. He had been trying to place the items back into his bag and officers had instructed him to stop and pointed to the posted signs. A CJIS query yielded negative for active warrants. Officers offered several detox and substance use treatment options to which he avidly refused at this time.
FC25004881,2025-09-09 11:30:00,DARTMOUTH ST,BOSTON,2116,Stopped,Reasonable Suspicion ," Body Worn Camera, Homeless, Drugs",,Male,Black,Hispanic Origin,44.0,Thin,Medium,0,Officers assigned to NEST observed Mr. XXX smoking a cigarette on the bench outside of the MBTA Back Bay station with several items from bags strewn over the bench and ground. Officers observed several posted no loitering/no trespassing signs above and around Mr. XXXOfficers observed a blue thick rubber band coming used to inject narcotics. He appeared to have delayed speech and movements with dilated pupils and several open sores on his exposed hands. It should be noted that Mr. XXXavidly stated that he was not willing to attend detox or substance treatment at this time.
FC25004911,2025-09-10 14:43:00,,ROXBURY,2118,Stopped,Probable Cause, Drugs,,Male,Black,Not of Hispanic Origin,47.0,Medium,,1,"On Wednesday, September 10, 2025, members of the Area D-4 Drug Control Unit, under the supervision of Sgt. Stoddard placed XXX under arrest for Distribution Of Class B Drugs, Trafficking Class A Drugs, Possession With Intent Class B Drugs and Conspiracy To Violate The Drug Laws.XXX was also placed under arrest for Distribution Of Class B Drugs and Conspiracy To Violate the drug laws.XXXduring the drug transaction."
FC25004933,2025-09-11 15:12:00,SOUTHAMPTON ST,ROXBURY,2118,Stopped,Probable Cause," Homeless, Body Worn Camera, Drugs",,Male,White,Not of Hispanic Origin,44.0,Thin,OTHER,0,"Officers assigned to NEST observed Mr. XXXsat on the public sidewalk at XXXSouthampton Street. Officers approached and he had come to a standing position, and officers observed an empty syringe in close proximity to be near where he had been sitting. He stated that he had recently relapsed with his substance use but stated that he would be interested in attending detox at some point soon but avidly refused treatment at this time."
FC25004961,2025-09-12 12:45:00,,BOSTON,2111,Stopped,Probable Cause, Homeless,,Male,Black,Not of Hispanic Origin,45.0,Thin,,1,"On 9/12/25, Sgt Byrne (A909) as the Anti-Crime Supervisor assigned to the A-1 Safety Initiative conducted a drug investigation in the area of Oxford Pl On Friday September 12th, 2025 at about 12:45pm, Sgt Byrne while conducting mobile foot surveillance on Oxford Pl observed a b/m wearing a black shirt, shorts and a bandana on head (later identified as XXX- XX/XX/XXXXseat on a steps near XXXOxford Pl with multiple shopping bags in front of him. Oxford Pl is marked ""No Trespassing"" in multiple locations. It is also commonly used as place to distribute/ingest drugs due to its secluded location and lack of public view. Its is also know as a place for illegal resale of goods. Sgt Byrne identified himself as a Police Officer, informed XXXthat he was trespassing and asked about the bags in front of XXXXXXinformed Sgt Byrne that he was just resting and that the bags were his. XXXthen handed Sgt Byrne a receipt for some of the items in the bag. Sgt Byrne inquired if XXXhad any drugs or paraphernalia on his person and asked XXXto stand up. Once XXXstood up, he removed his left hand from his pocket which was wrapped in an ace bandage, quickly passed item(s) to his right and placed his hand quickly to his mouth immediately making swallowing motions. Sgt Byrne informed XXXthat he believed he had just swallowed drugs and asked if he needed medical attention. XXXdenied swallowing drugs stating he just ate some candy then pointed at his bags. Sgt Byrne informed XXXthat he could be arrested for trespassing and continued to inquire about the items swallowed. XXXeventually stated it was ""less than a gram"" and still denied needing medical attention. Sgt Byrne then directed XXXout of the Area and reminded him that it was a trespassing area."
FC25005023,2025-09-16 17:28:00,TREMONT ST,BOSTON,2118,Stopped,Reasonable Suspicion ," Drugs, Homeless, Body Worn Camera",,Female,White,Hispanic Origin,36.0,Thin,Medium,0,"At about 5:28 PM on Tuesday, 9/16/25, Officer Sparrow (D621F) and Officer Kersey (D623F) responded to the alley between XXXTremont St and XXXTremont St for reports of dug activity. Upon arrival, officers encounteredXXX seated in the alley, obscured by a dumpster with several uncapped needles strewn about her. Officers had XXXexit the alley. After confirming her identity and confirming she had no warrants, officers instructed her to remove the needles from the alley and not return."
FC25005057,2025-09-18 12:30:00,MASSACHUSETTS AVE & MELNEA CASS BLVD,BOSTON,2119,Stopped,Probable Cause," Homeless, Drugs",,Male,Black,Hispanic Origin,42.0,Medium,Light Brown,0,"At about 12:30 p.m. on Thursday, 9/18/2025, Officer Lajara, while on patrol in the area of Mass & Cass, observed Mass & Cass affiliate XXX has a history of acute substance use and has been apprehended on Section 35s in the past. Ms. XXXwho was among a group engaging in active drug use, was asked if she was interested in voluntary services for her substance use, but declined. She was advised to reach out to SOU and her providers if she needs further assistance."
FC25005107,2025-09-20 00:00:00,CITY HALL PLZ,BOSTON,2203,Stopped,Reasonable Suspicion , Body Worn Camera,,Male,Black,Not of Hispanic Origin,44.0,Thin,Dark Brown,1,"Officers encountered the suspect Mr. XXX XX/XX/XXXXsitting on the benches behind the Government Center transit line. Officers saw what appeared to be a plastic bag in the suspect XXXleft hand leaning over on the bench. Officers know this area to be a known drug usage area and a consistent quality of life issue in the Downtown area. Officers are also aware of the suspect having 13 prior drug related charges including possession and distribution. Officers immediately ordered the suspect to stop moving and ordered him to leave his hands on the bench. Officers detained the suspect but were unable to recover the plastic bag due to the suspect shoving the bag in between the benches. Officers asked the suspect if he had anything else on him to which he answered ""yes"" and informed Officers he had a ""crack pipe"" in his right pocket. Officers confiscated the crack pipe from the suspect. Officers released the suspect and advised him to leave the area. FIOE for intel purposes A102F (McDonough/Ganss)"
FC25005161,2025-09-22 19:00:00,GREENWOOD ST,DORCHESTER,2121,Stopped,Probable Cause, Body Worn Camera,Passenger Car/ Automobile,Male,Black,Not of Hispanic Origin,26.0,Medium,,0,"T/S of a silver chevy malibu bearing MA REG XXXfor excessive window tints (90/9D) at XXX Greenwood St, Dorchester. Operator:XXX(DOB: XX/XX/XXXX//XXX previous f/as and 94c) Clothing: Black Nike sweatshirt and grey sweatpants. Officers observed a black leather satchel on the passenger seat and XXXstarted going through the bag stating, ""don't worry it's just my weed stuff"". XXXalso stated it was his friend's car (XXX) and he was letting him use it. XXXwas cordial with officers throughout the entirety of the traffic stop. Driver side window tint measured at 3%. Verbal warning issued. C112F (Williams/Mulrean)"
FC25005169,2025-09-23 21:58:00,LANCASTER ST,BOSTON,2114,Stopped,Probable Cause," Drugs, Body Worn Camera",,Male,Black,Not of Hispanic Origin,39.0,Medium,,1,"About 9:58pm, Officers stopped XXX (DOB XX/XX/XXXXafter observing him smoking a crack-pipe across from XXXLancaster St., Downtown. Officers stopped XXXwho produced a glass pipe with crack residue which he admitted to just taking a hit. XXXstated he lives in the North End and has an addiction and tries to stay out of trouble otherwise. Officers conducted a search of XXXfor further drug evidence which yielded negative results. XXXstated he is from Maine and was sober for 1 year prior but has struggled after relapsing. CJIS revealed XXXto have a limited BOP in MA but a prior guilty conviction of ADW- Knife. FIO'ed and released. AK02F (Marchand / Hiltunen / Petruzziello)"
FC25005307,2025-10-01 14:30:00,ALBANY ST,BOSTON,2118,Stopped,Probable Cause," Drugs, Homeless",,Female,White,Unknown,28.0,Thin,Light,0,"At about 2:30 pm, on Wednesday, 10/01/2025, Sgt. Moscaritolo (Y914) and Officer Lajara (YD56), while on patrol near Mass Ave. & Albany St., engagedXXX who is well known to SOU and providers in the Mass and Cass area. Ms. XXXappeared dysregulated and was limping as a result of a fall. She stated that she was about 2 weeks pregnant and ""has not used"" in approximately two days. It should be noted that Ms. XXXhad blood on her neck, which is indicative of intravenous drug use. She was also in possession of a new pack of ""Easy Touch"" syringes, which are included in harm-reduction kits. Ms. XXXproviders were notified and will follow up to connect her with a PCP. Ms. XXXrefused voluntary services and left the area."
FC25005333,2025-10-02 19:30:00,MASSACHUSETTS AVE,BOSTON,2118,Stopped,Probable Cause," Homeless, Drugs",,Female,White,Not of Hispanic Origin,35.0,Thin,Light,0,"At about 7:30 pm, on Thursday, 10/2/25, Sgt. Moscaritolo (Y914) and Officer Lajara (YD56), while on patrol in the area of Mass & Cass, observed subject XXX sitting in front of XXXMass Ave, smoking crack cocaine from a glass pipe. Ms. XXXwas not interested in voluntary services for her active substance use. Providers assigned to the Mass & Cass area were notified and will be following up with Ms. XXXto offer additional services."
FC25005350,2025-10-03 10:00:00,ATKINSON ST,ROXBURY,2118,Stopped,Probable Cause," Drugs, Homeless",,Female,White,Hispanic Origin,32.0,Medium,Light,1,"At about 10 am, on Friday, 10/3/25, Officer Lajara (YD56) observed subject,XXX sitting in front of XXXAtkinson Street in a sedated state. She appeared to be under the influence and was surrounded by discarded syringes and drug paraphernalia commonly found in harm reduction kits. Ms. XXXappeared unbathed, disheveled, and disorganized. She was advised to self-report to SPOT or Safe and Sound for additional support services related to her ongoing substance use."
FC25005371,2025-10-04 20:30:00,CITY HALL PLZ,BOSTON,2203,Stopped,Reasonable Suspicion ," Drugs, Body Worn Camera",,Male to Female Transgender,Black,Unknown,21.0,,,0,"At 8:30 PM on 10/4/25, the Officer located and positively identified a fourth person, who matched the description of a subject observed by Ofc. Muckerhide interacting with suspect #2 shortly after Officer's stopped XXXsitting in the same place behind MBTA Government Center Station:XXX(DOB XX/XX/XXXX- open ABPO, ABDW charges out of Sommerville.XXX stated to the Officer she smokes crack cocaine and confirmed she was with suspect #2 that afternoon but did not know him by name. She also stated that she was ""looking to buy"" crack cocaine, but did not have enough money to do it today.XXX is new to downtown Boston and was just discharged from MGH for psychiatric treatment. FIOE'd to associateXXX to the district and to suspect #2. Ostholthoff (AG02F)"
FC25005451,2025-10-08 16:30:00,ALBANY ST,BOSTON,2118,Stopped,Probable Cause," Drugs, Homeless",,Male,Black,Not of Hispanic Origin,50.0,Thin,Medium,0,"At about 4:30 pm, on Wednesday, 10/8/25, Officer Lajara (YD56), while patrolling Mass & Albany, observedXXX in a dysregulated state and having difficulty staying still while communicating with officers. He appeared to be under the influence. He is known to engage in crack cocaine use."
FC25005439,2025-10-08 18:00:00,MASSACHUSETTS AVE & MELNEA CASS BLVD,BOSTON,2119,Stopped,Probable Cause," Homeless, Drugs",,Male,Black,Hispanic Origin,54.0,Medium,,0,"At about 6 pm, on Wednesday, 10/8/25, Sgt. Moscaritolo (Y914), Officer Lajara (YD56), and Officer Danilecki (YD13) encounteredXXXat the intersection on Mass & Cass. Although officers were able to converse with Mr. XXXhe appeared to be disoriented, had difficulty staying still. He admitted to officers that he had smoked crack cocaine a few minutes prior. He was offered voluntary treatment options for his substance use, but declined."
FC25005473,2025-10-10 11:45:00,SHAWMUT AVE,BOSTON,2119,Stopped,Reasonable Suspicion , Drugs,,Male,Black,Not of Hispanic Origin,53.0,Heavy,,1,"On Friday, October 10th, 2025, Sergeant Stoddard and Officer Vilvalex observed Mr.XXXngage in a hand-to-hand transaction with a male who is under investigation for drug violations. Sergeant Stoddard spoke with XXXand advised him of the officer's observations. XXXproduced a plastic bag of suspected Marijuana and stated that he did not purchase it from the male who he had just met with. XXXfurther stated that he had the Marijuana on his person prior to meeting the male in the park. Sergeant Stoddard searched XXXand no other drugs were recovered. XXXwas released on scene. Marijuana was returned to XXX"
FC25005548,2025-10-14 10:38:00,MASSACHUSETTS AVE & ALBANY ST,BOSTON,2118,Stopped,Probable Cause," Body Worn Camera, Drugs",,Male,White,Unknown,50.0,Medium,,1,Officers observedXXXon the corner of Mass Ave and Albany Street with multiple unidentified individuals. XXXwas observed smoking from the pipe which was no longer in his hand upon Officers' arrival. XXXtold Officers he threw the pipe upon approach. Officers located the pipe and nothing else was found after a subsequent search for drugs. Negative warrants in CJIS.
FC25005581,2025-10-16 17:10:00,MASSACHUSETTS AVE,BOSTON,2118,Stopped,Reasonable Suspicion ," Body Worn Camera, Drugs",,Male,White,Not of Hispanic Origin,45.0,Medium,,1,Officers observed XXX walking on Mass Ave with a crack pipe in his hand. Officers stopped XXXwho stated he was cleaning his pipe. XXXwas cooperative with Officers during the interaction. The pipe and a hypodermic needle were removed and disposed of. XXXreleased for medical services.
FC25005614,2025-10-16 17:55:00,GOODALE RD,MATTAPAN,2126,Stopped,Reasonable Suspicion , Drugs,Suv (sport Utility Vehicle),Female,Black,Hispanic Origin,61.0,,,1,Members of the B-3 DCU were conducting an investigation at an address which will be omitted due to an ongoing drug investigation. Officers observed XXX arrive at the omitted address in MA REG: XXX Ms. XXX was observed entering and exiting the omitted address within 5 minutes and then entered the motor vehicle and left the area. Officers followed the vehicle to XXXGoodale Rd. Sgt Det Champagnie conducted a traffic stop at this location. Officers approached the m/v and spoke with Ms. XXX. She was forthcoming and stated to Officers that she had just finished smoking what she bought. Officers requested the assistance from a female officer to assist with a Code 28. Officers from B-3 conducted a code 28 which yielded negative findings. Ms. XXX was FIO'd and released.
FC25005607,2025-10-17 11:26:00,,ROXBURY,2119,Stopped,Reasonable Suspicion ,,Passenger Car/ Automobile,Male,Black,Not of Hispanic Origin,39.0,Thin,Medium,1,"YVSF intel - VK23 Officers observed MA reg: XXXpull up and park at the intersection of Roxbury and Washington Streets. A CJIS query revealed the vehicle to have a cancelled registration. Officers conducted a traffic stop. The operator refused to roll his window all the way down, acted in an odd manic/nervous fashion, and reached between his legs toward the floorboard toward a fanny pack which was hanging on the shifter). The male was identified as XXX who was found to have a significant criminal history involving both guns and drug distribution. Given all of the above, XXXwas removed from the vehicle. He and the vehicle were frisked with negative results. XXXreported he recently purchased the vehicle but hasn't registered it yet. He was advised to do so, and to keep the vehicle in a driveway in the meantime. FIO'd and released."
FC25005616,2025-10-17 17:56:00,,MATTAPAN,2126,Stopped,Probable Cause,,,Female,Black,Not of Hispanic Origin,50.0,Thin,Medium Brown,1,"On Friday October 17, 2025, under the direction of S/D. Champagnie, members of the Drug Control unit detailed to District B3, did conduct an FIO with one,XXXXX/XX/XXXX On said date at about 05:56 PM, Officer did observe XXXpreparing to ingest drugs in the area mentioned above. Officers did conduct a threshold inquiry with XXXwith the assistance of the C425F unit (Po.'s Kennendy and Ali) and the C113F unit (PO.'s Araujo and Charles). XXXinformed the Officers she had already ingested the drugs prior to police interaction. A pat frisk of XXXpersons for any more drugs resulted in negative results."
FC25005632,2025-10-18 16:23:00,CHAUNCY ST,BOSTON,2111,Stopped,Reasonable Suspicion ," Homeless, Body Worn Camera",,Female,White,Not of Hispanic Origin,39.0,Thin,,0,"Officers were responding to a radio call for a removal at XXXChauncy St. Officers observed a white female wearing all black stumbling around on the sidewalk, bent over holding herself up by putting her hands on the ground. The woman claimed to be XXX but could not verify her identity. Officers identified her asXXX (DOB XX/XX/XXXXwho uses her ""sister's"" name as an alias. XXXwas observed to have her items scattered all over the sidewalk and multiple needles. Officers informed her to grab her belongings and leave the area. FIOE completed for intel. A113F Ganss / McDonough"
FC25005669,2025-10-20 06:11:00,,ROXBURY,2119,Stopped,Reasonable Suspicion ," Body Worn Camera, Homeless, Drugs, School",,Female,White,Not of Hispanic Origin,35.0,,,0,"While conducting a Code 19 in the area of Albany Street and Webber Street. The Officer encounteredXXX DOB XX/XX/XXXXsleeping in the parking lot area across from XXXAlbany Street. The Officer observed drug paraphernalia (closed syringes), condoms and other discarded items. During the encounter the Officer conducted a CJIS inquiry onXXX and noticed that she had a Default Warrant for her arrest out of Fall River (docket XXXissued on 10/26/16 by the Honorable Judge Gilbert Nadeau). XXXwas informed of the warrant and advised to go to court so that she can clear up the warrant at her earliest convenience. B660A Officer O'Neal."
FC25005667,2025-10-20 23:00:00,BLUE HILL AVE,DORCHESTER,2126,Stopped,Probable Cause," Drugs, Body Worn Camera",,Male,Black,Not of Hispanic Origin,38.0,,,1,SS of XXX DOB XX/XX/XXXX(prior 94c) at XXXBlue Hill ( Mobil Gas Station)XXX was observed congregating with a group of known individuals. Upon Officers entre into the MobilXXX was observed to immediately tuck his right hand behind his fanny pack as if to conceal an item. Officers conducted a pat frisk ofXXX which revealed a Jagged Crack Pipe officers properly disposed of it for safety concerns.XXX was FIO'd and released. C111F (Ali/Kennedy)
FC25005671,2025-10-20 23:55:00,MASSACHUSETTS AVE & ALBANY ST,BOSTON,2118,Stopped,Reasonable Suspicion ," Drugs, Body Worn Camera",,Male,Black,Hispanic Origin,58.0,Thin,,1,Officers observed a group huddled behind a concrete pillar in the area of Mass Ave and Albany Street. Officers approached as the area is littered with open air drug sales and use. Officers observed XXX holding a crack pipe and attempting to walk away after blowing smoke from his mouth. Officers spoke with XXXwho denied having any drugs. XXXwas searched for drugs to no avail.
FC25005672,2025-10-21 00:07:00,POMPEII ST,ROXBURY,2119,Stopped,Reasonable Suspicion ," Body Worn Camera, Drugs",,Female,White,Not of Hispanic Origin,34.0,Thin,Light,1,"Officers observed XXX hunched over in the middle of Pompeii Street. Officers are familiar with XXXand know her to be a frequent IV drug user in the area of Mass Ave. Officers approached XXXwho appeared to be under some level of intoxication. XXXhad needles visibly sticking out of her pockets, and multiple open sores and lacerations on her face and hands. XXXwas ultimately transported to a shelter for services."
FC25005683,2025-10-21 09:00:00,TREMONT ST,BOSTON,2111,Stopped,Reasonable Suspicion , Body Worn Camera,Passenger Car/ Automobile,Male,Black,Not of Hispanic Origin,58.0,Muscular,Dark,0,"T- Stop (VAL's and blocking traffic) on a Blue Acura TSX (MA Reg: XXXat XXXTremont Street, Downtown. Operator/ Registered owner:XXX DOB XX/XX/XXXX- Open Case out of Boston District Court for Distribution Class B. Officers are familiar with XXXfrom drug related offenses in the area of Tremont Street and the Boston Common. XXXvehicle has been seen in the area recently with a large amount of known drug users walking up and hanging around his car for extended periods of time. Sgt Wallace (A900) while working in the CSO office has also been receiving complaints from local residents and business owners of a blue Acura (matching XXX registration) blocking traffic along Tremont Street and on Winter Street. These same residents have also informed Sgt. Wallace that they also have noticed a consistent and large group of homeless individuals around the vehicle. XXXstated he had recently just became homeless and has been staying in the area because its close to the bank where he gets his checks. XXXwas cordial during the duration of the stop. FIOE'd for intel McCullough/Ostholthoff (AK01D)"
FC25005674,2025-10-21 10:00:00,RUSFIELD ST,BOSTON,2119,Stopped,Reasonable Suspicion ," Body Worn Camera, Drugs",,Female,White,Not of Hispanic Origin,40.0,Thin,,1,Officers observedXXXtXXXRusfield sitting on a wall with multiple pieces of drug paraphernalia around her. XXXwalked away as Officers approached at which point Officers observed multiple crack pipes and needles in her bag in plain view. Officers searched XXXfor drugs to no avail. XXXdeclined detox services and stated she was going to a different program. YD270 (Charles-Sampson) YD271 (Freeman) YD272 (Lukas) YD273 (Scott)
FC25005791,2025-10-27 18:41:00,NORTHAMPTON ST,ROXBURY,2118,Stopped,Reasonable Suspicion ," Gun, Homeless, Body Worn Camera",,Male,Black,Hispanic Origin,27.0,,,1,"On 10/27/25 at approximately 4:46pm, several District 4 Officers responded to a radio call for a Person with a Gun in the area of XXXCamden St (I252091011). In this incident a light skin black male with dreadlocks and wearing a grey sweatsuit threatened to shoot individuals, with no firearm being shown. This male was stopped nearby at Shawmut Ave and Camden St and was identified as Mr.XXX. A pat-frisk of Mr. XXXas well as a canvass of the area was negative for a firearm. Mr. XXXdisplayed erratic behavior during this encounter, at one point shouting out to a female walking by as if he knew her. This individual clearly appeared to have no knowledge of who Mr. XXXwas. Additionally, Mr. XXXstated that he is originally from North Carolina and is now homeless in the Boston area, seeking services that the city provides. Mr. XXXcontinued to inform Officers that he is a drug user and did appear to display signs of an individual who may be under the influence of narcotics. At approximately 6:49pm, Officers Martinez and McNeil (D101F) were flagged down by a female at nearby XXXNorthampton St, informing Officers a male tried to pull her out of her vehicle. The description provided of the suspect, as well as these concerning behaviors, matched that of Mr. XXX. District 4 Officers began to canvass the area for the suspect from this incident and while doing so, another 911 call was entered in the area of XXXHarrison Ave for a male ""doing gun gestures"". This individual also matched the description of Mr. XXX. Shortly after, Officers Sandoval and Zanini (D425F) were able to stop the individual from this incident who was in fact Mr. XXX. At this time, a ""Bring Back"" was conducted with the victim from Northampton St who did positively identify Mr. XXX. While awaiting the start of the ""Bring Back"" procedure, Mr. XXXdisplayed concerning behavior, making numerous references to Officers Department issued firearms, as well making a statement along the lines of ""I'm going to give you a reason to shoot me"". Mr. XXXwas aggressive with Officers, at times appearing to attempt to break free while being detained, as well as initially being non-compliant while being placed in the back of a marked cruiser. FIO conducted to document Mr. XXXs aggressive and concerning behavior, as well as for Officer safety purposes. DK01F (McDonough/Crowley)"
FC25005796,2025-10-28 12:55:00,MAVERICK SQ,EAST BOSTON,2128,Stopped,Reasonable Suspicion ," Homeless, Body Worn Camera",,Male,Black,Not of Hispanic Origin,31.0,Medium,Dark Brown,1,"About 12:55 AM on Tuesday 10/28/25 Officer Hooker in the GT55D responded to a radio call for Investigate possible drug traffic at XXXMaverick SQ, East Boston. Upon arrival the suspect identified as (XXX DOB XX/XX/XXXXwas standing in front of Burger King soliciting people. The Officer exited the cruiser to make contact with the suspect. The suspect was standing with both hand in his pocket. They suspect had a fanny pack/ purse style bag partially exposed under his jacket. The suspect was asked to remove his hands from his pockets. Due to the suspects body language and mannerisms, the suspect was briefly detained. The suspect was wearing stolen merchandise with security tags still intact. Upon a frisk of the suspect two CVS brand bottles of melatonin and a small amount of cannabis was in his bag. The suspect stated "" I'm homeless just trying to get money so I can eat Officer"" The suspect was notified that he will be verbally trespassed from The Burger King and refrain from soliciting in front of the establishment. The suspect went into the MBTA Blue Line station and left the area."
FC25005816,2025-10-28 13:21:00,TONAWANDA ST,DORCHESTER,2124,Stopped,Reasonable Suspicion ,,Suv (sport Utility Vehicle),Male,White,Hispanic Origin,37.0,Thin,,1,"Under the direction of S/D. Champagnie, members of the Drug COntrol Unit detailed to District B3, were in the area of Callender St and Boyden St, Dorchester, MA, conducting a drug investigation. On Tuesday October 29, 2025 at about 01:15 PM, members of the B3 DCU while conducting a drug investigation in the area mentioned above did observe a black Jeep bearing Mass Reg XXXarrive in the area. Officers further observed an unknown male exit a location which will be omitted due to an ongoing drug investigation exit the omitted location and proceed to the front drivers side of said M/V. The unknown male was further observed leaning into the front driver's side and and then leaning back out of the front driver's side door. Officers further observed said male then receiving an unknown amount of US currency from the driver of said M/V. Said male was then observed reentering the omitted location and said M/V begin to leave the area. Officers requested assistance via BPD Channels #3 & #6 with conducting a threshold with the operator of said M/V. Said M/V was stopped in the area of #XXX Tonawanda St, Dorchester. The operator was then identified as one,XXX (DOB XX/XX/XXXXXXX was untruthful with the Officers of his whereabouts prior to police interaction. When asked if he was in possession of any drugs or weapons, XXX informed the Officers he was in possession of marijuana and pointed to a black backpack that was located in the front passenger seat of said M/V. XXX was then asked to step out of said M/V and was then pat frisked for any drugs or weapons to no avail. Officer Leon looked inside of the backpack that was located in the front passenger seat and did observe a medium clear plastic containing a green leafy substance believed to be marijuana, a digital scale and packaging material. No items were recovered by the Officers for evidentiary purposes. XXX was FIO'ed and released from the scene. This investigation is still ongoing."
FC25005815,2025-10-29 17:12:00,,BOSTON,2116,Stopped,Reasonable Suspicion ,,,Male,Black,,62.0,,,1,"About 5:12pm on Wednesday, October 29, 2025, PO Vilvalex along with Sgt. Stoddard stopped and spoke with XXX (DOB. XX/XX/XXXXat the corner of Braddock Park and Columbus Ave, Boston. PO Vilvalex informed XXXof his Miranda Rights from a printed Miranda Card, to which XXXstated that he understood. Officers informed XXXof their observations leading up to XXXbeing stopped. Officers informed XXXthat they observed him get off of his bicycle and enter the front passenger seat of MA REG. XXXa black 2022 KIA K5 Sedan parked at the corner of Massachusetts Ave and Washington St. (Seven 11) Officers informed XXXthat moments later they observed him exit the motor vehicle and begin to make his way down Mass Ave. Officers informed XXXthat officers have conducted numerous drug investigations in the area of Mass Ave and Washington St, where drug dealers sometimes use their motor vehicle to deliver drugs to their buyers. Due to the actions of all parties involved officers informed XXXthat they believed that a drug transaction had occurred between him and the operator of the motor vehicle. XXXstated to officers that he met with the operator, and registered owner of the motor vehicle XXX (DOB. XX/XX/XXXXwho he works with. XXXstated that XXXbrought him his pay roll check and that he had no drugs on him. A search of XXXby PO Vilvalex yielded negative results for drugs, or drug paraphernalia. Officers released XXXforthwith."
FC25005869,2025-11-02 00:00:00,,BOSTON,2124,Stopped,Probable Cause, Body Worn Camera,Suv (sport Utility Vehicle),Male,Black,Not of Hispanic Origin,36.0,Thin,Medium,1,"About 0240 hours 11/02/2025 Officers observed XXX(Prior 94C) exit XXXIrma, a known after hours party location. Upon sight of officers, XXXquickly turned away from officers and reached into his waistband. Then immediately entered MA PAN XXX2024 Ford Escape and drive off. He failed to stop at the stop sign (89.9) at Irma and Callender. Officers were able to make a stop of the vehicle at Callender at Blue Hill. The front passenger was rocking his right leg back and forth nervously. An exit order was issued to the operator and the two passengers. Pat frisk of the occupants and the vehicle yielded negative results. All the occupants were extremely hostile and aggressive towards officers. They were yelling at officers, recording, flailing their arms, and not following simple commands by standing in the middle of the road. Due to these factors officers were not able to identify the other male and female occupant. A verbal waring for the above offense."
FC25005905,2025-11-04 11:15:00,MASSACHUSETTS AVE & ALBANY ST,BOSTON,2118,Stopped,Reasonable Suspicion , Body Worn Camera,,Male,White,Unknown,28.0,,,1,Officers observed XXX at Mass Ave and Albany Street. Officers believed XXXwas about to smoke crack as he was placing something into his pipe on the sidewalk. XXXstated he was using the pipe to smoke tobacco which he showed Officers. Officers did not find any additional pieces of paraphernalia or drugs on XXXXXXdeclined services and stated he was going into a detox program in Malden. YD270 (Charles-Sampson) YD271 (Freeman) YD272 (Lukas) YD273 (Scott)
FC25005958,2025-11-07 07:36:00,LEWIS ST,EAST BOSTON,2128,Stopped,Probable Cause," Homeless, Body Worn Camera",,Male,White,Not of Hispanic Origin,32.0,Medium,,1,"About 07:36 AM on Friday, November 7, 2025, Officers Jean and Houlihan in the G101D, assisting Units G201D Officers Londono and Polanco, responded to a radio call for UNABLE TO DETERMINE at XXXLewis East Boston. Prior to arrival, officers were notified by Channel 2 Dispatch that the Unknown 911 caller was reporting his friend ""stuck inside a public toilet."" at the location above. Upon arrival, Officers canvassed the area but could not locate the reporting party or victim. Officers were updated by channel 2 dispatch that Boston Fire and Boston EMS had cleared out and that the incident may have been resolved. While Officers were on scene, Officers were flagged down by a passerby who reported an individual possibly using drugs in the rear of the above location. Officers continued to the rear of XXXLewis Street, where they witnessed an individual with what appeared to be a needle in his hands. Officers witnessed the individual rummaging through his backpack. The officer stopped the individual and conducted a pat frisk. The individual did not have any weapons on his person. Using the Boston Police Mobile Data terminal (CJIS), Officers determined the party not to have active warrants. Officers were able to retrieve the loose needle and disposed of it in the District A-7 sharps container. Officers Londono and Polanco (G201) transported the individual to Maverick Train Station."
FC25005995,2025-11-09 17:00:00,OLD COLONY AVE,SOUTH BOSTON,2127,Stopped,Reasonable Suspicion ," Body Worn Camera, Drugs",,Male,White,Not of Hispanic Origin,38.0,Thin,Light,1,"R/c for Investigate Person-Suspicious Person at XXXJenkins St., South Boston. Caller stated he heard a commotion outside the aforementioned address and saw a male known to him as XXX give money to an unknown male with what appeared to be a white powdery substance and a live round in his hand. Caller showed Officers Ring footage of the exchange. Officers stopped XXXon the sidewalk in front of Rotary Liquors which he is known to frequent. Pat frisk yielded negative results. F102F (Madden/Mitchell)"
FC25006014,2025-11-10 21:50:00,,MATTAPAN,2126,Stopped,Reasonable Suspicion ,,,Male,Black,Not of Hispanic Origin,,,,0,"Under the direction of S/D. Champagnie, members of the Drug Control Unit, detailed to District B3, where in the area of Deering Rd and Harvard St, Dorchester, MA, conducting a drug investigation due to community complaints of drugs being sold in the area. While in the area mentioned above on Monday, November 10, 2025 at about 09:45 PM, Officer Leon, while conducting surveillance at a location which will be omitted due to an ongoing drug investigation, did observe an unknown male knocking on the front door of said location. Said male was then allowed inside by another unknown male. Within less then five minutes, the male that was observed knocking on the door, was observed exiting said location. Said male was described as a black male, about 6'01ft, 245lbs, wearing a red had grey coat, blue jeans and holding an umbrella. Officer Leon requested assistance via BPD Channel #3 with assistance in conducting a threshold inquiry with said male. Said male was stopped in the area of Greendale Rd and Courtland Rd by marked BPD units. Officers then identified themselves to said male. Said male refused to identify himself to the Officers and requested a supervisor. S/D. Champagnie arrived on scene and identified himself to said male and informed said male of the reason for the stop. Said male informed the Officers he was visiting his friend who he only knows as XXX and identified himself asXXX was released from the scene. Said investigation is still ongoing."
FC25006017,2025-11-11 01:15:00,QUINCY ST,DORCHESTER,2125,Stopped,Probable Cause, Body Worn Camera,Passenger Car/ Automobile,Male,Black,Unknown,19.0,Thin,Medium Brown,1,"STOP: T/S for VAL's (failure to turn on headlights) of a blue 2013 Honda Civic (MA: XXXat XXXQuincy st, Dorchester MA. Vehicle is a rental. OPERATOR:XXX (DOB: XX/XX/XXXXPrior F/A, ABDW, B&E. XXXis an XXX. BEHAVIOR: XXXfidgeted with his hands during the interaction and stared straight ahead, not speaking much with officers. His chest was visibly rising and falling rapidly at an abnormally fast pace that could be seen through the sweatshirt he had on. He was on facetime with his significant other who asked ""you don't have anything on you, right?"" Multiple baggies containing marijuana were observed in plain view. Due to the baggies seen in plain view paired with XXXbody language/demeanor, his girlfriends dialogue, and XXXpast history with carrying firearms/dangerous weapons, XXXand the vehicle were frisked to no avail. XXXwas issued a written warning for the VAL's FIO to associate XXXwith the vehicle/document behavior. BWC activated H102A (Zammito/ D. Foley)"
FC25006050,2025-11-13 13:55:00,,BOSTON,2111,Stopped,Probable Cause, Body Worn Camera,,Male,White,Hispanic Origin,46.0,Heavy,Light,0,YVSF - Observed what was believed to be a possible street level drug transaction. Advised XXX he was loitering directly under a no loitering sign and advised him to move along.
FC25006074,2025-11-14 12:45:00,,BOSTON,2118,Stopped,Probable Cause," Drugs, Homeless, Body Worn Camera",,Male,White,Not of Hispanic Origin,34.0,,,0,"At about 12:45 pm, on Friday, 11/14/25, Officer Lajara (YD56) encountered Mass & Cass affiliateXXX at the intersection of Southampton Street and Atkinson Street. Mr. XXXwas bent over, manipulating a small object in his hands. When Officer Lajara approached Mr. XXXthere was a used, uncapped syringe on the ground between his feet. Mr. XXXwas recently apprehended on a Section 35 and was only held for approximately two weeks. He was observed back in the Mass and Cass area shortly after his release from treatment. Officer Lajara was also notified by officers who work out of BPHC Police that Mr. XXXwas observed engaging in IV drug use in front of the shelter. A Section 35 will be sought for Mr. XXX"
FC25006138,2025-11-19 00:27:00,ARCH ST,BOSTON,2110,Stopped,Reasonable Suspicion ," Body Worn Camera, Homeless",,Male,Black,Not of Hispanic Origin,44.0,Thin,Dark Brown,1,"About 12:27 AM on Wednesday, 11/19/25, Officers observed XXX loitering in the doorway of XXXArch Street with a blanket over his head putting what appeared to officers as a crack pipe and lighter to his face. Officers stopped XXXand a search did not recover anything. XXXwas advised not to trespass in doorways. AK01A (Li / Lockwood)"
FC25006146,2025-11-19 16:30:00,MASSACHUSETTS AVE,BOSTON,2118,Stopped,Probable Cause," Section 35, Body Worn Camera, Drugs",,Male,Black,Not of Hispanic Origin,50.0,Thin,Medium,0,"At about 4:30 pm, on Wednesday, 11/19/25, Officer Lajara (YD56) encountered XXX in the area of XXXMass Ave. Mr. XXXwas observed smoking an unknown substance from a Dunkin’ Donuts straw. He appeared disheveled, unkempt, and disorganized. Mr. XXXwho was recently housed, refused transport to his apartment before leaving the area."
FC25006153,2025-11-19 21:17:00,CENTRE ST,JAMAICA PLAIN,2130,Stopped,Intel,,,Male,Black,Not of Hispanic Origin,51.0,Heavy,,1,"At about 9:17 P.M., on Wednesday, November 19th, 2025, Officers conducted a traffic stop at XXXCentre Street involving XXXwho has a CJIS criminal history for Possession to Distribute Class B, most recently dated 06/24/2024. While Officers conducted an exit order due to Mr. XXXoperating a motor vehicle with a suspended registration, a pat-frisk was performed. During an inventory search of the motor vehicle, Officers observed multiple empty baggies consistent with drug packaging but no drugs were found."
FC25006232,2025-11-25 09:20:00,,DORCHESTER,2125,Stopped,Reasonable Suspicion , Drugs,,Female,White,Not of Hispanic Origin,57.0,,,1,Officers did stop XXXin the area of Upham Ave. and Hancock St. pursuant to an ongoing drug investigation. After a brief time XXXwas released from the scene.
FC25006226,2025-11-25 09:54:00,REED ST,ROXBURY,2118,Stopped,Reasonable Suspicion , Body Worn Camera,,Male,White,Not of Hispanic Origin,38.0,Thin,Light,0,"Officers stopped XXX in the area of XXXReed Street. XXXhad been with a group that was surrounded by drug paraphernalia. XXXwas cooperative and explained that he had just returned to the city from a treatment facility. XXXdid not appear to be under the influence and stated that plans were in place for further services. YG01 (Lukas, Scott, Freeman, Charles-Sampson)"
FC25006227,2025-11-25 10:05:00,REED ST & E LENOX ST,BOSTON,2118,Stopped,Reasonable Suspicion , Body Worn Camera,,Male,White,Not of Hispanic Origin,43.0,Medium,,1,"Officers stoppedXXXr (prior armed robbery) on E Lenox at Reed Street. XXXwas observed to have needles and a cooker by his feet. XXXwas cooperative with Officers and stated he was going to a halfway house in Lynn. Officers offered to provide him transport which was declined. CJIS inquiry negative for active warrants. YG01 (Lukas, Scott, Freeman, Charles-Sampson)"
FC25006233,2025-11-25 12:13:00,COLUMBIA RD,DORCHESTER,2125,Stopped,Reasonable Suspicion , Drugs,,Female,White,Not of Hispanic Origin,32.0,Thin,,1,Officers did stopXXXin the area of XXXColumbia Rd. pursuant to an ongoing drug investigation. After a brief time Ms. XXXwas released from the scene.
FC25006321,2025-12-02 14:00:00,,BOSTON,2121,Stopped,Probable Cause," Drugs, Body Worn Camera",Passenger Car/ Automobile,Female,Black,Not of Hispanic Origin,55.0,Medium,Dark,0,"Between 2-3 PM, Officers observed NY: XXX(2025 Nissan Versa, rental) occupied by three individuals and parked in the area of Glenarm and Powelton Street. Officers continued to observe as multiple people who appeared to be drug users went to and from the car. Officers eventually stopped XXX around the corner after previously seeing her holding what appeared to be a bag of crack. XXXstated that one of the occupants of the vehicle, XXXallowed her to take a small amount of crack from the bag before she gave it back to him. XXXshowed Officers an unrecoverable amount of crack in her glass pipe. XXXappeared to be suffering from the effects of drug use and was advised to clear up a probation warrant the following morning. FIO'd and released. Officers were unable to relocate NY: XXX Adams/Harrington"
FC25006346,2025-12-03 17:40:00,ALLERTON ST & PEIRSON ST,BOSTON,2119,Stopped,Reasonable Suspicion ," Drugs, Body Worn Camera",,Female,Black,Not of Hispanic Origin,39.0,Thin,,0,"At about 5:40 pm, on Wednesday, 12/3/25, Officer Lajara (YD56), Officer Charles-Sampson, and Officer Lukas (YG01) stopped Mass & Cass XXXat the intersection of Pierson and Allerton Street. She was observed sitting on the sidewalk in 33-degree weather and was manipulating what appeared to be a crack pipe. Ms. XXXis known for her acute crack cocaine use and schizophrenia. Ms. XXXwas negative for warrants. She was offered the appropriate resources but declined before leaving the area."
FC25006380,2025-12-06 14:15:00,,BOSTON,2111,Stopped,Probable Cause, Body Worn Camera,Passenger Car/ Automobile,Unknown,Black,Hispanic Origin,24.0,,,1,"T/S at Harrison & Beach on a Black 2011 Mercedes C300 (MA REG XXXfor failure to stop at a red light. The vehicle took 1 block to stop and pull over when there were numerous places to stop. The operator,XXX(DOB XX/XX/XXXXrolled the windows down and smoke poured out of the windows. Officers requested a DL for the operator. At the same time Officers observed a large pocket knife in the driver side door panel and issued an exit order. XXXand the vehicle were frisked to no avail for additional weapons. CJIS inquiry revealed open case for possession to distribute class A & B out of Natick. Officers issued verbal warning for traffic violation. FIOE completed to associate to vehicle. AK01D Ganss / Ostholthoff"
FC25006411,2025-12-08 19:50:00,MASSACHUSETTS AVE,ROXBURY,2119,Stopped,Probable Cause," Body Worn Camera, Drugs",,Male,White,Hispanic Origin,30.0,Medium,,1,Officers stopped XXX (prior drug charges) in the area of XXXMass Ave after he was observed in a hand-to-hand drug transaction. Officers briefly placed XXXin handcuffs as he appeared to be preparing to run upon Officers' arrival. Officers were unable to locate drugs in XXXpossession but observed a large quantity of US currency in multiple pockets and a wallet. FIO'd and released. YG01 (Lukas / Scott / Charles-Sampson / Hamilton)
FC25006417,2025-12-09 10:45:00,,BOSTON,2119,Stopped,Reasonable Suspicion ," Body Worn Camera, Drugs",,Male,White,Not of Hispanic Origin,38.0,,,0,Officers observed XXXon the corner of Pompeii Street and Allerton Street with a glass pipe. XXXwas cordial with Officers and denied offers for services and detox. CJIS inquiry negative for warrants. YG01 (Lukas / Scott / Charles-Sampson / Freeman)
FC25006418,2025-12-09 10:45:00,RUSFIELD ST,BOSTON,2119,Stopped,Reasonable Suspicion ," Drugs, Body Worn Camera",,Female,White,Not of Hispanic Origin,34.0,,,1,"Officers stopped XXX at XXX Rusfield Street where they observed her in between U-Haul trucks hunched over as if smoking something. While speaking with Officers, XXXwas observed to have numerous pieces of drug paraphernalia sticking out from multiple unzipped pockets. Officers conducted a search for drugs which only yielded additional paraphernalia. CJIS inquiry negative for warrants. Officers attempted to provide XXXwith services to which she declined. YG01 (Lukas / Scott / Charles-Sampson / Freeman)"
FC25006423,2025-12-09 21:19:00,PUBLIC ALLEY 430,BOSTON,2115,Stopped,Reasonable Suspicion , Body Worn Camera,,Male,White,Not of Hispanic Origin,55.0,,,0,About 9:19 PM on 12/9/25 officers responded to a radio call where an unknown caller stated that he believed a male in a red coat was in possession of a stolen electric bike and that he had been selling drugs. Officers located Mr. XXXwearing a red coat and standing near a grey Velotric electric bike. The officers ran the serial number of XXXwithout locating a registry that stated it was stolen.
FC25006432,2025-12-10 10:00:00,,BOSTON,2118,Stopped,Reasonable Suspicion ," Body Worn Camera, Drugs",,Male,White,Not of Hispanic Origin,65.0,Thin,,1,Officers observedXXX in between two dumpsters with a crack pipe in the area of E Lenox and Fellows. Officers spoke with XXXwho apologized and stated he had just recently smoked. XXXwas searched for additional drugs to no avail. Detox services offered and declined. YG01 (Lukas / Scott / Charles-Sampson / Freeman)
FC25006539,2025-12-18 22:10:00,,DORCHESTER,2121,Stopped,Probable Cause, Body Worn Camera,Suv (sport Utility Vehicle),Male,Black,Not of Hispanic Origin,30.0,Medium,Dark Brown,1,"TS Bowdoin / Geneva MAREG XXXfor no front plate and a failed inspection Driver was XXX who has a guilty sentence for threating to murder and a dismissed assault to kill case. He also has a police report in Boston where he was in possession of a none working firearm. He was informed the reason of the stop and violations and nonsensically answered with ""im from Brockton"". He reported he was stopped by police the night before. He was shifting around his seat and took his ski mask off. He was rambling for minutes about how he is from Brockton and the police let him go. He repeated he did not consent to any searches unprovoked and then began praying and making spiritual signs. Officers inquired about the Marijuana in plain view. He nervously picked up the bag and moved it around. When asked about any weapons he picked up an empty plastic cup for no reason. He said, ""you can check the car, but I don't consent to searches."" He showed a location on his phone of where he was going unprovoked followed by 'I swear to god"" repeatedly. Officer assured him his nervous behavior especially with being stopped by the police last night with no reprimand was abnormal and that officers themselves were uncomfortable. He displayed hypervigilance of the police by telling them how long before the stop he had seen them. The totality of this behavior has been consistently seen in traffic stops that result in contraband/weapon recoveries. He then began calling his mother well into the stop. This behavior coupled with his criminal history led to a pat frisk of XXXand his vehicle yielded negative results and a verbal warning was given. All officers' observations were explained to XXX"
FC25006563,2025-12-20 19:00:00,,BOSTON,2119,Stopped,Reasonable Suspicion , Body Worn Camera,Suv (sport Utility Vehicle),Male,Black,Hispanic Origin,38.0,Muscular,,1,"TS for VALS (excessive window tints) MA REG: XXXat the intersection of Dale Street and Laurel Street, Roxbury Op: XXX(DOB: XX/XX/XXXXPrior F/A, Prior 94C Officers observed XXXchest rising and falling at an abnormal rate. Officers observed a fanny pack on the rear passenger seat within XXXgrabbing area. Officers observed a large vacuum sealed bag on the rear passenger floor board and other smaller plastic bags inside of the vehicle consistent with drug packaging. Officers issued an exit order of XXX. Pat frisk of XXX/vehicle resulted in negative results. Officers measured XXX tints which resulted with a 16% reading. XXX was confrontational during the exit order but became calm when the Officers explained their observations and actions. XXX was issued a verbal warning. FIO to document behavior and to associate with vehicle. BK02F/BK03F (Kadey/ Kovaleski/ O'Brien)"
FC25006568,2025-12-20 22:15:00,CENTRE ST,JAMAICA PLAIN,2130,Stopped,Probable Cause, Drugs,,Male,Black,Hispanic Origin,41.0,Medium,,1,"About 10:15pm on 12/20/25, Officer Wirkkala (Z437) and Barbosa (Z433) of the Boston Housing Police, conducted a vertical foot patrol of XXXCentre Street, Jamaica Plain. Officer Wirkkala entered the first-floor hallway and observed an older Hispanic male in his 50's-60's exiting the stairwell counting only a few dollar bills. The male was extremely short, wearing a black beanie and black jacket. The male exited XXXCentre St onto Bickford St. Officer Wirkkala entered the stairwell and heard noise coming from the second floor. As Officer Wirkkala turned the corner onto the second floor, he observedXXXDOB: XX/XX/XXXXholding a dollar bill with white powder in it. XXXimmediately started dumping the white powder onto the ground when he saw the officer. Officer Wirkkala asked ""What is that?"" to which XXXresponded ""Fentanyl"". XXXstated he did not have anything else on him and gave Officer Wirkkala verbal consent to search him. Officer Wirkkala recovered a large amount of USD in different denominations and a notebook in his back pocket, consistent with what would be used as a drug ledger. The property and behavior of XXXindicates that of a seller and not a user. XXXstated he was not a seller and had just bought the self-admitted fentanyl from the Hispanic male exiting. XXXstated he knows the other male as XXX It should be noted that XXXdid not have any drug paraphernalia on his person as many drug users normally have (pipes, syringes, etc.). XXXstated he is a resident of XXXCentre Street on the seventh floor, apartment XXX After the interaction, officers reviewed camera footage from the hallway of XXXCentre St and observed both males conducting what appeared to be a hand-to-hand drug transaction. FIO for Housing Police intel."
FC25006666,2025-12-30 16:55:00,SUMMER ST,BOSTON,2110,Stopped,Probable Cause," Homeless, Body Worn Camera",,Male,White,Not of Hispanic Origin,43.0,,,0,"Officers patrolling the DTX area were flagged down by 711 employees at XXXSummer St. Officers entered the store and were met by XXX (DOB XX/XX/XXXXwho is known to Officers from numerous encounters. XXXappeared to be highly intoxicated, slurring his words, stumbling, and yelling loudly with a blank stare. XXXwas also in possession of a crack pipe. Officers gave XXXa courtesy ride to XXXCourt St to avoid further incidents. FIOE completed to document interaction. A102F Ganss / McDonough"
